trial,participant,condition,position,nb_dist,departure_ms
1,18,Invalid,Rear,One_near,472.198486328125
3,18,Valid,Rear,One_far,389.495849609375
4,18,Valid,Rear,Three,535.003662109375
5,18,Valid,Rear,Zero,680.938720703125
6,18,Valid,Front,One_far,515.655517578125
7,18,Valid,Front,Three,721.74072265625
8,18,Invalid,Front,One_far,512.939453125
9,18,Valid,Rear,One_near,0.0
10,18,Valid,Rear,One_far,411.224365234375
11,18,Valid,Front,One_near,614.898681640625
12,18,Valid,Front,Zero,389.984130859375
13,18,Valid,Rear,One_near,452.484130859375
14,18,Valid,Rear,One_far,348.419189453125
15,18,Valid,Rear,One_far,453.277587890625
16,18,Valid,Front,Zero,534.24072265625
17,18,Valid,Rear,Three,474.639892578125
18,18,Invalid,Front,One_far,531.890869140625
20,18,Valid,Rear,Zero,718.56689453125
21,18,Valid,Front,Zero,494.68994140625
22,18,Valid,Rear,Three,368.34716796875
23,18,Valid,Rear,One_near,371.76513671875
24,18,Valid,Rear,One_near,350.7080078125
25,18,Invalid,Rear,One_near,555.11474609375
26,18,Valid,Rear,One_far,430.48095703125
27,18,Valid,Rear,Three,802.91748046875
28,18,Invalid,Rear,One_near,472.65625
29,18,Valid,Front,Zero,307.80029296875
30,18,Valid,Front,One_near,450.50048828125
31,18,Valid,Rear,Zero,412.04833984375
32,18,Valid,Rear,One_near,0.0
33,18,Valid,Front,One_near,474.06005859375
34,18,Valid,Front,One_far,515.80810546875
35,18,Valid,Rear,One_far,411.376953125
36,18,Valid,Front,One_far,535.15625
37,18,Invalid,Front,One_near,368.896484375
38,18,Invalid,Front,One_near,555.23681640625
39,18,Invalid,Front,One_far,410.33935546875
40,18,Invalid,Front,One_near,0.0
41,18,Valid,Front,Zero,452.20947265625
42,18,Valid,Rear,Zero,20.3857421875
44,18,Valid,Rear,Zero,0.0
45,18,Valid,Front,One_far,369.5068359375
46,18,Invalid,Front,Three,287.04833984375
47,18,Valid,Rear,Three,0.0
48,18,Valid,Front,One_near,328.91845703125
49,18,Valid,Rear,Zero,0.0
50,18,Valid,Front,Zero,573.18115234375
51,18,Valid,Front,Zero,409.423828125
52,18,Valid,Rear,One_far,0.0
53,18,Valid,Rear,One_near,492.12646484375
54,18,Valid,Rear,One_near,163.330078125
55,18,Valid,Rear,Three,331.11572265625
56,18,Valid,Front,Three,348.14453125
57,18,Valid,Front,Zero,287.353515625
58,18,Valid,Rear,One_near,328.9794921875
59,18,Valid,Front,Three,511.3525390625
60,18,Valid,Rear,One_near,143.310546875
61,18,Invalid,Front,Zero,0.0
62,18,Invalid,Rear,Zero,737.9150390625
63,18,Valid,Rear,Zero,614.6240234375
64,18,Valid,Rear,One_far,326.84326171875
65,18,Valid,Front,One_near,348.57177734375
66,18,Valid,Front,One_near,391.29638671875
67,18,Valid,Front,One_far,0.0
68,18,Valid,Front,One_near,0.0
71,18,Valid,Front,Zero,307.43408203125
72,18,Valid,Front,One_far,431.82373046875
73,18,Valid,Rear,Zero,657.16552734375
74,18,Valid,Front,Three,451.66015625
75,18,Invalid,Rear,Three,370.42236328125
76,18,Valid,Front,One_far,307.6171875
77,18,Valid,Rear,One_near,308.4716796875
78,18,Invalid,Rear,Three,350.4638671875
79,18,Valid,Rear,Zero,594.7265625
80,18,Valid,Rear,Three,369.5068359375
81,18,Valid,Front,Three,307.12890625
82,18,Valid,Front,Zero,451.171875
83,18,Invalid,Front,Zero,0.0
85,18,Valid,Front,Three,369.7509765625
86,18,Valid,Front,Three,266.845703125
87,18,Valid,Front,One_near,0.0
88,18,Valid,Front,One_near,0.0
89,18,Valid,Front,Zero,0.0
90,18,Valid,Front,Three,0.0
91,18,Invalid,Front,Zero,0.0
92,18,Valid,Front,One_far,0.0
93,18,Valid,Rear,Three,0.0
94,18,Invalid,Front,One_near,390.5029296875
95,18,Valid,Front,Zero,267.08984375
96,18,Valid,Front,One_near,245.60546875
97,18,Valid,Rear,One_near,286.4990234375
99,18,Invalid,Front,Zero,
100,18,Valid,Front,Three,431.7626953125
101,18,Valid,Front,One_far,452.7587890625
102,18,Valid,Rear,One_near,474.853515625
103,18,Valid,Rear,Three,388.427734375
104,18,Invalid,Rear,One_far,389.6484375
106,18,Valid,Front,One_near,389.5263671875
107,18,Valid,Rear,One_near,1232.2998046875
108,18,Valid,Front,One_far,409.7900390625
109,18,Valid,Front,Three,
110,18,Valid,Rear,One_near,370.361328125
111,18,Valid,Rear,One_far,798.4619140625
112,18,Valid,Rear,One_near,614.501953125
114,18,Valid,Rear,One_far,307.6171875
115,18,Valid,Front,One_near,431.15234375
116,18,Invalid,Front,One_far,
117,18,Invalid,Front,Three,493.1640625
118,18,Valid,Rear,Three,596.8017578125
120,18,Valid,Rear,Three,369.140625
121,18,Valid,Rear,One_far,452.2705078125
122,18,Valid,Front,One_far,369.62890625
123,18,Valid,Front,One_far,0.0
125,18,Valid,Rear,Three,574.21875
126,18,Valid,Front,One_far,
127,18,Valid,Front,Three,0.0
128,18,Valid,Front,One_near,0.0
129,18,Valid,Front,Zero,0.0
130,18,Valid,Front,Three,0.0
131,18,Valid,Front,One_far,307.6171875
132,18,Invalid,Rear,One_near,0.0
133,18,Valid,Front,One_far,695.556640625
134,18,Valid,Rear,Three,122.9248046875
135,18,Valid,Front,Zero,0.0
136,18,Valid,Rear,Zero,0.0
137,18,Valid,Rear,One_far,123.6572265625
138,18,Valid,Rear,Three,0.0
139,18,Valid,Rear,Three,0.0
140,18,Valid,Front,One_near,452.880859375
141,18,Valid,Front,One_near,327.63671875
142,18,Invalid,Front,Three,0.0
143,18,Valid,Rear,One_far,0.0
144,18,Valid,Rear,Three,553.1005859375
145,18,Valid,Front,One_near,473.14453125
146,18,Valid,Front,Three,348.5107421875
147,18,Valid,Front,Three,471.6796875
148,18,Valid,Rear,Zero,0.0
150,18,Valid,Rear,One_near,573.8525390625
151,18,Valid,Rear,Zero,656.73828125
152,18,Valid,Rear,Zero,20.99609375
153,18,Valid,Rear,Zero,635.986328125
154,18,Valid,Rear,Zero,636.8408203125
156,18,Valid,Front,One_far,0.0
157,18,Invalid,Front,Three,0.0
158,18,Valid,Front,Three,0.0
159,18,Valid,Front,Three,0.0
160,18,Invalid,Rear,One_far,0.0
161,1,Valid,Rear,One_near,371.185302734375
162,1,Valid,Front,Zero,330.963134765625
163,1,Valid,Rear,Zero,496.15478515625
164,1,Valid,Front,Zero,413.421630859375
166,1,Valid,Rear,One_near,391.448974609375
167,1,Valid,Rear,One_far,536.9873046875
168,1,Invalid,Rear,One_near,680.0537109375
169,1,Valid,Front,Zero,371.124267578125
170,1,Valid,Rear,Three,371.307373046875
171,1,Valid,Rear,Three,373.6572265625
172,1,Valid,Front,Three,579.1015625
173,1,Valid,Rear,One_near,638.336181640625
174,1,Valid,Front,Three,598.114013671875
175,1,Valid,Rear,Zero,642.425537109375
176,1,Invalid,Front,Three,640.594482421875
177,1,Valid,Front,Three,390.31982421875
178,1,Valid,Rear,One_far,475.250244140625
179,1,Invalid,Front,One_far,659.820556640625
180,1,Valid,Front,Three,579.071044921875
181,1,Valid,Rear,Zero,474.151611328125
182,1,Valid,Rear,One_far,516.11328125
183,1,Valid,Front,One_far,392.669677734375
184,1,Valid,Rear,Zero,474.609375
185,1,Valid,Front,One_near,392.364501953125
186,1,Invalid,Front,Three,639.0380859375
187,1,Valid,Rear,One_far,640.19775390625
188,1,Valid,Rear,Zero,683.837890625
189,1,Valid,Front,Three,453.67431640625
190,1,Valid,Front,One_far,433.59375
191,1,Valid,Front,Zero,432.92236328125
192,1,Valid,Rear,One_far,432.55615234375
193,1,Valid,Rear,Three,413.0859375
194,1,Valid,Rear,One_near,455.01708984375
195,1,Valid,Rear,Three,579.28466796875
196,1,Valid,Rear,One_near,474.2431640625
197,1,Invalid,Front,One_near,350.76904296875
198,1,Invalid,Rear,One_far,412.4755859375
199,1,Valid,Front,Three,454.16259765625
200,1,Valid,Front,One_far,456.60400390625
201,1,Valid,Rear,One_far,412.41455078125
203,1,Valid,Front,Three,372.13134765625
204,1,Valid,Front,One_far,372.37548828125
205,1,Invalid,Front,One_far,353.1494140625
206,1,Valid,Front,One_near,353.02734375
207,1,Valid,Front,Zero,434.02099609375
208,1,Valid,Rear,One_near,356.62841796875
209,1,Invalid,Rear,Zero,497.1923828125
210,1,Valid,Front,Three,330.6884765625
211,1,Valid,Front,Three,352.6611328125
212,1,Valid,Front,One_near,308.9599609375
213,1,Valid,Rear,One_far,474.79248046875
214,1,Valid,Rear,One_far,577.0263671875
215,1,Valid,Rear,One_far,517.15087890625
216,1,Invalid,Rear,One_near,535.0341796875
217,1,Valid,Rear,Three,475.28076171875
218,1,Valid,Front,Zero,432.92236328125
219,1,Valid,Front,One_near,515.7470703125
220,1,Valid,Rear,Three,557.7392578125
221,1,Valid,Rear,One_near,500.30517578125
222,1,Invalid,Front,One_near,498.84033203125
223,1,Valid,Rear,One_near,515.869140625
224,1,Valid,Rear,Three,433.7158203125
225,1,Valid,Rear,Zero,556.94580078125
226,1,Valid,Rear,Zero,472.65625
227,1,Valid,Front,One_near,474.7314453125
228,1,Valid,Rear,One_near,474.79248046875
229,1,Valid,Front,One_far,434.14306640625
230,1,Valid,Rear,Zero,474.7314453125
231,1,Invalid,Rear,One_far,452.45361328125
232,1,Invalid,Rear,One_near,618.896484375
233,1,Invalid,Rear,Three,412.7197265625
234,1,Valid,Rear,One_far,496.4599609375
235,1,Valid,Rear,One_near,639.7705078125
236,1,Valid,Rear,One_far,598.7548828125
237,1,Valid,Front,One_near,580.74951171875
238,1,Invalid,Rear,Three,557.67822265625
239,1,Valid,Front,Zero,517.333984375
240,1,Valid,Front,One_near,584.16748046875
241,1,Valid,Rear,Zero,557.861328125
242,1,Invalid,Front,Three,517.333984375
243,1,Valid,Rear,Three,518.310546875
244,1,Valid,Rear,Zero,495.4833984375
246,1,Invalid,Rear,Zero,495.361328125
247,1,Valid,Rear,Three,412.841796875
248,1,Valid,Front,One_far,372.6806640625
249,1,Valid,Front,One_far,351.806640625
250,1,Valid,Rear,One_near,393.06640625
251,1,Valid,Rear,One_far,434.5703125
252,1,Valid,Front,Three,393.1884765625
253,1,Valid,Front,One_far,413.2080078125
254,1,Invalid,Front,One_near,495.849609375
255,1,Valid,Rear,Zero,516.6015625
256,1,Valid,Front,One_far,393.1884765625
257,1,Valid,Rear,One_near,537.7197265625
258,1,Valid,Front,One_near,516.9677734375
259,1,Valid,Rear,Three,537.353515625
260,1,Valid,Rear,One_far,473.14453125
261,1,Invalid,Rear,Zero,494.9951171875
262,1,Valid,Rear,One_near,455.4443359375
263,1,Invalid,Front,Zero,578.125
264,1,Invalid,Rear,One_far,535.7666015625
265,1,Valid,Rear,Zero,578.857421875
266,1,Valid,Rear,One_far,603.1494140625
267,1,Invalid,Front,One_near,455.9326171875
268,1,Valid,Front,One_near,605.5908203125
269,1,Valid,Rear,One_near,480.3466796875
270,1,Valid,Front,One_far,521.728515625
271,1,Valid,Front,One_near,604.00390625
272,1,Invalid,Front,Zero,391.6015625
273,1,Valid,Rear,One_far,516.4794921875
274,1,Valid,Rear,Three,517.2119140625
275,1,Valid,Rear,Three,453.857421875
276,1,Valid,Front,Zero,495.9716796875
277,1,Valid,Front,One_near,539.794921875
278,1,Valid,Front,Zero,351.806640625
279,1,Valid,Front,Three,414.306640625
280,1,Invalid,Front,One_far,579.7119140625
281,1,Invalid,Rear,Three,514.5263671875
282,1,Valid,Rear,Three,309.6923828125
283,1,Valid,Front,One_far,413.4521484375
284,1,Valid,Rear,Three,555.908203125
285,1,Valid,Front,One_near,309.5703125
286,1,Valid,Front,Three,434.2041015625
287,1,Valid,Front,One_far,414.4287109375
288,1,Valid,Front,Zero,413.818359375
289,1,Valid,Front,Zero,453.9794921875
290,1,Valid,Front,One_far,436.03515625
291,1,Valid,Front,Zero,
292,1,Valid,Front,One_near,411.865234375
293,1,Valid,Front,One_near,
294,1,Valid,Rear,Zero,454.345703125
295,1,Valid,Front,Three,412.59765625
296,1,Valid,Rear,Three,372.9248046875
297,1,Valid,Rear,Zero,473.9990234375
298,1,Valid,Front,One_far,374.3896484375
299,1,Invalid,Rear,One_near,537.9638671875
300,1,Valid,Front,Three,352.5390625
301,1,Invalid,Rear,Zero,515.869140625
302,1,Valid,Front,Zero,331.0546875
303,1,Valid,Front,Three,538.0859375
304,1,Invalid,Rear,One_far,435.302734375
305,1,Valid,Front,One_far,310.6689453125
306,1,Valid,Front,One_near,330.4443359375
307,1,Valid,Rear,One_far,374.0234375
308,1,Invalid,Front,Zero,373.046875
309,1,Valid,Front,Three,434.08203125
310,1,Valid,Front,Zero,577.5146484375
311,1,Valid,Rear,One_near,454.9560546875
312,1,Invalid,Front,One_far,497.802734375
313,1,Valid,Front,One_far,496.7041015625
314,1,Invalid,Front,Three,395.01953125
315,1,Valid,Rear,Zero,516.11328125
316,1,Invalid,Front,Zero,557.861328125
317,1,Valid,Front,Zero,371.4599609375
318,1,Valid,Rear,One_near,329.7119140625
319,1,Valid,Front,One_near,329.833984375
320,1,Valid,Rear,Zero,475.5859375
321,11,Valid,Rear,One_near,559.26513671875
322,11,Valid,Rear,One_near,436.82861328125
323,11,Valid,Front,One_near,434.326171875
324,11,Valid,Rear,One_far,475.799560546875
325,11,Invalid,Front,One_far,393.49365234375
326,11,Invalid,Front,One_far,351.37939453125
327,11,Valid,Rear,Zero,560.760498046875
328,11,Valid,Front,One_far,371.58203125
329,11,Valid,Front,Zero,393.12744140625
330,11,Invalid,Front,Three,454.376220703125
331,11,Valid,Rear,One_far,310.760498046875
334,11,Valid,Rear,Three,479.18701171875
335,11,Valid,Front,Zero,353.271484375
336,11,Invalid,Front,Zero,353.179931640625
337,11,Valid,Rear,One_far,433.837890625
338,11,Invalid,Front,Zero,374.908447265625
339,11,Valid,Front,One_near,186.065673828125
340,11,Valid,Front,One_far,434.87548828125
341,11,Valid,Front,One_far,372.0703125
342,11,Valid,Rear,Three,371.27685546875
343,11,Valid,Front,Three,352.84423828125
344,11,Valid,Rear,Zero,580.87158203125
345,11,Valid,Rear,One_near,518.341064453125
346,11,Valid,Front,Zero,353.94287109375
347,11,Valid,Rear,Zero,457.855224609375
348,11,Valid,Front,One_far,395.233154296875
349,11,Valid,Front,One_far,351.86767578125
351,11,Valid,Front,Zero,351.6845703125
353,11,Valid,Front,Three,435.60791015625
354,11,Valid,Front,Zero,414.48974609375
355,11,Valid,Front,Three,352.1728515625
356,11,Valid,Rear,One_far,394.53125
357,11,Invalid,Front,Three,433.349609375
358,11,Valid,Rear,One_far,435.546875
359,11,Valid,Rear,One_far,247.9248046875
360,11,Invalid,Rear,Three,416.56494140625
361,11,Valid,Rear,Zero,641.05224609375
362,11,Valid,Rear,One_near,393.24951171875
365,11,Invalid,Front,Three,436.82861328125
366,11,Valid,Front,One_near,352.9052734375
367,11,Valid,Rear,One_near,353.69873046875
368,11,Valid,Rear,Zero,501.0986328125
369,11,Valid,Front,One_near,353.271484375
370,11,Valid,Rear,One_near,434.814453125
371,11,Valid,Rear,One_far,500.79345703125
372,11,Invalid,Rear,Zero,538.0859375
373,11,Valid,Front,One_far,413.57421875
374,11,Valid,Front,Zero,351.6845703125
375,11,Valid,Front,Three,454.4677734375
376,11,Invalid,Front,Three,393.310546875
377,11,Valid,Rear,One_near,372.4365234375
378,11,Valid,Front,One_far,434.26513671875
379,11,Valid,Rear,One_near,435.97412109375
380,11,Valid,Front,Three,372.6806640625
381,11,Valid,Rear,Zero,519.10400390625
382,11,Valid,Front,One_far,393.310546875
383,11,Valid,Rear,One_near,330.99365234375
384,11,Valid,Rear,Three,394.95849609375
385,11,Valid,Rear,Zero,562.07275390625
386,11,Valid,Rear,Zero,517.578125
387,11,Invalid,Rear,One_far,458.67919921875
388,11,Valid,Rear,One_near,455.6884765625
389,11,Invalid,Rear,Zero,476.1962890625
390,11,Valid,Rear,One_far,496.03271484375
391,11,Invalid,Rear,One_far,374.45068359375
392,11,Valid,Front,Three,356.99462890625
393,11,Valid,Front,Three,0.0
394,11,Valid,Front,Zero,312.5
395,11,Valid,Front,One_near,416.3818359375
396,11,Invalid,Rear,Zero,311.21826171875
397,11,Valid,Front,One_near,353.3935546875
398,11,Valid,Rear,Zero,269.4091796875
399,11,Valid,Rear,Three,372.49755859375
400,11,Valid,Front,One_near,415.771484375
401,11,Valid,Front,Three,456.6650390625
402,11,Valid,Front,Three,499.267578125
403,11,Valid,Rear,One_far,457.03125
404,11,Valid,Front,Three,477.294921875
405,11,Valid,Rear,Zero,437.744140625
406,11,Invalid,Rear,Zero,458.0078125
407,11,Valid,Rear,Three,393.06640625
408,11,Valid,Rear,One_far,394.8974609375
409,11,Valid,Front,Zero,313.1103515625
410,11,Invalid,Rear,One_near,331.54296875
411,11,Valid,Front,Three,374.1455078125
412,11,Valid,Front,One_near,393.06640625
413,11,Valid,Rear,One_near,125.9765625
414,11,Valid,Front,One_near,352.1728515625
415,11,Valid,Rear,One_far,352.783203125
416,11,Invalid,Rear,One_far,395.1416015625
417,11,Valid,Front,Zero,378.0517578125
418,11,Invalid,Front,One_far,416.9921875
419,11,Invalid,Rear,Three,375.3662109375
420,11,Valid,Front,Three,393.4326171875
421,11,Valid,Rear,Three,371.9482421875
422,11,Valid,Front,One_far,330.078125
423,11,Valid,Rear,Zero,437.98828125
424,11,Valid,Front,One_far,352.1728515625
425,11,Invalid,Front,One_near,395.1416015625
426,11,Invalid,Front,One_far,414.6728515625
427,11,Invalid,Front,One_near,414.55078125
428,11,Valid,Rear,Zero,498.53515625
429,11,Valid,Rear,One_far,351.9287109375
430,11,Valid,Front,Zero,378.173828125
431,11,Invalid,Front,Zero,392.578125
432,11,Valid,Front,Zero,372.4365234375
433,11,Valid,Front,Zero,374.6337890625
434,11,Valid,Rear,One_far,372.55859375
435,11,Valid,Front,One_near,312.3779296875
436,11,Valid,Rear,One_near,371.4599609375
437,11,Valid,Rear,One_far,370.9716796875
438,11,Invalid,Front,Zero,351.318359375
439,11,Valid,Front,One_near,413.330078125
440,11,Valid,Front,Three,395.01953125
441,11,Valid,Front,One_far,475.9521484375
442,11,Valid,Front,One_far,414.55078125
443,11,Valid,Front,Zero,414.9169921875
444,11,Valid,Front,Zero,373.291015625
445,11,Valid,Front,Zero,333.8623046875
446,11,Invalid,Front,One_near,436.279296875
447,11,Valid,Rear,Zero,500.0
448,11,Valid,Rear,Three,372.802734375
449,11,Valid,Rear,Zero,433.7158203125
450,11,Valid,Rear,Zero,496.9482421875
451,11,Invalid,Rear,Three,372.4365234375
452,11,Valid,Front,Three,434.9365234375
453,11,Valid,Front,Zero,352.5390625
454,11,Valid,Front,Three,476.5625
455,11,Invalid,Front,One_near,372.1923828125
456,11,Valid,Rear,Three,393.4326171875
457,11,Valid,Rear,Zero,456.787109375
458,11,Valid,Front,One_far,353.6376953125
459,11,Valid,Rear,Three,413.6962890625
460,11,Valid,Rear,Three,374.0234375
461,11,Valid,Front,One_near,375.244140625
462,11,Valid,Front,One_far,398.0712890625
463,11,Invalid,Rear,One_near,417.3583984375
464,11,Valid,Front,One_near,330.9326171875
465,11,Valid,Front,One_near,415.6494140625
466,11,Valid,Front,One_far,351.07421875
467,11,Valid,Front,One_near,393.9208984375
468,11,Valid,Front,One_near,415.1611328125
469,11,Valid,Rear,Three,373.046875
470,11,Valid,Front,Three,393.1884765625
471,11,Valid,Rear,Three,354.3701171875
472,11,Valid,Front,One_far,351.1962890625
473,11,Valid,Rear,Three,415.1611328125
474,11,Invalid,Rear,One_near,392.9443359375
475,11,Valid,Rear,One_near,537.841796875
476,11,Invalid,Rear,One_far,497.314453125
477,11,Valid,Rear,One_near,600.9521484375
478,11,Valid,Rear,One_near,392.7001953125
479,11,Valid,Rear,Three,394.4091796875
480,11,Valid,Rear,One_near,375.9765625
481,12,Invalid,Rear,One_far,291.412353515625
482,12,Valid,Rear,Three,333.282470703125
483,12,Invalid,Front,Three,0.0
484,12,Valid,Front,One_far,250.030517578125
485,12,Invalid,Front,One_far,167.083740234375
486,12,Valid,Front,One_near,0.0
487,12,Valid,Front,One_far,0.0
488,12,Valid,Rear,One_far,228.912353515625
489,12,Valid,Rear,One_near,294.61669921875
490,12,Valid,Rear,One_near,372.37548828125
491,12,Valid,Rear,Three,353.82080078125
492,12,Valid,Rear,One_far,292.816162109375
494,12,Valid,Rear,One_far,373.138427734375
495,12,Valid,Front,Zero,394.53125
496,12,Valid,Front,Zero,313.232421875
497,12,Valid,Rear,One_near,271.240234375
498,12,Valid,Rear,One_near,0.0
499,12,Valid,Rear,One_far,375.06103515625
500,12,Valid,Front,One_near,434.50927734375
501,12,Valid,Front,One_near,393.98193359375
502,12,Invalid,Rear,One_near,354.98046875
503,12,Valid,Front,Three,393.6767578125
504,12,Valid,Rear,One_far,373.1689453125
505,12,Valid,Front,Zero,415.52734375
506,12,Valid,Front,Three,374.267578125
507,12,Invalid,Front,One_near,310.48583984375
508,12,Valid,Rear,Zero,500.0
509,12,Invalid,Rear,One_near,270.3857421875
510,12,Valid,Front,Zero,312.3779296875
511,12,Invalid,Rear,One_far,312.255859375
512,12,Valid,Rear,One_near,289.1845703125
513,12,Valid,Rear,One_far,249.6337890625
514,12,Invalid,Rear,One_far,540.771484375
515,12,Valid,Front,One_near,352.9052734375
516,12,Valid,Rear,Zero,519.71435546875
517,12,Invalid,Rear,Three,330.74951171875
518,12,Valid,Front,One_near,0.0
520,12,Valid,Rear,One_far,372.49755859375
521,12,Valid,Front,One_near,414.85595703125
522,12,Valid,Front,Three,378.23486328125
523,12,Valid,Front,One_far,289.6728515625
524,12,Valid,Front,One_far,316.34521484375
525,12,Valid,Rear,One_far,354.6142578125
526,12,Valid,Rear,One_near,292.29736328125
527,12,Valid,Rear,Three,312.92724609375
528,12,Valid,Front,Zero,291.3818359375
529,12,Valid,Rear,Three,373.1689453125
530,12,Valid,Front,One_near,375.06103515625
531,12,Valid,Front,Three,353.1494140625
532,12,Valid,Front,One_far,353.45458984375
533,12,Invalid,Rear,One_far,0.0
534,12,Invalid,Front,Zero,333.67919921875
535,12,Valid,Rear,Three,291.07666015625
536,12,Valid,Front,One_near,0.0
537,12,Valid,Front,Three,207.8857421875
538,12,Invalid,Front,One_near,229.98046875
539,12,Valid,Front,One_near,0.0
540,12,Valid,Rear,One_far,0.0
541,12,Valid,Front,One_near,332.70263671875
542,12,Valid,Rear,One_near,274.169921875
543,12,Valid,Front,Three,247.6806640625
544,12,Valid,Rear,Zero,0.0
545,12,Valid,Rear,Three,332.45849609375
546,12,Valid,Front,One_far,270.69091796875
547,12,Valid,Rear,Zero,145.93505859375
548,12,Invalid,Front,One_near,271.54541015625
549,12,Valid,Front,One_near,354.248046875
550,12,Valid,Rear,Three,479.55322265625
551,12,Valid,Rear,Zero,395.56884765625
552,12,Invalid,Rear,Three,354.4921875
553,12,Valid,Front,Zero,291.32080078125
554,12,Valid,Rear,One_far,354.98046875
555,12,Valid,Rear,Zero,414.61181640625
556,12,Valid,Rear,One_near,310.302734375
557,12,Valid,Rear,Three,311.4013671875
558,12,Valid,Rear,One_near,332.8857421875
559,12,Valid,Front,One_far,289.9169921875
560,12,Invalid,Front,Zero,0.0
561,12,Valid,Front,One_near,271.484375
562,12,Valid,Front,Zero,125.0
563,12,Invalid,Rear,Zero,0.0
564,12,Valid,Rear,One_far,292.96875
565,12,Invalid,Rear,One_near,291.1376953125
566,12,Valid,Front,One_far,0.0
567,12,Invalid,Front,One_far,270.5078125
568,12,Valid,Front,Three,310.791015625
569,12,Invalid,Front,Three,288.9404296875
570,12,Valid,Rear,One_far,0.0
571,12,Valid,Rear,Three,310.6689453125
572,12,Invalid,Rear,Zero,413.818359375
573,12,Valid,Front,Zero,290.1611328125
574,12,Valid,Front,Zero,317.3828125
575,12,Valid,Rear,Zero,417.724609375
576,12,Invalid,Front,Three,333.0078125
577,12,Invalid,Front,Three,353.271484375
578,12,Valid,Rear,One_far,0.0
579,12,Valid,Rear,One_far,417.6025390625
580,12,Valid,Front,Three,0.0
581,12,Valid,Rear,One_near,0.0
582,12,Valid,Front,One_far,290.6494140625
583,12,Valid,Rear,Zero,437.8662109375
584,12,Valid,Front,Zero,313.8427734375
585,12,Valid,Rear,One_near,248.6572265625
586,12,Valid,Front,One_far,0.0
588,12,Valid,Front,One_far,332.1533203125
589,12,Invalid,Front,Zero,270.6298828125
590,12,Invalid,Rear,One_near,289.6728515625
591,12,Valid,Rear,Three,299.6826171875
592,12,Valid,Rear,Zero,144.6533203125
593,12,Valid,Rear,Zero,393.6767578125
594,12,Valid,Rear,Three,334.5947265625
595,12,Valid,Rear,One_near,0.0
596,12,Valid,Rear,Three,353.759765625
597,12,Invalid,Rear,Zero,500.48828125
598,12,Valid,Rear,One_near,290.52734375
599,12,Valid,Front,One_far,292.1142578125
600,12,Valid,Front,Three,373.1689453125
601,12,Valid,Front,Zero,335.3271484375
602,12,Valid,Front,One_far,250.48828125
603,12,Valid,Front,One_far,251.5869140625
604,12,Invalid,Front,One_near,270.3857421875
605,12,Valid,Rear,One_near,0.0
606,12,Valid,Rear,Three,247.6806640625
607,12,Valid,Front,Three,310.546875
608,12,Valid,Front,One_near,0.0
609,12,Valid,Front,Zero,0.0
610,12,Valid,Rear,Zero,0.0
611,12,Valid,Front,Three,355.224609375
612,12,Valid,Rear,Zero,0.0
613,12,Valid,Front,Zero,289.9169921875
614,12,Valid,Rear,Zero,457.1533203125
615,12,Invalid,Rear,Zero,145.5078125
616,12,Valid,Rear,Three,358.0322265625
617,12,Valid,Rear,One_far,312.01171875
618,12,Valid,Rear,One_near,334.9609375
619,12,Invalid,Front,One_far,434.326171875
620,12,Valid,Front,One_near,335.0830078125
621,12,Valid,Rear,Zero,0.0
622,12,Valid,Front,Three,332.763671875
623,12,Valid,Front,Three,395.99609375
624,12,Invalid,Rear,Three,0.0
626,12,Invalid,Front,Zero,311.4013671875
627,12,Valid,Front,Three,378.173828125
628,12,Valid,Front,Zero,253.41796875
629,12,Invalid,Front,One_far,0.0
630,12,Valid,Front,One_near,356.93359375
631,12,Valid,Rear,One_near,354.4921875
632,12,Valid,Rear,One_far,334.1064453125
633,12,Valid,Front,One_near,62.6220703125
634,12,Valid,Rear,Zero,478.271484375
635,12,Valid,Rear,Three,354.3701171875
636,12,Valid,Front,Three,270.1416015625
637,12,Valid,Rear,Three,314.697265625
638,12,Valid,Front,One_far,353.759765625
639,12,Valid,Front,Zero,335.44921875
640,12,Valid,Front,One_far,354.6142578125
641,13,Valid,Front,One_near,455.01708984375
642,13,Invalid,Front,Zero,435.85205078125
643,13,Valid,Rear,Three,390.7470703125
644,13,Valid,Rear,One_far,624.32861328125
645,13,Valid,Front,One_near,496.490478515625
646,13,Valid,Front,One_near,475.860595703125
647,13,Invalid,Front,One_near,396.575927734375
648,13,Valid,Front,One_far,474.7314453125
649,13,Valid,Front,Three,480.16357421875
650,13,Valid,Rear,One_near,373.779296875
651,13,Invalid,Rear,Zero,577.850341796875
652,13,Valid,Front,One_far,412.078857421875
653,13,Valid,Rear,One_far,0.0
654,13,Invalid,Front,Three,494.964599609375
655,13,Valid,Front,One_far,352.752685546875
656,13,Valid,Rear,Three,454.77294921875
657,13,Valid,Front,Three,663.665771484375
658,13,Invalid,Front,One_near,609.039306640625
659,13,Valid,Rear,One_near,415.22216796875
660,13,Valid,Front,Zero,393.73779296875
661,13,Valid,Front,Zero,434.2041015625
662,13,Invalid,Front,Zero,353.851318359375
663,13,Valid,Front,One_near,394.195556640625
664,13,Valid,Front,One_near,394.34814453125
665,13,Invalid,Front,One_far,455.6884765625
666,13,Valid,Front,One_far,476.531982421875
667,13,Valid,Front,Three,459.075927734375
668,13,Valid,Rear,One_near,352.813720703125
669,13,Valid,Front,One_far,372.37548828125
670,13,Invalid,Rear,Three,455.810546875
671,13,Valid,Rear,Three,493.743896484375
672,13,Invalid,Front,One_far,331.329345703125
674,13,Valid,Front,One_far,496.2158203125
675,13,Invalid,Rear,Zero,578.18603515625
676,13,Valid,Rear,One_near,0.0
677,13,Valid,Front,Three,564.39208984375
678,13,Invalid,Rear,One_far,375.8544921875
679,13,Valid,Rear,Three,454.9560546875
680,13,Valid,Rear,One_far,414.1845703125
681,13,Valid,Front,Three,248.84033203125
682,13,Valid,Rear,One_near,372.0703125
683,13,Valid,Front,One_near,455.26123046875
684,13,Invalid,Rear,One_far,413.2080078125
685,13,Valid,Front,One_far,373.4130859375
686,13,Valid,Rear,One_far,536.2548828125
687,13,Valid,Front,Three,536.2548828125
690,13,Valid,Rear,One_far,432.7392578125
691,13,Invalid,Front,One_far,0.0
692,13,Valid,Front,One_near,415.771484375
693,13,Valid,Front,Three,187.19482421875
694,13,Valid,Front,One_near,371.4599609375
695,13,Valid,Front,One_near,392.39501953125
696,13,Valid,Front,One_far,374.0234375
697,13,Valid,Rear,Zero,581.48193359375
699,13,Valid,Rear,Three,434.87548828125
700,13,Valid,Rear,One_far,394.10400390625
701,13,Valid,Rear,Zero,557.6171875
702,13,Valid,Rear,One_far,413.0859375
703,13,Invalid,Front,Three,309.814453125
704,13,Valid,Front,Three,517.51708984375
705,13,Valid,Rear,Zero,643.5546875
706,13,Valid,Rear,Zero,517.27294921875
707,13,Valid,Front,Three,416.93115234375
708,13,Valid,Rear,One_near,517.63916015625
709,13,Valid,Rear,One_near,334.8388671875
710,13,Valid,Rear,One_far,458.1298828125
711,13,Valid,Rear,Three,268.73779296875
713,13,Valid,Front,Zero,0.0
714,13,Invalid,Front,Zero,433.89892578125
716,13,Valid,Front,One_far,393.06640625
717,13,Valid,Front,Zero,373.291015625
718,13,Invalid,Rear,One_far,435.24169921875
719,13,Valid,Front,Three,579.52880859375
720,13,Invalid,Front,Three,455.6884765625
721,13,Valid,Rear,One_far,559.5703125
723,13,Invalid,Front,One_near,455.4443359375
724,13,Valid,Rear,Three,641.11328125
725,13,Invalid,Rear,Zero,825.439453125
726,13,Valid,Front,Zero,412.59765625
727,13,Valid,Front,Zero,495.60546875
728,13,Valid,Rear,One_far,373.779296875
729,13,Valid,Rear,One_far,289.6728515625
730,13,Valid,Front,Three,476.5625
731,13,Valid,Front,One_far,351.5625
732,13,Valid,Rear,Zero,476.318359375
733,13,Valid,Front,Three,433.7158203125
735,13,Valid,Rear,Zero,892.4560546875
736,13,Valid,Front,One_near,474.609375
737,13,Valid,Rear,Three,559.814453125
738,13,Invalid,Rear,Zero,683.4716796875
739,13,Valid,Front,Three,457.03125
740,13,Valid,Rear,Zero,497.802734375
741,13,Valid,Rear,Three,432.4951171875
742,13,Valid,Front,Zero,476.806640625
743,13,Valid,Front,Zero,537.4755859375
744,13,Valid,Front,Three,433.7158203125
745,13,Valid,Front,One_near,435.4248046875
746,13,Valid,Rear,One_near,434.6923828125
747,13,Valid,Rear,One_near,434.5703125
748,13,Valid,Rear,One_near,374.755859375
749,13,Valid,Front,One_far,454.2236328125
750,13,Valid,Rear,One_far,433.837890625
751,13,Valid,Front,Zero,476.318359375
752,13,Valid,Front,Zero,412.59765625
753,13,Invalid,Rear,One_near,413.57421875
754,13,Valid,Rear,Zero,725.4638671875
755,13,Invalid,Front,One_far,371.7041015625
756,13,Valid,Rear,One_near,392.333984375
757,13,Valid,Front,Zero,412.109375
758,13,Valid,Front,Zero,331.6650390625
759,13,Valid,Front,One_far,475.830078125
761,13,Valid,Rear,Zero,0.0
762,13,Valid,Rear,Three,354.98046875
763,13,Valid,Front,Zero,357.421875
764,13,Valid,Front,One_near,419.189453125
765,13,Valid,Rear,Three,457.6416015625
767,13,Valid,Rear,One_far,372.802734375
768,13,Valid,Rear,One_near,395.1416015625
769,13,Valid,Front,Three,496.2158203125
770,13,Valid,Front,Zero,494.9951171875
771,13,Valid,Rear,Zero,536.376953125
774,13,Invalid,Front,Three,456.4208984375
775,13,Valid,Front,Three,396.484375
776,13,Valid,Front,One_far,413.6962890625
777,13,Invalid,Front,Zero,457.1533203125
778,13,Valid,Rear,Zero,620.7275390625
780,13,Valid,Rear,One_far,433.4716796875
781,13,Invalid,Front,One_near,454.1015625
783,13,Valid,Rear,One_far,497.1923828125
784,13,Valid,Rear,Zero,0.0
785,13,Invalid,Rear,One_near,501.220703125
786,13,Invalid,Rear,One_near,353.271484375
787,13,Valid,Front,One_far,165.1611328125
789,13,Valid,Front,One_far,413.2080078125
790,13,Valid,Front,One_far,585.0830078125
792,13,Valid,Rear,Zero,619.9951171875
794,13,Valid,Rear,One_far,497.802734375
795,13,Valid,Rear,Three,351.5625
796,13,Valid,Front,One_near,413.9404296875
797,13,Valid,Front,One_near,350.830078125
798,13,Valid,Front,Zero,0.0
799,13,Valid,Rear,Zero,602.4169921875
800,13,Invalid,Rear,Three,417.1142578125
801,14,Valid,Rear,One_far,602.8366088867188
802,14,Valid,Front,Three,392.7764892578125
803,14,Valid,Rear,One_near,331.451416015625
804,14,Valid,Front,One_near,356.16302490234375
805,14,Invalid,Front,One_far,455.8563232421875
806,14,Valid,Front,Three,353.18756103515625
807,14,Valid,Rear,One_near,601.0894775390625
808,14,Valid,Rear,One_far,581.0089111328125
809,14,Valid,Rear,One_near,540.4815673828125
810,14,Invalid,Rear,One_far,539.61181640625
811,14,Valid,Front,One_near,437.19482421875
812,14,Valid,Front,Three,434.1888427734375
813,14,Valid,Front,One_far,394.805908203125
814,14,Valid,Rear,One_far,521.17919921875
816,14,Valid,Rear,One_near,621.734619140625
817,14,Valid,Rear,Zero,455.8563232421875
818,14,Invalid,Front,Zero,457.2296142578125
819,14,Invalid,Front,Zero,395.01953125
820,14,Valid,Front,One_far,439.8345947265625
821,14,Valid,Front,Zero,376.434326171875
822,14,Valid,Rear,Three,249.4964599609375
823,14,Valid,Rear,Three,436.309814453125
824,14,Valid,Front,One_near,416.961669921875
825,14,Valid,Rear,One_far,499.93896484375
826,14,Valid,Front,One_far,475.8758544921875
827,14,Valid,Front,Zero,601.6998291015625
828,14,Invalid,Rear,One_near,270.4620361328125
829,14,Valid,Rear,Zero,642.242431640625
830,14,Invalid,Rear,Zero,645.8740234375
831,14,Valid,Front,One_far,623.077392578125
832,14,Valid,Front,Three,331.298828125
833,14,Valid,Front,One_far,436.309814453125
834,14,Valid,Front,Three,457.275390625
835,14,Valid,Front,Zero,374.1455078125
836,14,Valid,Front,One_far,517.08984375
838,14,Valid,Front,Zero,332.550048828125
839,14,Invalid,Rear,Three,351.226806640625
841,14,Valid,Rear,One_far,435.36376953125
842,14,Valid,Front,One_far,557.9833984375
843,14,Valid,Front,One_far,413.39111328125
844,14,Valid,Front,One_near,518.24951171875
845,14,Valid,Front,One_far,290.58837890625
846,14,Valid,Rear,Zero,519.1650390625
847,14,Valid,Rear,Three,330.4443359375
849,14,Valid,Front,One_near,352.96630859375
850,14,Invalid,Front,One_near,354.1259765625
851,14,Valid,Rear,Zero,577.94189453125
852,14,Valid,Front,One_far,269.4091796875
853,14,Valid,Rear,Zero,519.775390625
854,14,Valid,Rear,One_near,392.7001953125
856,14,Valid,Front,Three,391.357421875
857,14,Invalid,Front,One_far,268.12744140625
858,14,Valid,Front,Zero,330.13916015625
859,14,Valid,Front,One_far,391.6015625
860,14,Invalid,Rear,Three,355.224609375
862,14,Valid,Rear,One_near,350.89111328125
863,14,Valid,Rear,Zero,604.30908203125
864,14,Valid,Rear,Three,374.0234375
865,14,Valid,Rear,One_far,497.86376953125
867,14,Valid,Front,Zero,268.37158203125
868,14,Valid,Front,One_near,413.4521484375
869,14,Valid,Rear,Three,372.25341796875
870,14,Valid,Front,Zero,605.224609375
871,14,Valid,Front,One_far,373.1689453125
872,14,Invalid,Rear,One_far,273.92578125
873,14,Valid,Rear,One_far,392.2119140625
874,14,Valid,Rear,One_near,516.17431640625
875,14,Valid,Front,Three,454.345703125
876,14,Invalid,Rear,One_near,499.57275390625
877,14,Invalid,Front,One_near,354.55322265625
878,14,Valid,Front,One_far,370.54443359375
879,14,Valid,Rear,One_near,579.40673828125
880,14,Valid,Rear,Zero,598.7548828125
881,14,Invalid,Front,One_far,704.2236328125
882,14,Invalid,Rear,Three,516.845703125
883,14,Valid,Rear,One_far,434.814453125
884,14,Valid,Rear,Three,455.4443359375
885,14,Valid,Front,One_near,394.775390625
886,14,Valid,Front,One_near,396.8505859375
887,14,Valid,Front,Zero,458.3740234375
888,14,Valid,Rear,Zero,435.1806640625
889,14,Valid,Rear,One_near,20.6298828125
890,14,Valid,Rear,Zero,620.1171875
891,14,Valid,Front,Zero,333.6181640625
892,14,Valid,Front,Zero,207.1533203125
893,14,Invalid,Front,Three,399.0478515625
894,14,Valid,Rear,One_far,250.0
895,14,Valid,Rear,One_far,455.322265625
896,14,Valid,Front,Zero,0.0
897,14,Invalid,Front,Three,0.0
898,14,Valid,Rear,Three,331.787109375
899,14,Valid,Rear,Zero,536.9873046875
900,14,Valid,Rear,Zero,495.849609375
901,14,Invalid,Rear,One_far,392.9443359375
902,14,Valid,Rear,One_far,435.9130859375
903,14,Valid,Rear,Three,394.8974609375
904,14,Valid,Front,One_near,352.783203125
905,14,Valid,Rear,Zero,497.4365234375
906,14,Valid,Rear,Zero,580.9326171875
907,14,Valid,Rear,One_near,620.361328125
908,14,Valid,Rear,One_near,331.54296875
909,14,Valid,Front,Three,310.6689453125
910,14,Valid,Front,One_near,414.6728515625
911,14,Valid,Rear,One_near,373.9013671875
912,14,Valid,Rear,Three,601.318359375
913,14,Valid,Rear,Three,350.5859375
914,14,Valid,Front,Three,559.08203125
915,14,Valid,Front,Three,351.07421875
916,14,Valid,Front,One_near,474.853515625
917,14,Valid,Front,Three,563.5986328125
918,14,Valid,Rear,Three,537.7197265625
919,14,Invalid,Front,Zero,355.1025390625
920,14,Invalid,Rear,Zero,539.9169921875
921,14,Valid,Rear,Zero,458.6181640625
923,14,Valid,Front,Zero,247.9248046875
924,14,Valid,Front,Three,352.4169921875
925,14,Valid,Rear,Three,436.8896484375
926,14,Invalid,Front,One_near,517.822265625
927,14,Valid,Rear,One_far,351.318359375
928,14,Valid,Front,One_far,289.0625
929,14,Invalid,Front,Three,370.2392578125
930,14,Invalid,Front,Zero,226.9287109375
931,14,Invalid,Front,Three,496.826171875
932,14,Valid,Front,Three,124.6337890625
933,14,Valid,Front,Zero,0.0
934,14,Valid,Front,One_near,479.1259765625
935,14,Valid,Rear,Three,352.6611328125
936,14,Valid,Front,Three,395.8740234375
937,14,Valid,Front,One_near,436.5234375
938,14,Valid,Front,Zero,250.1220703125
939,14,Invalid,Rear,One_near,351.07421875
940,14,Valid,Rear,One_far,334.3505859375
941,14,Valid,Rear,One_near,247.9248046875
942,14,Valid,Rear,Zero,520.751953125
943,14,Invalid,Front,One_near,453.9794921875
944,14,Valid,Rear,One_far,437.5
945,14,Valid,Front,One_near,459.9609375
946,14,Valid,Front,Zero,477.783203125
947,14,Invalid,Rear,Zero,519.287109375
948,14,Valid,Front,One_far,393.9208984375
949,14,Valid,Front,One_near,41.3818359375
950,14,Valid,Rear,One_far,396.484375
951,14,Valid,Rear,Zero,500.48828125
952,14,Valid,Front,Zero,333.740234375
954,14,Valid,Rear,One_far,444.4580078125
955,14,Valid,Front,One_near,560.6689453125
956,14,Valid,Rear,Three,355.46875
957,14,Valid,Rear,Three,417.6025390625
958,14,Valid,Rear,One_near,275.390625
959,14,Valid,Rear,One_near,457.8857421875
960,14,Valid,Front,One_far,271.6064453125
961,16,Invalid,Rear,One_near,166.534423828125
962,16,Valid,Rear,Three,372.344970703125
963,16,Invalid,Front,Zero,250.0
964,16,Valid,Front,One_near,371.490478515625
965,16,Valid,Rear,Zero,539.55078125
966,16,Invalid,Rear,One_far,330.9326171875
967,16,Valid,Front,Three,395.08056640625
968,16,Valid,Rear,One_far,330.99365234375
969,16,Invalid,Front,One_far,310.24169921875
970,16,Valid,Rear,One_far,0.0
971,16,Valid,Front,One_far,310.97412109375
972,16,Valid,Front,One_far,82.51953125
973,16,Valid,Rear,One_far,270.1416015625
974,16,Invalid,Front,Three,373.35205078125
975,16,Invalid,Front,Three,372.49755859375
976,16,Valid,Front,Zero,311.1572265625
977,16,Invalid,Rear,Zero,540.0390625
978,16,Valid,Front,One_far,415.8935546875
979,16,Valid,Front,Zero,248.10791015625
980,16,Valid,Front,Zero,354.30908203125
981,16,Invalid,Rear,One_far,335.8154296875
982,16,Valid,Rear,Three,394.83642578125
983,16,Valid,Front,One_far,310.48583984375
984,16,Valid,Front,One_near,393.798828125
985,16,Invalid,Rear,One_far,332.94677734375
987,16,Valid,Front,One_near,330.50537109375
988,16,Valid,Front,One_far,309.87548828125
989,16,Valid,Front,Three,394.53125
990,16,Valid,Rear,Zero,0.0
991,16,Invalid,Front,Zero,268.24951171875
992,16,Invalid,Front,Three,350.64697265625
993,16,Invalid,Front,One_near,0.0
994,16,Valid,Rear,One_far,351.13525390625
995,16,Invalid,Rear,Zero,476.50146484375
996,16,Invalid,Front,One_far,394.22607421875
997,16,Valid,Rear,Zero,517.08984375
998,16,Invalid,Front,Zero,351.50146484375
999,16,Valid,Front,One_far,311.95068359375
1000,16,Valid,Rear,Zero,435.85205078125
1001,16,Valid,Front,Zero,641.2353515625
1002,16,Valid,Rear,One_far,248.10791015625
1003,16,Valid,Rear,Three,310.48583984375
1004,16,Valid,Rear,One_far,289.36767578125
1005,16,Valid,Rear,Zero,461.9140625
1006,16,Valid,Rear,One_far,352.294921875
1007,16,Valid,Front,One_near,454.77294921875
1008,16,Invalid,Rear,Three,330.99365234375
1009,16,Valid,Front,Zero,310.546875
1010,16,Valid,Rear,One_near,311.6455078125
1011,16,Valid,Rear,Three,330.322265625
1012,16,Valid,Rear,One_near,371.4599609375
1013,16,Valid,Rear,One_near,309.6923828125
1014,16,Valid,Front,One_near,292.54150390625
1015,16,Valid,Front,Zero,310.4248046875
1016,16,Valid,Front,Three,291.93115234375
1017,16,Valid,Front,Three,497.37548828125
1018,16,Valid,Front,Three,374.08447265625
1019,16,Invalid,Front,One_far,289.97802734375
1021,16,Valid,Front,Zero,330.38330078125
1022,16,Valid,Front,Zero,268.49365234375
1023,16,Valid,Front,Zero,270.01953125
1024,16,Valid,Rear,One_near,311.6455078125
1025,16,Valid,Rear,Zero,455.62744140625
1026,16,Valid,Front,One_far,311.8896484375
1027,16,Valid,Rear,One_near,352.05078125
1028,16,Invalid,Rear,Three,291.015625
1029,16,Valid,Rear,Three,435.546875
1030,16,Valid,Rear,Three,352.9052734375
1031,16,Valid,Front,One_near,351.318359375
1032,16,Valid,Front,Three,330.810546875
1033,16,Valid,Front,Three,393.310546875
1034,16,Valid,Rear,One_near,332.3974609375
1035,16,Valid,Rear,Zero,516.357421875
1036,16,Valid,Front,Zero,334.3505859375
1037,16,Valid,Front,Three,413.4521484375
1038,16,Valid,Rear,One_far,331.298828125
1039,16,Valid,Rear,One_far,309.9365234375
1040,16,Invalid,Front,One_near,312.5
1041,16,Valid,Rear,Three,434.814453125
1042,16,Valid,Rear,One_near,332.6416015625
1043,16,Valid,Rear,One_far,312.01171875
1044,16,Valid,Front,One_near,350.5859375
1045,16,Valid,Front,Three,269.4091796875
1047,16,Invalid,Front,Zero,454.58984375
1048,16,Valid,Front,One_far,310.546875
1049,16,Valid,Front,Zero,268.4326171875
1050,16,Valid,Rear,One_near,433.59375
1051,16,Valid,Rear,Zero,476.806640625
1052,16,Valid,Rear,Three,351.318359375
1053,16,Valid,Front,One_near,499.51171875
1054,16,Valid,Front,One_near,434.6923828125
1055,16,Valid,Rear,One_far,226.4404296875
1056,16,Valid,Front,Zero,372.6806640625
1057,16,Valid,Rear,One_near,228.8818359375
1058,16,Valid,Front,Zero,372.314453125
1059,16,Invalid,Front,One_far,310.791015625
1060,16,Valid,Rear,Three,476.07421875
1061,16,Invalid,Front,One_near,395.263671875
1062,16,Valid,Rear,One_near,311.1572265625
1063,16,Valid,Rear,One_near,413.9404296875
1064,16,Invalid,Rear,Zero,496.2158203125
1065,16,Invalid,Rear,Three,331.1767578125
1066,16,Valid,Front,One_near,459.1064453125
1067,16,Valid,Front,Three,455.4443359375
1068,16,Valid,Front,One_near,373.6572265625
1069,16,Valid,Rear,Zero,185.6689453125
1070,16,Valid,Rear,One_near,371.826171875
1071,16,Valid,Front,Zero,374.51171875
1072,16,Valid,Front,One_far,375.0
1073,16,Valid,Rear,Zero,435.4248046875
1074,16,Invalid,Rear,One_near,414.6728515625
1075,16,Valid,Rear,Zero,580.56640625
1076,16,Invalid,Front,Three,415.4052734375
1077,16,Valid,Front,One_near,393.06640625
1078,16,Valid,Front,Zero,566.89453125
1079,16,Valid,Front,One_far,0.0
1080,16,Valid,Rear,Zero,557.373046875
1081,16,Valid,Front,One_near,497.55859375
1082,16,Valid,Front,Three,413.4521484375
1083,16,Valid,Front,Zero,334.716796875
1084,16,Valid,Front,Three,269.4091796875
1085,16,Valid,Front,One_far,309.326171875
1086,16,Valid,Rear,Three,249.3896484375
1087,16,Invalid,Rear,One_near,373.4130859375
1088,16,Valid,Front,One_far,290.4052734375
1089,16,Valid,Front,One_near,291.015625
1090,16,Valid,Rear,Zero,393.4326171875
1091,16,Valid,Front,Three,374.51171875
1093,16,Invalid,Front,One_near,392.2119140625
1094,16,Valid,Rear,Zero,472.5341796875
1095,16,Valid,Front,One_far,391.9677734375
1096,16,Valid,Rear,Zero,454.7119140625
1097,16,Valid,Front,One_far,433.7158203125
1098,16,Valid,Front,One_far,433.2275390625
1100,16,Valid,Rear,Three,353.759765625
1101,16,Valid,Front,One_near,370.4833984375
1102,16,Valid,Front,Three,437.6220703125
1103,16,Invalid,Rear,One_far,351.318359375
1104,16,Valid,Rear,One_near,538.0859375
1105,16,Valid,Rear,Three,350.830078125
1106,16,Valid,Front,One_near,432.6171875
1107,16,Valid,Front,One_far,535.7666015625
1108,16,Valid,Rear,One_near,267.822265625
1109,16,Valid,Rear,One_near,475.2197265625
1110,16,Valid,Rear,One_far,495.361328125
1111,16,Valid,Front,Three,350.5859375
1112,16,Valid,Rear,One_far,585.0830078125
1113,16,Valid,Rear,One_far,439.453125
1114,16,Valid,Rear,Zero,494.873046875
1115,16,Valid,Rear,Three,329.9560546875
1116,16,Valid,Rear,Three,433.10546875
1117,16,Valid,Rear,Three,371.2158203125
1118,16,Invalid,Rear,Zero,474.2431640625
1119,16,Valid,Rear,One_near,434.4482421875
1120,16,Valid,Rear,One_far,290.52734375
1121,17,Valid,Front,One_far,473.14453125
1122,17,Valid,Rear,Three,372.344970703125
1123,17,Valid,Front,Three,409.60693359375
1124,17,Valid,Rear,One_far,431.0302734375
1125,17,Valid,Rear,Zero,471.25244140625
1126,17,Valid,Rear,Three,471.954345703125
1127,17,Valid,Front,One_far,472.198486328125
1128,17,Valid,Front,One_far,390.31982421875
1129,17,Valid,Front,One_far,368.988037109375
1130,17,Valid,Front,Zero,348.08349609375
1131,17,Valid,Rear,One_near,328.338623046875
1132,17,Valid,Front,One_far,390.31982421875
1133,17,Valid,Rear,Zero,451.324462890625
1135,17,Valid,Front,Three,575.74462890625
1136,17,Valid,Front,Three,349.12109375
1137,17,Valid,Rear,Three,349.090576171875
1138,17,Invalid,Rear,One_far,351.318359375
1139,17,Invalid,Rear,Zero,492.49267578125
1140,17,Valid,Front,Three,370.60546875
1141,17,Invalid,Front,Three,369.0185546875
1142,17,Valid,Rear,One_near,348.6328125
1143,17,Valid,Front,One_far,409.72900390625
1144,17,Valid,Rear,One_near,369.140625
1145,17,Valid,Rear,One_far,471.8017578125
1146,17,Valid,Front,Three,411.56005859375
1147,17,Valid,Front,One_near,513.214111328125
1148,17,Valid,Rear,One_far,595.27587890625
1149,17,Valid,Front,One_near,390.167236328125
1150,17,Valid,Rear,One_far,327.850341796875
1151,17,Valid,Rear,One_far,593.81103515625
1152,17,Valid,Rear,One_near,470.8251953125
1153,17,Invalid,Front,One_far,391.4794921875
1154,17,Valid,Rear,One_far,452.0263671875
1155,17,Valid,Rear,Three,389.739990234375
1156,17,Valid,Front,Zero,473.44970703125
1157,17,Invalid,Rear,One_near,534.60693359375
1158,17,Valid,Rear,One_near,471.649169921875
1159,17,Invalid,Front,Three,514.5263671875
1160,17,Valid,Rear,One_far,369.903564453125
1161,17,Valid,Front,Zero,595.64208984375
1162,17,Valid,Front,Zero,452.33154296875
1163,17,Valid,Rear,Three,389.83154296875
1164,17,Valid,Rear,One_near,349.67041015625
1165,17,Valid,Rear,One_far,370.1171875
1166,17,Valid,Front,Zero,308.53271484375
1169,17,Valid,Front,Three,475.09765625
1170,17,Valid,Rear,One_far,348.69384765625
1171,17,Valid,Front,Zero,267.2119140625
1172,17,Valid,Front,One_near,332.03125
1173,17,Valid,Front,Zero,410.400390625
1174,17,Valid,Rear,One_near,286.80419921875
1175,17,Valid,Front,One_far,389.46533203125
1177,17,Valid,Front,One_far,369.81201171875
1178,17,Valid,Front,One_near,370.17822265625
1179,17,Valid,Rear,Three,348.81591796875
1180,17,Valid,Rear,Zero,553.52783203125
1181,17,Valid,Rear,Zero,575.8056640625
1182,17,Invalid,Front,Zero,266.7236328125
1183,17,Valid,Rear,Three,389.46533203125
1184,17,Valid,Rear,Three,371.826171875
1186,17,Valid,Front,Three,411.07177734375
1187,17,Valid,Front,One_far,349.7314453125
1188,17,Valid,Front,One_far,368.408203125
1189,17,Valid,Front,One_near,410.2783203125
1190,17,Valid,Rear,Zero,533.3251953125
1191,17,Valid,Front,One_near,451.2939453125
1192,17,Valid,Front,One_near,389.58740234375
1193,17,Invalid,Front,Three,391.6015625
1194,17,Invalid,Rear,Zero,819.03076171875
1195,17,Valid,Rear,Zero,594.66552734375
1196,17,Invalid,Front,One_near,392.02880859375
1197,17,Valid,Front,One_near,369.2626953125
1198,17,Valid,Front,One_near,
1199,17,Valid,Rear,Zero,575.5615234375
1200,17,Invalid,Front,One_near,
1201,17,Valid,Rear,One_near,511.962890625
1202,17,Valid,Rear,Three,389.404296875
1203,17,Valid,Front,One_far,450.5615234375
1204,17,Valid,Rear,Three,390.13671875
1205,17,Valid,Rear,One_far,348.2666015625
1206,17,Valid,Rear,One_near,698.1201171875
1207,17,Valid,Rear,Three,574.5849609375
1208,17,Invalid,Rear,One_far,410.7666015625
1209,17,Invalid,Rear,One_far,411.4990234375
1210,17,Invalid,Rear,Three,491.8212890625
1211,17,Invalid,Front,One_far,471.5576171875
1212,17,Invalid,Rear,Zero,635.6201171875
1213,17,Valid,Front,One_far,391.4794921875
1214,17,Valid,Front,Zero,430.5419921875
1215,17,Valid,Rear,One_near,596.3134765625
1216,17,Valid,Front,Three,409.7900390625
1217,17,Invalid,Front,Three,
1218,17,Valid,Rear,One_near,533.69140625
1219,17,Invalid,Rear,One_near,473.9990234375
1220,17,Valid,Front,One_near,
1221,17,Valid,Front,Zero,
1223,17,Valid,Rear,One_far,552.490234375
1224,17,Valid,Rear,Zero,718.505859375
1225,17,Invalid,Front,One_far,
1226,17,Valid,Rear,One_near,472.5341796875
1227,17,Valid,Rear,One_far,576.2939453125
1228,17,Valid,Front,Zero,
1229,17,Valid,Rear,Three,595.0927734375
1230,17,Valid,Rear,Zero,638.0615234375
1231,17,Valid,Front,One_far,
1232,17,Valid,Front,Three,
1233,17,Valid,Rear,Three,535.2783203125
1234,17,Valid,Rear,Three,658.5693359375
1235,17,Valid,Front,One_near,433.837890625
1236,17,Invalid,Front,Zero,
1237,17,Valid,Front,One_near,370.4833984375
1238,17,Valid,Front,Zero,
1239,17,Valid,Rear,One_near,451.7822265625
1240,17,Valid,Rear,Zero,637.451171875
1241,17,Valid,Rear,Zero,698.974609375
1242,17,Valid,Front,One_far,372.55859375
1243,17,Valid,Front,Zero,
1244,17,Valid,Rear,One_far,698.73046875
1245,17,Valid,Rear,One_far,635.6201171875
1247,17,Valid,Front,One_near,
1248,17,Valid,Front,One_near,369.384765625
1249,17,Valid,Rear,One_far,472.65625
1250,17,Valid,Front,Three,411.9873046875
1251,17,Valid,Rear,One_near,533.203125
1252,17,Invalid,Rear,Three,513.0615234375
1253,17,Invalid,Front,One_near,
1254,17,Valid,Front,Three,
1255,17,Invalid,Front,Zero,
1256,17,Invalid,Rear,One_near,533.69140625
1257,17,Valid,Rear,One_near,512.3291015625
1258,17,Valid,Rear,Zero,471.19140625
1259,17,Valid,Rear,One_far,676.7578125
1260,17,Valid,Front,One_near,
1261,17,Valid,Front,Zero,
1262,17,Valid,Rear,Zero,596.3134765625
1263,17,Valid,Front,One_near,
1264,17,Valid,Front,Zero,
1265,17,Valid,Front,One_far,
1266,17,Valid,Rear,One_near,657.8369140625
1267,17,Valid,Front,Three,
1268,17,Valid,Front,Zero,
1269,17,Invalid,Front,One_far,
1270,17,Invalid,Rear,One_far,616.3330078125
1271,17,Valid,Front,Three,328.2470703125
1272,17,Valid,Front,Three,349.12109375
1273,17,Valid,Rear,Three,513.3056640625
1274,17,Invalid,Rear,Zero,615.234375
1275,17,Valid,Rear,Three,451.5380859375
1276,17,Invalid,Front,Zero,
1277,17,Valid,Rear,Zero,595.3369140625
1278,17,Valid,Front,Three,
1279,17,Valid,Rear,Zero,532.958984375
1280,17,Valid,Rear,Zero,553.8330078125
1281,2,Valid,Front,Zero,312.591552734375
1283,2,Valid,Rear,One_near,0.0
1284,2,Invalid,Rear,One_far,0.0
1285,2,Valid,Rear,Three,0.0
1286,2,Invalid,Front,One_far,0.0
1287,2,Valid,Rear,Three,0.0
1288,2,Invalid,Rear,One_near,0.0
1289,2,Valid,Rear,One_far,0.0
1290,2,Valid,Front,One_far,0.0
1291,2,Invalid,Rear,One_far,0.0
1292,2,Invalid,Front,Three,0.0
1293,2,Valid,Rear,Three,0.0
1294,2,Valid,Rear,One_near,0.0
1295,2,Valid,Front,Zero,0.0
1296,2,Valid,Rear,One_far,0.0
1297,2,Valid,Rear,Zero,0.0
1298,2,Invalid,Front,Zero,0.0
1299,2,Valid,Rear,One_near,0.0
1300,2,Valid,Rear,Three,0.0
1301,2,Valid,Front,Three,0.0
1302,2,Valid,Front,Zero,0.0
1303,2,Valid,Rear,One_far,0.0
1304,2,Valid,Front,Zero,0.0
1305,2,Invalid,Front,Three,0.0
1306,2,Valid,Rear,Zero,0.0
1307,2,Valid,Rear,Zero,0.0
1308,2,Invalid,Front,Zero,0.0
1309,2,Valid,Rear,One_near,0.0
1310,2,Valid,Rear,Three,0.0
1311,2,Valid,Front,Three,0.0
1312,2,Valid,Front,Zero,0.0
1313,2,Valid,Rear,Three,0.0
1314,2,Valid,Rear,Zero,0.0
1315,2,Valid,Rear,Zero,0.0
1316,2,Invalid,Rear,One_far,0.0
1317,2,Valid,Front,Three,0.0
1318,2,Valid,Rear,One_far,0.0
1319,2,Valid,Front,One_near,0.0
1320,2,Valid,Front,One_far,0.0
1321,2,Valid,Front,Zero,415.52734375
1322,2,Valid,Front,Three,0.0
1323,2,Valid,Front,One_far,0.0
1324,2,Valid,Front,One_near,125.1220703125
1325,2,Invalid,Front,One_near,0.0
1326,2,Valid,Front,Zero,0.0
1327,2,Valid,Front,Zero,0.0
1328,2,Invalid,Rear,One_near,0.0
1329,2,Valid,Front,Three,0.0
1330,2,Invalid,Rear,Zero,0.0
1331,2,Valid,Front,One_far,0.0
1332,2,Invalid,Front,Zero,0.0
1333,2,Valid,Front,Three,0.0
1334,2,Valid,Front,Three,0.0
1335,2,Valid,Front,Zero,0.0
1336,2,Valid,Front,One_far,0.0
1337,2,Valid,Front,One_near,0.0
1338,2,Valid,Rear,One_far,0.0
1339,2,Valid,Rear,One_far,0.0
1340,2,Valid,Rear,One_near,0.0
1342,2,Valid,Rear,Three,0.0
1343,2,Valid,Rear,One_near,0.0
1344,2,Valid,Front,Zero,0.0
1345,2,Invalid,Front,One_near,0.0
1346,2,Invalid,Front,One_near,0.0
1347,2,Valid,Front,One_near,0.0
1348,2,Valid,Front,Zero,0.0
1349,2,Invalid,Rear,Zero,0.0
1350,2,Valid,Rear,One_far,0.0
1351,2,Valid,Front,Zero,0.0
1352,2,Valid,Front,Three,0.0
1353,2,Valid,Rear,One_near,0.0
1354,2,Valid,Front,Three,0.0
1355,2,Invalid,Front,One_near,0.0
1356,2,Valid,Front,One_far,0.0
1357,2,Valid,Front,One_far,0.0
1358,2,Valid,Rear,Three,0.0
1359,2,Invalid,Rear,Zero,0.0
1360,2,Valid,Front,Three,0.0
1361,2,Invalid,Front,Three,0.0
1362,2,Valid,Rear,Zero,0.0
1363,2,Valid,Front,One_near,0.0
1364,2,Invalid,Front,One_far,0.0
1365,2,Valid,Front,One_far,0.0
1366,2,Valid,Front,One_far,0.0
1367,2,Valid,Front,Zero,0.0
1368,2,Valid,Rear,Zero,0.0
1370,2,Invalid,Front,One_far,0.0
1371,2,Valid,Rear,Zero,0.0
1372,2,Valid,Front,Three,0.0
1373,2,Valid,Front,Zero,0.0
1374,2,Valid,Front,One_far,0.0
1375,2,Valid,Rear,One_near,0.0
1376,2,Valid,Rear,Three,0.0
1377,2,Valid,Rear,One_near,0.0
1378,2,Valid,Front,Three,0.0
1379,2,Valid,Rear,One_near,0.0
1380,2,Valid,Front,One_near,0.0
1381,2,Invalid,Rear,One_far,0.0
1382,2,Valid,Rear,One_near,0.0
1383,2,Valid,Front,One_near,0.0
1384,2,Invalid,Front,Zero,0.0
1386,2,Valid,Rear,Zero,0.0
1387,2,Valid,Front,One_far,0.0
1389,2,Valid,Front,One_near,0.0
1390,2,Valid,Rear,One_near,0.0
1391,2,Valid,Rear,Zero,0.0
1392,2,Valid,Rear,One_near,0.0
1393,2,Valid,Rear,One_far,0.0
1394,2,Valid,Rear,One_far,0.0
1395,2,Valid,Front,One_near,0.0
1396,2,Valid,Rear,Zero,0.0
1397,2,Valid,Rear,One_far,0.0
1398,2,Valid,Front,Three,0.0
1399,2,Invalid,Rear,Three,0.0
1400,2,Valid,Rear,One_near,0.0
1401,2,Valid,Rear,Zero,0.0
1402,2,Valid,Rear,One_near,0.0
1404,2,Valid,Rear,Zero,0.0
1405,2,Valid,Front,One_near,0.0
1406,2,Valid,Rear,One_far,0.0
1407,2,Valid,Front,Zero,0.0
1408,2,Valid,Rear,One_far,0.0
1409,2,Valid,Front,Three,0.0
1410,2,Valid,Rear,One_near,0.0
1411,2,Valid,Front,One_far,0.0
1412,2,Invalid,Rear,Three,0.0
1413,2,Invalid,Rear,Zero,0.0
1414,2,Valid,Front,One_far,0.0
1415,2,Invalid,Front,Three,0.0
1416,2,Valid,Rear,Three,0.0
1417,2,Valid,Front,Zero,0.0
1418,2,Valid,Rear,Three,0.0
1419,2,Valid,Rear,Three,0.0
1420,2,Valid,Rear,Zero,0.0
1421,2,Valid,Front,One_near,0.0
1422,2,Valid,Front,Three,0.0
1423,2,Valid,Front,One_near,0.0
1424,2,Valid,Rear,One_far,0.0
1425,2,Valid,Front,One_near,0.0
1426,2,Valid,Front,One_far,0.0
1427,2,Valid,Rear,Three,0.0
1428,2,Valid,Front,Three,0.0
1429,2,Valid,Rear,Three,0.0
1430,2,Valid,Front,One_far,0.0
1431,2,Invalid,Rear,One_near,0.0
1432,2,Invalid,Front,One_far,0.0
1433,2,Invalid,Rear,Three,0.0
1434,2,Valid,Rear,Zero,0.0
1435,2,Invalid,Rear,One_near,0.0
1436,2,Valid,Rear,One_far,0.0
1437,2,Valid,Rear,One_far,0.0
1438,2,Valid,Rear,Zero,0.0
1439,2,Valid,Front,One_near,0.0
1440,2,Valid,Front,One_far,0.0
1441,20,Invalid,Rear,One_far,0.0
1442,20,Valid,Rear,Zero,537.41455078125
1443,20,Valid,Rear,One_near,391.66259765625
1445,20,Valid,Front,One_near,496.2158203125
1446,20,Valid,Front,Zero,329.04052734375
1449,20,Invalid,Rear,Three,290.252685546875
1450,20,Valid,Front,Zero,330.56640625
1451,20,Valid,Rear,One_far,537.017822265625
1452,20,Valid,Front,Zero,288.970947265625
1453,20,Valid,Rear,One_near,0.0
1454,20,Invalid,Rear,Three,350.555419921875
1455,20,Valid,Front,Three,393.218994140625
1456,20,Invalid,Front,One_far,0.0
1457,20,Valid,Front,Zero,332.45849609375
1458,20,Invalid,Rear,One_near,207.8857421875
1459,20,Valid,Front,Three,124.81689453125
1460,20,Valid,Front,One_near,0.0
1461,20,Valid,Rear,Three,0.0
1462,20,Invalid,Front,One_near,0.0
1463,20,Valid,Front,One_far,0.0
1464,20,Invalid,Front,Zero,412.65869140625
1465,20,Valid,Front,One_near,0.0
1467,20,Valid,Front,One_near,558.53271484375
1468,20,Valid,Rear,One_near,475.28076171875
1471,20,Valid,Front,One_far,374.3896484375
1472,20,Valid,Front,One_near,399.5361328125
1473,20,Valid,Front,One_far,432.18994140625
1474,20,Valid,Front,One_near,640.56396484375
1476,20,Valid,Rear,One_far,416.68701171875
1477,20,Valid,Front,One_near,459.77783203125
1478,20,Valid,Front,One_far,413.9404296875
1479,20,Valid,Front,Three,414.12353515625
1480,20,Valid,Rear,Three,392.27294921875
1481,20,Invalid,Front,Zero,20.8740234375
1482,20,Valid,Rear,Three,433.16650390625
1483,20,Valid,Rear,Zero,474.54833984375
1485,20,Valid,Front,Zero,411.7431640625
1487,20,Valid,Rear,Zero,494.68994140625
1488,20,Valid,Front,Three,310.05859375
1489,20,Valid,Rear,One_far,309.5703125
1490,20,Invalid,Front,One_far,412.78076171875
1491,20,Valid,Front,Three,605.52978515625
1492,20,Valid,Front,One_far,395.20263671875
1493,20,Valid,Rear,One_near,418.9453125
1494,20,Valid,Rear,Three,598.6328125
1495,20,Valid,Front,One_near,288.2080078125
1496,20,Valid,Rear,Zero,680.35888671875
1498,20,Invalid,Rear,One_near,352.05078125
1499,20,Valid,Front,One_near,309.9365234375
1500,20,Invalid,Front,One_near,414.6728515625
1501,20,Valid,Rear,One_near,331.787109375
1502,20,Valid,Front,Three,311.4013671875
1504,20,Valid,Front,One_near,352.9052734375
1505,20,Valid,Rear,Three,454.04052734375
1506,20,Valid,Rear,Three,414.85595703125
1507,20,Valid,Rear,Zero,702.57568359375
1508,20,Invalid,Rear,Zero,618.71337890625
1509,20,Valid,Rear,One_near,288.9404296875
1510,20,Valid,Rear,Three,394.47021484375
1511,20,Valid,Rear,Zero,597.65625
1512,20,Valid,Front,Three,372.61962890625
1513,20,Valid,Rear,Zero,560.9130859375
1514,20,Valid,Front,One_far,371.2158203125
1515,20,Valid,Front,One_far,578.61328125
1516,20,Valid,Rear,Zero,515.869140625
1517,20,Invalid,Front,One_far,349.853515625
1518,20,Valid,Front,Three,433.41064453125
1519,20,Invalid,Rear,Three,558.04443359375
1520,20,Valid,Front,One_far,313.78173828125
1521,20,Valid,Rear,Zero,476.6845703125
1522,20,Invalid,Rear,Zero,559.6923828125
1523,20,Valid,Front,Three,435.302734375
1524,20,Valid,Rear,Three,454.1015625
1525,20,Valid,Rear,One_far,498.9013671875
1526,20,Valid,Rear,One_near,644.1650390625
1527,20,Valid,Front,Zero,412.2314453125
1528,20,Valid,Rear,One_far,540.6494140625
1529,20,Valid,Rear,One_near,535.5224609375
1530,20,Valid,Rear,Zero,597.65625
1531,20,Valid,Rear,One_near,493.896484375
1532,20,Invalid,Front,Zero,558.4716796875
1533,20,Valid,Front,One_near,332.51953125
1534,20,Valid,Front,Three,537.109375
1535,20,Invalid,Front,Three,580.4443359375
1536,20,Valid,Rear,One_far,535.7666015625
1537,20,Valid,Front,Three,455.56640625
1538,20,Valid,Front,One_far,475.7080078125
1539,20,Valid,Front,One_far,329.4677734375
1540,20,Valid,Rear,Zero,659.7900390625
1541,20,Valid,Front,One_near,473.2666015625
1542,20,Valid,Front,One_far,412.9638671875
1544,20,Valid,Rear,One_far,559.08203125
1545,20,Valid,Front,One_near,412.9638671875
1546,20,Valid,Front,One_near,495.4833984375
1547,20,Valid,Rear,Zero,723.0224609375
1548,20,Valid,Front,Zero,618.896484375
1549,20,Valid,Front,One_far,330.56640625
1550,20,Valid,Rear,Zero,535.7666015625
1551,20,Valid,Front,One_near,392.9443359375
1552,20,Valid,Rear,One_near,557.0068359375
1553,20,Valid,Front,Three,372.802734375
1555,20,Valid,Front,Zero,557.2509765625
1556,20,Valid,Front,Zero,352.783203125
1559,20,Invalid,Front,One_near,371.4599609375
1560,20,Valid,Front,Zero,415.52734375
1561,20,Valid,Front,Zero,374.755859375
1562,20,Valid,Front,Zero,349.2431640625
1563,20,Valid,Front,Three,432.9833984375
1564,20,Valid,Rear,One_far,371.826171875
1565,20,Invalid,Front,Zero,496.09375
1566,20,Valid,Rear,Three,416.3818359375
1567,20,Valid,Front,Zero,369.9951171875
1568,20,Invalid,Rear,One_near,722.2900390625
1569,20,Valid,Front,One_far,639.5263671875
1570,20,Invalid,Rear,One_far,349.9755859375
1571,20,Valid,Front,Three,392.822265625
1572,20,Valid,Rear,Three,309.5703125
1573,20,Valid,Rear,One_near,495.2392578125
1576,20,Valid,Rear,One_far,372.802734375
1578,20,Valid,Front,One_far,391.357421875
1579,20,Valid,Rear,One_near,576.0498046875
1581,20,Valid,Rear,One_near,330.9326171875
1582,20,Valid,Front,Three,371.58203125
1583,20,Valid,Rear,One_far,475.4638671875
1584,20,Invalid,Front,Three,624.3896484375
1585,20,Valid,Front,Three,289.55078125
1586,20,Valid,Front,One_far,352.6611328125
1587,20,Invalid,Front,One_far,370.60546875
1588,20,Valid,Front,One_far,351.318359375
1590,20,Valid,Rear,One_far,309.326171875
1591,20,Invalid,Front,One_near,416.1376953125
1592,20,Valid,Rear,One_far,371.09375
1593,20,Invalid,Front,Three,434.6923828125
1594,20,Valid,Front,Zero,0.0
1595,20,Valid,Rear,One_far,785.15625
1596,20,Valid,Rear,Zero,745.9716796875
1597,20,Invalid,Front,Three,393.4326171875
1598,20,Valid,Rear,One_far,619.384765625
1599,20,Valid,Front,Zero,434.08203125
1600,20,Valid,Front,Zero,475.830078125
1601,21,Valid,Front,Three,520.8740234375
1602,21,Valid,Rear,Zero,646.1181640625
1603,21,Valid,Rear,Three,559.02099609375
1604,21,Valid,Front,Zero,351.07421875
1605,21,Valid,Rear,Zero,623.53515625
1606,21,Valid,Rear,One_far,454.7119140625
1607,21,Invalid,Front,One_near,477.1728515625
1608,21,Valid,Rear,One_near,435.05859375
1609,21,Valid,Front,One_far,518.00537109375
1610,21,Valid,Rear,Three,621.15478515625
1611,21,Valid,Rear,Three,704.2236328125
1612,21,Valid,Rear,Zero,600.28076171875
1613,21,Valid,Rear,Zero,702.69775390625
1614,21,Valid,Rear,One_near,497.55859375
1615,21,Valid,Rear,Three,579.9560546875
1616,21,Valid,Front,Three,475.2197265625
1617,21,Valid,Front,Zero,639.22119140625
1618,21,Valid,Front,One_near,580.6884765625
1619,21,Valid,Front,Zero,519.22607421875
1620,21,Valid,Rear,One_near,434.814453125
1621,21,Valid,Rear,Three,537.78076171875
1622,21,Valid,Front,One_near,539.36767578125
1623,21,Valid,Front,One_far,498.96240234375
1624,21,Valid,Front,One_near,560.4248046875
1625,21,Invalid,Front,One_far,517.39501953125
1627,21,Valid,Front,Three,394.22607421875
1628,21,Valid,Rear,One_far,725.9521484375
1630,21,Valid,Front,One_far,495.7275390625
1631,21,Valid,Rear,One_far,454.89501953125
1632,21,Valid,Rear,Three,538.2080078125
1633,21,Valid,Front,Three,475.341796875
1634,21,Valid,Rear,Three,475.5859375
1635,21,Valid,Rear,Three,578.9794921875
1637,21,Valid,Rear,Zero,785.82763671875
1639,21,Valid,Rear,One_near,433.77685546875
1640,21,Invalid,Front,One_near,579.16259765625
1641,21,Valid,Front,One_near,517.4560546875
1642,21,Valid,Rear,Three,619.2626953125
1644,21,Valid,Front,Three,413.9404296875
1645,21,Valid,Rear,One_near,476.25732421875
1646,21,Valid,Front,One_far,498.22998046875
1647,21,Valid,Front,Zero,415.83251953125
1648,21,Valid,Rear,Zero,603.08837890625
1649,21,Invalid,Front,Zero,417.3583984375
1650,21,Invalid,Front,One_far,374.32861328125
1651,21,Valid,Front,One_near,417.66357421875
1652,21,Valid,Front,One_far,434.4482421875
1653,21,Valid,Front,One_far,463.0126953125
1654,21,Valid,Front,One_far,476.62353515625
1655,21,Invalid,Front,Three,518.5546875
1656,21,Invalid,Rear,One_near,437.3779296875
1657,21,Valid,Front,Three,393.9208984375
1658,21,Valid,Front,One_near,536.7431640625
1659,21,Valid,Front,Zero,397.216796875
1660,21,Valid,Front,One_far,414.306640625
1662,21,Valid,Rear,One_near,497.6806640625
1663,21,Valid,Rear,One_far,578.61328125
1664,21,Valid,Rear,Zero,661.1328125
1665,21,Valid,Front,Three,541.3818359375
1666,21,Valid,Rear,One_far,393.4326171875
1667,21,Valid,Front,One_far,459.716796875
1668,21,Valid,Rear,Three,789.4287109375
1669,21,Valid,Front,Three,497.1923828125
1670,21,Valid,Rear,One_near,455.4443359375
1671,21,Valid,Front,Zero,435.4248046875
1672,21,Valid,Front,Zero,413.9404296875
1673,21,Valid,Rear,Zero,706.787109375
1674,21,Invalid,Front,Three,559.814453125
1676,21,Valid,Front,One_near,560.546875
1677,21,Valid,Front,One_near,496.58203125
1678,21,Invalid,Front,Zero,375.0
1679,21,Valid,Front,One_far,496.826171875
1680,21,Valid,Front,Three,516.7236328125
1687,21,Valid,Front,Three,685.6689453125
1711,21,Valid,Rear,One_far,516.2353515625
1712,21,Invalid,Rear,Three,0.0
1714,21,Valid,Front,One_far,0.0
1715,21,Valid,Rear,One_far,0.0
1716,21,Valid,Front,Zero,0.0
1717,21,Valid,Front,One_far,0.0
1719,21,Valid,Rear,One_far,0.0
1720,21,Valid,Front,One_far,0.0
1721,21,Valid,Front,Three,394.8974609375
1722,21,Valid,Rear,One_far,372.1923828125
1723,21,Invalid,Front,Zero,517.9443359375
1724,21,Valid,Rear,Three,415.283203125
1725,21,Valid,Front,Zero,373.291015625
1726,21,Valid,Front,Zero,352.1728515625
1727,21,Valid,Rear,One_near,166.015625
1729,21,Valid,Front,One_far,351.4404296875
1730,21,Valid,Rear,Zero,537.59765625
1731,21,Valid,Rear,One_far,371.826171875
1732,21,Invalid,Front,One_near,495.849609375
1733,21,Valid,Rear,One_near,453.9794921875
1734,21,Valid,Rear,One_far,372.1923828125
1735,21,Valid,Rear,Three,373.046875
1736,21,Valid,Front,Zero,415.0390625
1737,21,Valid,Front,Three,496.7041015625
1738,21,Valid,Front,Three,372.6806640625
1740,21,Valid,Rear,One_far,354.248046875
1741,21,Valid,Rear,Zero,517.4560546875
1742,21,Valid,Rear,Zero,497.1923828125
1743,21,Valid,Front,One_near,373.291015625
1744,21,Valid,Front,One_near,416.748046875
1745,21,Valid,Front,Zero,454.833984375
1746,21,Valid,Rear,One_far,413.6962890625
1747,21,Valid,Rear,Three,725.9521484375
1748,21,Valid,Front,One_near,413.4521484375
1749,21,Valid,Rear,Zero,517.9443359375
1750,21,Valid,Rear,Three,372.1923828125
1751,21,Valid,Rear,Three,351.318359375
1752,21,Invalid,Rear,One_far,394.04296875
1753,21,Valid,Front,Three,457.763671875
1754,21,Invalid,Rear,One_far,374.6337890625
1755,21,Valid,Front,Zero,371.4599609375
1756,21,Valid,Front,Zero,351.5625
1757,21,Valid,Front,One_far,372.6806640625
1758,21,Valid,Front,Zero,434.2041015625
1759,21,Valid,Rear,One_far,416.1376953125
1760,21,Valid,Front,Three,520.01953125
1761,22,Valid,Rear,Zero,477.325439453125
1763,22,Valid,Front,Zero,269.59228515625
1764,22,Valid,Rear,One_far,351.98974609375
1765,22,Valid,Rear,Three,370.849609375
1766,22,Invalid,Rear,Three,393.646240234375
1767,22,Valid,Rear,Three,456.146240234375
1768,22,Valid,Front,One_far,435.089111328125
1769,22,Valid,Front,One_near,329.7119140625
1770,22,Invalid,Rear,One_far,332.6416015625
1771,22,Valid,Rear,Zero,539.215087890625
1772,22,Valid,Rear,One_near,329.9560546875
1775,22,Valid,Rear,Zero,517.181396484375
1776,22,Valid,Front,One_far,351.5625
1777,22,Valid,Front,Three,440.85693359375
1778,22,Valid,Front,One_near,538.63525390625
1779,22,Valid,Front,Zero,288.26904296875
1780,22,Valid,Front,Zero,333.49609375
1781,22,Valid,Front,One_near,440.460205078125
1782,22,Valid,Front,One_far,272.3388671875
1783,22,Valid,Rear,One_far,331.878662109375
1784,22,Valid,Front,One_far,394.500732421875
1785,22,Invalid,Rear,Three,333.709716796875
1786,22,Valid,Rear,Three,413.0859375
1787,22,Valid,Front,Zero,248.22998046875
1788,22,Valid,Rear,Zero,578.369140625
1789,22,Valid,Front,Zero,374.755859375
1790,22,Valid,Front,One_near,473.81591796875
1791,22,Invalid,Front,One_near,433.2275390625
1792,22,Valid,Rear,One_far,250.3662109375
1793,22,Valid,Front,Zero,351.5625
1794,22,Valid,Front,One_near,497.00927734375
1795,22,Valid,Rear,Three,289.24560546875
1796,22,Invalid,Rear,One_far,250.18310546875
1797,22,Valid,Front,One_far,413.51318359375
1798,22,Invalid,Front,Three,453.06396484375
1799,22,Valid,Front,Three,434.63134765625
1800,22,Valid,Front,Zero,334.28955078125
1801,22,Invalid,Front,Zero,453.67431640625
1802,22,Valid,Front,Three,271.6064453125
1804,22,Valid,Rear,One_near,329.40673828125
1805,22,Valid,Rear,One_far,270.5078125
1806,22,Invalid,Rear,One_near,351.806640625
1807,22,Valid,Front,One_near,454.04052734375
1808,22,Valid,Front,One_near,393.12744140625
1809,22,Valid,Front,Three,395.08056640625
1810,22,Valid,Front,One_far,310.36376953125
1811,22,Valid,Rear,Zero,536.7431640625
1812,22,Valid,Front,Zero,312.07275390625
1814,22,Valid,Rear,One_far,372.55859375
1815,22,Invalid,Front,Three,641.41845703125
1816,22,Invalid,Rear,One_far,330.322265625
1817,22,Valid,Front,One_near,370.60546875
1819,22,Invalid,Front,One_far,330.810546875
1820,22,Valid,Front,Three,352.23388671875
1821,22,Valid,Rear,One_near,268.24951171875
1823,22,Valid,Front,One_far,494.93408203125
1824,22,Invalid,Rear,One_far,351.74560546875
1825,22,Valid,Front,Zero,351.50146484375
1826,22,Valid,Front,One_far,371.7041015625
1827,22,Valid,Front,One_far,413.2080078125
1828,22,Valid,Front,Zero,353.02734375
1829,22,Valid,Front,Zero,270.44677734375
1830,22,Invalid,Front,One_near,434.2041015625
1831,22,Valid,Rear,Zero,578.857421875
1832,22,Invalid,Rear,Zero,598.08349609375
1833,22,Valid,Rear,Three,372.1923828125
1834,22,Invalid,Rear,Zero,496.2158203125
1835,22,Valid,Rear,Zero,665.34423828125
1836,22,Invalid,Front,One_far,370.849609375
1837,22,Valid,Rear,Three,517.822265625
1838,22,Valid,Rear,Three,373.046875
1839,22,Valid,Rear,One_near,352.294921875
1840,22,Valid,Front,One_far,268.37158203125
1841,22,Invalid,Front,Three,414.306640625
1842,22,Valid,Rear,Zero,561.1572265625
1843,22,Valid,Rear,One_far,412.109375
1844,22,Invalid,Front,One_near,292.3583984375
1845,22,Valid,Front,One_near,455.078125
1846,22,Valid,Rear,One_far,371.337890625
1847,22,Valid,Front,One_near,478.271484375
1849,22,Valid,Rear,One_far,310.6689453125
1850,22,Valid,Rear,Zero,433.2275390625
1851,22,Valid,Front,One_near,496.4599609375
1852,22,Valid,Rear,One_far,351.4404296875
1853,22,Valid,Rear,Zero,536.376953125
1854,22,Valid,Front,Three,371.2158203125
1855,22,Valid,Front,One_near,371.4599609375
1856,22,Valid,Rear,Three,372.802734375
1857,22,Valid,Rear,Zero,518.06640625
1858,22,Invalid,Front,Zero,476.318359375
1859,22,Valid,Front,Three,330.9326171875
1860,22,Valid,Rear,Three,517.08984375
1861,22,Valid,Rear,One_near,289.9169921875
1862,22,Invalid,Rear,Three,497.4365234375
1863,22,Valid,Front,One_far,330.2001953125
1864,22,Valid,Rear,One_far,329.7119140625
1865,22,Valid,Front,One_near,454.7119140625
1866,22,Valid,Front,Zero,433.4716796875
1867,22,Valid,Rear,Zero,519.287109375
1868,22,Valid,Front,Zero,329.58984375
1869,22,Valid,Front,One_far,349.853515625
1870,22,Invalid,Front,One_far,308.9599609375
1871,22,Valid,Front,Three,744.384765625
1872,22,Valid,Front,Three,394.04296875
1873,22,Valid,Front,One_far,310.9130859375
1874,22,Valid,Rear,One_far,475.4638671875
1875,22,Valid,Rear,Zero,456.9091796875
1876,22,Invalid,Front,One_far,308.9599609375
1877,22,Valid,Front,Three,227.6611328125
1878,22,Valid,Rear,One_near,414.1845703125
1879,22,Valid,Rear,One_near,247.6806640625
1880,22,Valid,Rear,Three,394.53125
1881,22,Valid,Rear,One_far,351.4404296875
1882,22,Valid,Front,Three,496.826171875
1883,22,Valid,Rear,One_near,350.4638671875
1884,22,Invalid,Rear,Zero,453.9794921875
1885,22,Valid,Rear,Three,412.353515625
1886,22,Valid,Front,Zero,332.03125
1887,22,Invalid,Front,Zero,353.1494140625
1888,22,Valid,Rear,One_near,350.5859375
1889,22,Valid,Front,Three,352.05078125
1890,22,Valid,Rear,One_far,310.05859375
1891,22,Valid,Rear,One_near,371.2158203125
1892,22,Valid,Rear,Three,393.798828125
1893,22,Valid,Rear,One_far,453.2470703125
1894,22,Valid,Front,Zero,371.58203125
1895,22,Invalid,Front,Zero,249.0234375
1896,22,Valid,Front,Three,309.814453125
1897,22,Invalid,Front,Three,496.826171875
1898,22,Valid,Rear,Zero,495.849609375
1899,22,Valid,Rear,Zero,516.6015625
1900,22,Valid,Rear,One_near,291.015625
1901,22,Valid,Rear,One_near,375.8544921875
1902,22,Valid,Rear,Zero,417.1142578125
1904,22,Valid,Front,One_near,351.6845703125
1905,22,Valid,Rear,One_near,330.078125
1906,22,Valid,Front,Three,377.0751953125
1907,22,Valid,Front,Three,352.4169921875
1908,22,Valid,Rear,One_near,0.0
1909,22,Valid,Front,Zero,313.1103515625
1910,22,Valid,Front,One_near,458.1298828125
1911,22,Invalid,Front,One_near,330.810546875
1912,22,Valid,Front,One_near,351.1962890625
1913,22,Valid,Front,Three,330.9326171875
1914,22,Valid,Front,One_far,291.3818359375
1915,22,Valid,Rear,Three,270.263671875
1916,22,Valid,Rear,One_far,331.9091796875
1917,22,Invalid,Rear,One_near,331.1767578125
1918,22,Invalid,Rear,Zero,474.609375
1919,22,Invalid,Rear,One_near,373.6572265625
1920,22,Valid,Front,One_far,310.6689453125
2081,25,Valid,Front,Three,457.1533203125
2083,25,Valid,Front,Zero,455.596923828125
2086,25,Valid,Front,One_near,621.429443359375
2087,25,Valid,Front,One_far,455.902099609375
2089,25,Valid,Front,Three,454.65087890625
2090,25,Valid,Front,Zero,413.665771484375
2091,25,Valid,Front,One_near,518.585205078125
2092,25,Valid,Front,Zero,391.876220703125
2093,25,Invalid,Front,One_far,475.616455078125
2094,25,Valid,Front,Three,392.88330078125
2095,25,Valid,Front,One_far,496.185302734375
2096,25,Valid,Front,Zero,581.11572265625
2098,25,Invalid,Front,Zero,536.834716796875
2099,25,Valid,Front,Three,434.14306640625
2100,25,Valid,Rear,Zero,682.830810546875
2101,25,Invalid,Front,One_far,537.811279296875
2102,25,Valid,Rear,Zero,662.353515625
2103,25,Valid,Front,Zero,453.55224609375
2106,25,Valid,Front,One_near,415.252685546875
2107,25,Valid,Rear,Zero,600.982666015625
2108,25,Valid,Front,One_near,540.740966796875
2109,25,Valid,Front,Zero,475.433349609375
2110,25,Invalid,Front,One_near,520.904541015625
2111,25,Valid,Front,Three,458.19091796875
2112,25,Valid,Rear,Three,475.738525390625
2113,25,Valid,Rear,One_far,433.28857421875
2114,25,Valid,Rear,Three,456.207275390625
2115,25,Invalid,Rear,Three,518.096923828125
2116,25,Valid,Front,Three,540.22216796875
2117,25,Invalid,Front,Three,414.0625
2118,25,Invalid,Rear,Zero,765.594482421875
2119,25,Valid,Rear,Zero,601.806640625
2120,25,Valid,Rear,Three,456.451416015625
2121,25,Valid,Front,One_far,536.43798828125
2122,25,Valid,Front,One_far,578.2470703125
2123,25,Valid,Front,One_near,391.54052734375
2124,25,Invalid,Rear,One_near,555.7861328125
2125,25,Valid,Front,Three,493.83544921875
2126,25,Valid,Front,One_near,453.67431640625
2127,25,Valid,Rear,Three,434.2041015625
2128,25,Invalid,Front,One_near,433.59375
2129,25,Valid,Front,Three,453.55224609375
2130,25,Valid,Front,Zero,473.44970703125
2131,25,Valid,Rear,One_near,474.54833984375
2132,25,Valid,Rear,One_far,514.95361328125
2134,25,Valid,Rear,Three,540.34423828125
2135,25,Invalid,Front,One_far,598.5107421875
2136,25,Valid,Rear,Three,560.36376953125
2137,25,Invalid,Front,One_near,539.1845703125
2138,25,Invalid,Front,Three,459.9609375
2140,25,Invalid,Rear,Three,618.2861328125
2141,25,Valid,Front,Zero,475.5859375
2142,25,Valid,Front,Zero,622.13134765625
2143,25,Invalid,Front,Zero,557.43408203125
2144,25,Valid,Front,Zero,372.802734375
2145,25,Valid,Rear,Three,453.18603515625
2146,25,Invalid,Front,One_far,494.07958984375
2147,25,Valid,Rear,One_near,598.69384765625
2148,25,Valid,Front,One_near,515.80810546875
2149,25,Valid,Front,One_near,577.392578125
2150,25,Valid,Rear,Zero,534.85107421875
2151,25,Valid,Rear,Zero,557.31201171875
2152,25,Valid,Rear,One_near,454.65087890625
2153,25,Valid,Front,Three,538.0859375
2154,25,Valid,Rear,Zero,556.33544921875
2155,25,Valid,Front,One_far,457.3974609375
2156,25,Valid,Rear,One_far,411.92626953125
2157,25,Valid,Front,One_near,495.1171875
2158,25,Valid,Front,One_near,578.06396484375
2159,25,Valid,Front,One_far,479.3701171875
2160,25,Valid,Front,One_near,413.26904296875
2161,25,Valid,Rear,Zero,662.7197265625
2162,25,Valid,Front,One_near,392.4560546875
2163,25,Invalid,Rear,One_near,472.900390625
2164,25,Invalid,Rear,One_near,391.845703125
2165,25,Valid,Front,Zero,391.845703125
2166,25,Valid,Rear,Zero,578.61328125
2167,25,Valid,Front,One_far,412.353515625
2168,25,Valid,Front,Three,434.2041015625
2169,25,Valid,Rear,One_far,581.1767578125
2170,25,Valid,Front,Three,517.4560546875
2171,25,Invalid,Rear,Three,474.7314453125
2172,25,Valid,Rear,One_far,618.408203125
2173,25,Valid,Rear,One_far,228.1494140625
2174,25,Valid,Front,One_far,474.609375
2175,25,Valid,Front,Three,536.9873046875
2176,25,Valid,Front,One_far,412.109375
2177,25,Invalid,Front,One_near,
2178,25,Valid,Rear,One_far,641.7236328125
2179,25,Valid,Rear,One_far,621.9482421875
2180,25,Valid,Front,Zero,477.1728515625
2181,25,Valid,Front,One_far,453.4912109375
2182,25,Valid,Rear,One_near,432.4951171875
2183,25,Invalid,Rear,One_far,619.7509765625
2184,25,Invalid,Rear,Three,453.4912109375
2185,25,Valid,Rear,Zero,516.11328125
2187,25,Valid,Front,One_far,246.58203125
2188,25,Valid,Rear,Three,536.4990234375
2189,25,Invalid,Front,Zero,434.2041015625
2190,25,Valid,Front,Three,475.09765625
2191,25,Valid,Rear,Three,496.4599609375
2192,25,Valid,Front,One_near,412.9638671875
2193,25,Valid,Rear,One_far,535.888671875
2194,25,Invalid,Rear,One_far,432.2509765625
2195,25,Valid,Front,One_near,514.892578125
2196,25,Valid,Rear,One_far,454.345703125
2197,25,Valid,Rear,One_near,455.2001953125
2198,25,Valid,Front,One_far,495.1171875
2199,25,Valid,Front,Zero,458.1298828125
2200,25,Valid,Front,One_far,495.7275390625
2201,25,Invalid,Rear,Zero,639.892578125
2202,25,Valid,Front,Three,515.9912109375
2203,25,Valid,Rear,One_far,577.0263671875
2204,25,Valid,Rear,One_near,432.861328125
2205,25,Valid,Rear,One_far,473.388671875
2206,25,Invalid,Rear,Zero,513.7939453125
2207,25,Invalid,Front,Zero,454.1015625
2208,25,Valid,Front,One_far,432.9833984375
2209,25,Valid,Rear,Zero,557.861328125
2210,25,Valid,Rear,Zero,474.853515625
2211,25,Invalid,Front,Three,433.9599609375
2212,25,Valid,Rear,Three,618.2861328125
2213,25,Valid,Rear,Zero,556.640625
2214,25,Valid,Rear,Three,577.7587890625
2215,25,Valid,Rear,One_far,577.7587890625
2216,25,Valid,Front,Three,499.0234375
2217,25,Valid,Rear,Three,660.64453125
2218,25,Valid,Rear,One_near,536.2548828125
2219,25,Valid,Rear,Three,619.9951171875
2220,25,Valid,Rear,Zero,476.1962890625
2221,25,Valid,Front,Zero,434.4482421875
2222,25,Valid,Rear,One_near,437.255859375
2223,25,Invalid,Rear,Zero,498.53515625
2224,25,Valid,Rear,Zero,495.849609375
2225,25,Valid,Front,Zero,412.9638671875
2226,25,Invalid,Rear,One_far,411.9873046875
2227,25,Invalid,Front,Three,475.2197265625
2228,25,Valid,Front,One_far,534.423828125
2229,25,Valid,Rear,One_near,412.109375
2230,25,Valid,Front,Zero,374.267578125
2231,25,Valid,Front,Three,392.08984375
2232,25,Invalid,Rear,One_far,475.5859375
2233,25,Valid,Rear,One_far,538.330078125
2234,25,Valid,Rear,Zero,535.7666015625
2235,25,Valid,Rear,Three,536.9873046875
2236,25,Valid,Front,One_near,434.326171875
2237,25,Valid,Rear,One_near,393.798828125
2238,25,Valid,Rear,One_far,557.4951171875
2239,25,Valid,Front,One_near,369.7509765625
2240,25,Valid,Front,One_far,247.55859375
2241,4,Invalid,Front,Three,416.015625
2243,4,Valid,Rear,One_far,355.46875
2244,4,Valid,Front,Zero,379.058837890625
2245,4,Valid,Front,One_near,384.46044921875
2246,4,Invalid,Rear,One_far,417.144775390625
2247,4,Invalid,Front,One_far,207.1533203125
2248,4,Valid,Rear,Zero,499.45068359375
2249,4,Valid,Front,One_far,354.55322265625
2250,4,Valid,Rear,Three,354.461669921875
2251,4,Valid,Front,Zero,334.228515625
2252,4,Valid,Rear,Three,358.734130859375
2253,4,Invalid,Front,Three,380.859375
2254,4,Invalid,Rear,One_far,522.88818359375
2256,4,Invalid,Front,One_far,437.835693359375
2257,4,Valid,Front,One_near,414.6728515625
2258,4,Valid,Front,Three,403.13720703125
2259,4,Valid,Rear,Zero,458.80126953125
2260,4,Valid,Rear,Three,290.557861328125
2263,4,Invalid,Rear,Three,521.484375
2264,4,Invalid,Rear,One_far,482.635498046875
2265,4,Valid,Front,One_far,378.41796875
2267,4,Valid,Front,One_far,83.06884765625
2268,4,Valid,Rear,Zero,485.9619140625
2269,4,Valid,Front,One_far,402.64892578125
2270,4,Valid,Front,Three,0.0
2271,4,Valid,Rear,One_near,418.76220703125
2272,4,Valid,Front,Zero,272.27783203125
2273,4,Valid,Rear,One_near,0.0
2274,4,Valid,Front,Three,374.57275390625
2275,4,Valid,Front,Three,398.92578125
2276,4,Valid,Rear,One_near,355.40771484375
2277,4,Valid,Rear,One_near,318.90869140625
2278,4,Valid,Front,Zero,290.771484375
2279,4,Valid,Rear,Zero,506.28662109375
2281,4,Invalid,Rear,One_near,396.05712890625
2282,4,Invalid,Front,Three,376.89208984375
2283,4,Valid,Rear,One_near,229.43115234375
2284,4,Valid,Rear,One_far,330.50537109375
2285,4,Valid,Front,One_far,379.0283203125
2286,4,Invalid,Rear,Zero,393.1884765625
2287,4,Valid,Front,One_far,497.1923828125
2288,4,Invalid,Front,One_far,83.43505859375
2289,4,Valid,Rear,One_far,313.232421875
2290,4,Valid,Rear,Zero,475.64697265625
2291,4,Valid,Front,Zero,393.6767578125
2292,4,Valid,Front,Three,310.6689453125
2293,4,Valid,Rear,One_far,541.44287109375
2294,4,Invalid,Front,Zero,538.75732421875
2295,4,Valid,Rear,One_far,291.93115234375
2296,4,Valid,Rear,One_near,435.24169921875
2297,4,Valid,Front,One_far,289.73388671875
2298,4,Valid,Front,Zero,394.4091796875
2299,4,Valid,Rear,Zero,475.28076171875
2300,4,Valid,Rear,Zero,602.05078125
2301,4,Valid,Rear,Three,332.09228515625
2302,4,Valid,Rear,One_far,393.4326171875
2303,4,Valid,Front,Three,312.92724609375
2304,4,Valid,Rear,One_far,333.49609375
2305,4,Invalid,Rear,One_far,581.97021484375
2306,4,Valid,Rear,Three,372.55859375
2307,4,Valid,Front,One_near,331.4208984375
2308,4,Valid,Rear,Zero,520.20263671875
2309,4,Valid,Front,Three,331.48193359375
2310,4,Valid,Front,Zero,332.94677734375
2311,4,Invalid,Rear,Three,310.4248046875
2312,4,Valid,Rear,Three,416.015625
2313,4,Valid,Rear,One_near,520.81298828125
2314,4,Valid,Rear,Three,355.40771484375
2315,4,Valid,Front,One_far,395.81298828125
2316,4,Valid,Front,One_far,497.86376953125
2317,4,Valid,Rear,One_near,291.3818359375
2318,4,Valid,Rear,Three,269.04296875
2319,4,Invalid,Front,Three,498.9013671875
2320,4,Invalid,Front,One_near,456.6650390625
2321,4,Valid,Rear,Three,687.5
2322,4,Valid,Rear,One_far,394.287109375
2323,4,Valid,Front,One_far,395.1416015625
2324,4,Valid,Rear,One_near,310.05859375
2325,4,Valid,Front,One_far,290.52734375
2326,4,Valid,Front,Three,311.8896484375
2327,4,Valid,Front,One_near,462.158203125
2328,4,Invalid,Front,Zero,313.232421875
2329,4,Valid,Front,One_far,312.01171875
2331,4,Valid,Front,One_near,413.330078125
2332,4,Valid,Rear,One_far,497.314453125
2333,4,Valid,Rear,One_near,374.1455078125
2334,4,Valid,Front,One_near,414.0625
2335,4,Invalid,Rear,One_near,476.5625
2336,4,Invalid,Rear,Three,499.755859375
2337,4,Invalid,Rear,Zero,375.9765625
2338,4,Valid,Rear,Zero,558.10546875
2339,4,Valid,Rear,One_near,417.1142578125
2340,4,Invalid,Front,One_far,394.04296875
2341,4,Valid,Rear,Three,496.9482421875
2342,4,Valid,Front,Zero,372.55859375
2343,4,Valid,Front,Zero,289.6728515625
2344,4,Valid,Front,One_far,374.267578125
2345,4,Invalid,Front,One_near,504.0283203125
2346,4,Valid,Front,One_near,352.4169921875
2347,4,Valid,Rear,Zero,478.3935546875
2348,4,Invalid,Rear,One_near,353.1494140625
2349,4,Valid,Rear,One_near,248.779296875
2350,4,Valid,Rear,One_near,392.333984375
2351,4,Invalid,Front,Zero,268.4326171875
2352,4,Valid,Rear,One_far,518.4326171875
2353,4,Valid,Front,Zero,372.6806640625
2354,4,Valid,Rear,Zero,457.763671875
2355,4,Valid,Front,Zero,351.5625
2356,4,Valid,Front,Zero,0.0
2357,4,Invalid,Front,One_near,461.3037109375
2358,4,Valid,Front,Three,354.3701171875
2359,4,Valid,Rear,Zero,520.5078125
2360,4,Valid,Front,One_near,357.421875
2361,4,Valid,Rear,Zero,454.58984375
2362,4,Valid,Rear,Three,353.271484375
2363,4,Valid,Front,Three,413.0859375
2364,4,Valid,Rear,One_near,289.0625
2365,4,Valid,Front,One_near,515.7470703125
2366,4,Valid,Front,One_near,495.1171875
2367,4,Valid,Front,One_near,413.6962890625
2368,4,Valid,Front,One_far,330.6884765625
2369,4,Valid,Front,One_far,350.09765625
2370,4,Valid,Front,One_near,372.0703125
2371,4,Valid,Front,One_near,435.791015625
2372,4,Valid,Rear,Three,540.52734375
2373,4,Valid,Rear,Zero,661.4990234375
2374,4,Valid,Rear,One_near,392.08984375
2375,4,Valid,Front,Three,434.2041015625
2376,4,Valid,Rear,Zero,415.283203125
2377,4,Invalid,Front,Zero,331.787109375
2378,4,Valid,Rear,One_far,414.306640625
2379,4,Valid,Front,Zero,351.6845703125
2380,4,Valid,Rear,One_near,682.9833984375
2381,4,Valid,Rear,Three,268.798828125
2382,4,Valid,Front,Three,391.845703125
2383,4,Valid,Front,Three,370.9716796875
2384,4,Valid,Front,Zero,330.4443359375
2385,4,Invalid,Rear,Zero,541.50390625
2386,4,Invalid,Rear,One_near,515.5029296875
2387,4,Valid,Front,One_near,289.55078125
2388,4,Valid,Front,Zero,267.7001953125
2389,4,Valid,Front,Three,414.9169921875
2390,4,Valid,Front,One_near,330.9326171875
2391,4,Valid,Front,Three,351.1962890625
2392,4,Valid,Rear,Three,331.9091796875
2393,4,Valid,Front,One_near,496.58203125
2394,4,Invalid,Front,One_near,412.59765625
2395,4,Valid,Front,Three,411.9873046875
2396,4,Valid,Rear,One_far,579.58984375
2397,4,Valid,Rear,One_far,413.0859375
2398,4,Valid,Rear,Zero,496.826171875
2399,4,Valid,Front,Zero,434.5703125
2400,4,Valid,Rear,One_far,330.6884765625
2401,5,Valid,Front,One_far,496.88720703125
2403,5,Valid,Front,One_near,557.220458984375
2404,5,Valid,Front,Zero,207.794189453125
2405,5,Valid,Rear,Three,0.0
2406,5,Valid,Rear,One_near,456.512451171875
2407,5,Invalid,Rear,One_far,355.89599609375
2408,5,Invalid,Front,One_near,461.883544921875
2409,5,Invalid,Front,Three,457.305908203125
2410,5,Valid,Rear,Zero,645.93505859375
2411,5,Valid,Rear,One_far,601.593017578125
2412,5,Valid,Front,One_far,561.981201171875
2413,5,Valid,Front,Zero,584.930419921875
2414,5,Valid,Front,One_far,542.96875
2415,5,Valid,Front,One_near,227.569580078125
2416,5,Valid,Front,Zero,540.58837890625
2417,5,Valid,Front,Three,561.370849609375
2418,5,Valid,Rear,Zero,707.82470703125
2419,5,Valid,Rear,Zero,520.477294921875
2420,5,Valid,Rear,One_far,579.89501953125
2421,5,Valid,Rear,One_far,0.0
2423,5,Valid,Front,Three,0.0
2424,5,Valid,Front,Zero,0.0
2425,5,Valid,Rear,One_far,0.0
2426,5,Valid,Front,Zero,558.59375
2427,5,Valid,Rear,One_near,0.0
2428,5,Invalid,Front,One_far,499.08447265625
2429,5,Valid,Rear,Zero,726.01318359375
2431,5,Valid,Front,One_far,354.18701171875
2432,5,Valid,Rear,One_far,247.86376953125
2433,5,Valid,Rear,One_far,0.0
2435,5,Valid,Rear,Zero,540.95458984375
2436,5,Valid,Rear,Three,456.84814453125
2437,5,Invalid,Front,One_far,580.26123046875
2439,5,Valid,Rear,Three,480.5908203125
2440,5,Valid,Front,One_far,578.369140625
2441,5,Valid,Front,Three,0.0
2442,5,Valid,Front,One_near,0.0
2443,5,Valid,Front,Three,475.76904296875
2446,5,Valid,Front,Three,270.6298828125
2447,5,Valid,Rear,One_near,497.4365234375
2448,5,Valid,Rear,One_near,0.0
2449,5,Valid,Rear,Zero,517.578125
2452,5,Valid,Front,One_far,456.23779296875
2454,5,Invalid,Front,Zero,480.28564453125
2455,5,Valid,Rear,One_far,0.0
2456,5,Valid,Rear,One_far,0.0
2457,5,Valid,Rear,One_near,186.58447265625
2458,5,Valid,Front,One_near,0.0
2459,5,Valid,Front,One_near,521.54541015625
2460,5,Valid,Front,One_near,422.30224609375
2461,5,Valid,Rear,Three,475.64697265625
2462,5,Valid,Rear,Three,580.56640625
2463,5,Valid,Rear,Zero,353.8818359375
2464,5,Valid,Front,Zero,518.06640625
2465,5,Invalid,Rear,One_near,0.0
2466,5,Valid,Rear,Zero,477.6611328125
2467,5,Valid,Rear,One_far,456.48193359375
2468,5,Valid,Rear,One_near,0.0
2469,5,Valid,Front,Three,538.6962890625
2470,5,Valid,Front,Zero,497.314453125
2471,5,Valid,Front,Three,499.267578125
2472,5,Valid,Rear,Three,521.97265625
2473,5,Valid,Front,Three,0.0
2474,5,Valid,Front,Three,601.5625
2476,5,Invalid,Front,Zero,747.6806640625
2477,5,Invalid,Rear,Three,0.0
2478,5,Valid,Front,Zero,499.1455078125
2480,5,Valid,Front,One_far,439.8193359375
2481,5,Valid,Rear,Zero,909.66796875
2482,5,Invalid,Front,Three,62.1337890625
2483,5,Invalid,Front,Three,518.06640625
2484,5,Valid,Rear,One_near,0.0
2485,5,Valid,Rear,One_near,210.8154296875
2486,5,Valid,Front,One_far,455.078125
2487,5,Valid,Rear,One_near,458.0078125
2488,5,Valid,Front,One_near,583.8623046875
2489,5,Invalid,Front,Zero,251.3427734375
2490,5,Valid,Front,One_far,416.259765625
2491,5,Valid,Front,One_near,269.04296875
2492,5,Valid,Rear,One_far,496.4599609375
2493,5,Valid,Front,One_near,580.078125
2494,5,Invalid,Front,One_near,475.09765625
2495,5,Valid,Rear,One_near,582.1533203125
2496,5,Valid,Front,One_far,477.783203125
2497,5,Valid,Front,Zero,0.0
2498,5,Valid,Front,One_near,0.0
2500,5,Valid,Front,Three,
2501,5,Invalid,Rear,One_far,537.2314453125
2502,5,Invalid,Front,One_far,498.046875
2503,5,Valid,Front,Three,
2504,5,Valid,Rear,Three,517.333984375
2505,5,Valid,Front,One_near,
2506,5,Invalid,Rear,Zero,0.0
2507,5,Valid,Front,One_far,
2508,5,Valid,Front,Zero,560.302734375
2509,5,Valid,Front,One_near,601.1962890625
2510,5,Valid,Front,Three,456.298828125
2511,5,Valid,Front,One_far,0.0
2512,5,Invalid,Rear,Three,0.0
2513,5,Invalid,Rear,One_near,0.0
2514,5,Valid,Rear,One_far,460.205078125
2515,5,Valid,Rear,Three,478.1494140625
2516,5,Valid,Rear,Zero,62.744140625
2517,5,Valid,Front,One_far,519.775390625
2518,5,Valid,Rear,Three,559.326171875
2519,5,Valid,Rear,One_near,456.54296875
2521,5,Valid,Rear,Zero,601.07421875
2522,5,Valid,Rear,Three,519.4091796875
2523,5,Valid,Front,One_near,457.275390625
2524,5,Valid,Rear,Zero,480.46875
2525,5,Valid,Front,Zero,437.744140625
2526,5,Invalid,Front,One_far,478.8818359375
2527,5,Valid,Front,Zero,0.0
2528,5,Valid,Rear,One_near,500.732421875
2529,5,Valid,Rear,One_far,518.6767578125
2530,5,Valid,Rear,One_far,539.306640625
2531,5,Valid,Rear,Three,0.0
2532,5,Valid,Front,One_far,20.6298828125
2533,5,Valid,Rear,One_far,437.255859375
2534,5,Valid,Front,Three,0.0
2535,5,Invalid,Rear,One_near,0.0
2536,5,Invalid,Front,One_near,463.5009765625
2537,5,Valid,Front,Three,416.259765625
2538,5,Valid,Rear,One_near,565.185546875
2539,5,Invalid,Rear,Zero,0.0
2540,5,Valid,Rear,One_near,523.3154296875
2541,5,Valid,Rear,Three,250.6103515625
2542,5,Valid,Front,One_far,438.1103515625
2543,5,Invalid,Rear,Three,585.205078125
2544,5,Valid,Front,One_far,459.5947265625
2545,5,Valid,Rear,Three,436.8896484375
2546,5,Invalid,Rear,Zero,542.236328125
2547,5,Valid,Front,One_near,525.0244140625
2548,5,Valid,Rear,Zero,627.197265625
2549,5,Valid,Front,One_near,466.9189453125
2550,5,Invalid,Front,Zero,462.890625
2551,5,Valid,Rear,Zero,0.0
2552,5,Valid,Rear,One_near,459.47265625
2553,5,Valid,Front,Zero,0.0
2554,5,Valid,Rear,Three,248.53515625
2555,5,Valid,Rear,One_far,0.0
2556,5,Valid,Front,Zero,500.48828125
2557,5,Valid,Rear,Zero,522.94921875
2558,5,Valid,Front,Three,460.693359375
2559,5,Valid,Front,Three,0.0
2560,5,Invalid,Front,One_near,0.0
2564,6,Valid,Rear,Zero,392.578125
2565,6,Invalid,Rear,One_far,311.21826171875
2601,6,Valid,Rear,Three,352.5390625
2602,6,Invalid,Front,One_near,330.810546875
2603,6,Valid,Front,Three,290.83251953125
2604,6,Valid,Rear,One_far,290.0390625
2605,6,Valid,Front,One_near,268.49365234375
2606,6,Valid,Front,One_near,229.30908203125
2607,6,Valid,Rear,Three,289.1845703125
2608,6,Valid,Rear,One_far,478.69873046875
2609,6,Invalid,Rear,Three,311.1572265625
2610,6,Valid,Rear,Zero,516.845703125
2611,6,Valid,Rear,One_far,314.63623046875
2612,6,Valid,Front,Zero,436.58447265625
2613,6,Valid,Rear,One_far,358.82568359375
2614,6,Valid,Front,One_far,291.015625
2615,6,Valid,Front,One_far,310.24169921875
2617,6,Valid,Rear,Zero,476.01318359375
2618,6,Valid,Front,One_far,477.72216796875
2619,6,Invalid,Front,Zero,372.49755859375
2620,6,Valid,Front,Zero,376.708984375
2621,6,Valid,Front,One_far,312.68310546875
2623,6,Valid,Front,One_near,249.0234375
2624,6,Valid,Rear,One_far,414.48974609375
2625,6,Valid,Front,Three,289.0625
2626,6,Valid,Front,Three,291.68701171875
2627,6,Invalid,Rear,Zero,457.70263671875
2628,6,Invalid,Front,One_near,310.05859375
2629,6,Invalid,Front,Zero,393.310546875
2630,6,Valid,Rear,One_far,498.84033203125
2631,6,Valid,Front,Zero,479.4921875
2632,6,Valid,Rear,Three,312.31689453125
2633,6,Valid,Front,Three,146.3623046875
2634,6,Valid,Rear,One_far,394.1650390625
2635,6,Valid,Front,One_far,458.984375
2636,6,Valid,Rear,Zero,456.4208984375
2637,6,Valid,Front,Zero,249.267578125
2638,6,Valid,Front,One_near,291.1376953125
2639,6,Valid,Rear,One_near,479.00390625
2640,6,Valid,Front,Zero,517.08984375
2641,6,Invalid,Rear,Zero,497.4365234375
2642,6,Valid,Front,Zero,354.1259765625
2643,6,Valid,Rear,Zero,416.015625
2644,6,Valid,Rear,One_far,270.751953125
2645,6,Invalid,Front,Zero,249.267578125
2646,6,Valid,Rear,One_near,0.0
2647,6,Invalid,Rear,One_near,538.0859375
2648,6,Valid,Front,Zero,289.9169921875
2649,6,Invalid,Rear,One_near,208.251953125
2650,6,Valid,Front,Three,394.287109375
2651,6,Valid,Rear,Zero,124.1455078125
2652,6,Valid,Front,One_far,290.0390625
2653,6,Valid,Front,One_near,353.02734375
2654,6,Valid,Front,Three,290.1611328125
2655,6,Valid,Front,Zero,316.89453125
2656,6,Invalid,Front,Three,352.9052734375
2657,6,Invalid,Rear,One_far,269.6533203125
2658,6,Valid,Front,One_far,292.48046875
2659,6,Valid,Rear,Three,314.3310546875
2660,6,Valid,Rear,Three,374.6337890625
2661,6,Valid,Front,Zero,290.52734375
2662,6,Valid,Front,Three,376.0986328125
2663,6,Valid,Front,Three,0.0
2664,6,Valid,Front,One_far,459.3505859375
2665,6,Valid,Front,One_near,437.1337890625
2666,6,Valid,Front,One_far,354.4921875
2667,6,Valid,Rear,Zero,539.9169921875
2668,6,Valid,Rear,One_far,376.220703125
2669,6,Invalid,Front,One_far,291.259765625
2670,6,Valid,Front,Zero,272.0947265625
2671,6,Valid,Rear,Zero,396.240234375
2673,6,Valid,Rear,Three,270.8740234375
2674,6,Valid,Rear,One_near,271.728515625
2675,6,Valid,Rear,Three,312.744140625
2676,6,Valid,Rear,One_far,355.1025390625
2677,6,Valid,Front,Zero,290.52734375
2678,6,Valid,Front,Zero,291.1376953125
2679,6,Valid,Rear,One_far,270.1416015625
2680,6,Valid,Rear,Three,292.96875
2681,6,Invalid,Rear,Zero,395.3857421875
2682,6,Invalid,Front,Three,377.3193359375
2683,6,Valid,Front,One_near,333.49609375
2684,6,Valid,Rear,Three,269.6533203125
2685,6,Valid,Rear,One_near,250.1220703125
2687,6,Invalid,Front,One_far,351.318359375
2688,6,Valid,Rear,Three,310.1806640625
2689,6,Invalid,Rear,Three,377.0751953125
2690,6,Valid,Rear,Three,332.8857421875
2691,6,Valid,Front,Zero,269.775390625
2692,6,Valid,Front,One_far,311.03515625
2693,6,Valid,Front,Three,332.6416015625
2694,6,Valid,Rear,Zero,376.708984375
2695,6,Valid,Rear,One_near,289.9169921875
2696,6,Valid,Front,One_near,250.48828125
2697,6,Valid,Rear,One_near,20.751953125
2698,6,Valid,Rear,Zero,435.4248046875
2699,6,Valid,Front,Zero,311.6455078125
2700,6,Valid,Rear,One_near,352.294921875
2702,6,Valid,Front,Three,311.03515625
2703,6,Valid,Front,Three,333.3740234375
2704,6,Valid,Rear,Three,331.787109375
2705,6,Invalid,Front,One_near,394.287109375
2706,6,Valid,Rear,One_far,399.169921875
2707,6,Invalid,Front,One_far,273.0712890625
2708,6,Valid,Front,Zero,355.1025390625
2710,6,Valid,Front,One_near,355.3466796875
2711,6,Valid,Rear,Zero,542.96875
2712,6,Valid,Front,One_near,311.279296875
2713,6,Valid,Front,Three,379.638671875
2715,6,Valid,Rear,Three,353.8818359375
2716,6,Invalid,Front,Three,354.4921875
2722,7,Valid,Rear,Zero,688.720703125
2723,7,Invalid,Front,Zero,394.34814453125
2724,7,Valid,Front,One_near,371.76513671875
2725,7,Valid,Front,Zero,351.37939453125
2726,7,Invalid,Front,One_near,484.55810546875
2727,7,Invalid,Front,One_far,393.9208984375
2728,7,Invalid,Rear,One_far,384.46044921875
2729,7,Valid,Front,One_far,373.9013671875
2730,7,Valid,Front,Zero,505.06591796875
2732,7,Valid,Front,Zero,0.0
2733,7,Invalid,Front,Three,395.56884765625
2735,7,Valid,Front,One_far,372.9248046875
2737,7,Valid,Front,One_far,373.71826171875
2738,7,Valid,Front,One_near,435.791015625
2739,7,Invalid,Rear,One_near,393.61572265625
2740,7,Valid,Front,Zero,516.357421875
2741,7,Valid,Front,Zero,395.08056640625
2742,7,Valid,Rear,Zero,641.2353515625
2743,7,Valid,Front,One_near,414.55078125
2744,7,Valid,Rear,One_far,394.71435546875
2745,7,Valid,Rear,Zero,603.69873046875
2746,7,Valid,Rear,One_far,353.8818359375
2747,7,Valid,Rear,Zero,582.70263671875
2748,7,Valid,Rear,One_far,372.61962890625
2749,7,Invalid,Front,One_near,414.306640625
2750,7,Valid,Rear,Three,374.0234375
2751,7,Valid,Front,One_near,480.89599609375
2753,7,Invalid,Rear,Three,402.64892578125
2754,7,Valid,Front,Zero,519.775390625
2755,7,Valid,Front,Zero,352.84423828125
2756,7,Valid,Front,One_far,500.48828125
2757,7,Valid,Front,Zero,355.46875
2758,7,Valid,Front,Three,355.40771484375
2759,7,Valid,Rear,Zero,541.32080078125
2760,7,Valid,Front,One_near,580.6884765625
2761,7,Invalid,Front,One_near,433.59375
2762,7,Valid,Front,Three,392.27294921875
2764,7,Valid,Front,Three,353.21044921875
2765,7,Valid,Rear,One_near,415.83251953125
2766,7,Valid,Front,One_far,330.9326171875
2767,7,Valid,Rear,Zero,494.5068359375
2769,7,Valid,Rear,Three,411.376953125
2770,7,Valid,Rear,Three,395.5078125
2771,7,Valid,Rear,One_far,455.078125
2772,7,Valid,Rear,Three,371.9482421875
2773,7,Valid,Rear,One_far,412.59765625
2775,7,Invalid,Front,Zero,394.287109375
2776,7,Valid,Rear,One_near,310.05859375
2779,7,Valid,Front,Three,454.7119140625
2780,7,Valid,Front,One_near,395.8740234375
2781,7,Valid,Front,Three,0.0
2783,7,Valid,Rear,One_near,600.5859375
2784,7,Valid,Rear,One_near,414.1845703125
2786,7,Valid,Rear,Zero,559.2041015625
2787,7,Valid,Front,Three,568.7255859375
2788,7,Valid,Front,One_near,372.0703125
2789,7,Valid,Front,Zero,289.9169921875
2790,7,Valid,Rear,Three,434.6923828125
2791,7,Valid,Front,One_far,374.8779296875
2792,7,Valid,Front,Three,353.02734375
2793,7,Valid,Rear,Three,453.61328125
2794,7,Valid,Front,One_near,391.4794921875
2796,7,Valid,Rear,One_far,499.8779296875
2797,7,Valid,Front,One_far,536.1328125
2798,7,Valid,Front,One_far,536.62109375
2800,7,Valid,Rear,Three,437.01171875
2802,7,Valid,Rear,One_near,497.802734375
2803,7,Valid,Front,One_near,561.6455078125
2804,7,Valid,Rear,Zero,516.845703125
2805,7,Valid,Front,Zero,434.814453125
2806,7,Invalid,Rear,One_near,456.54296875
2807,7,Valid,Front,One_near,412.4755859375
2808,7,Valid,Front,Three,412.109375
2809,7,Valid,Front,One_far,579.833984375
2810,7,Invalid,Front,Three,415.4052734375
2811,7,Valid,Rear,Three,329.58984375
2812,7,Invalid,Front,Zero,372.6806640625
2813,7,Valid,Front,One_far,433.59375
2814,7,Valid,Front,Three,352.9052734375
2815,7,Valid,Front,One_near,352.05078125
2817,7,Valid,Front,One_far,414.306640625
2818,7,Valid,Rear,One_far,332.763671875
2820,7,Valid,Front,Zero,501.953125
2821,7,Valid,Front,One_near,456.54296875
2822,7,Valid,Rear,Zero,559.326171875
2823,7,Valid,Rear,One_near,562.98828125
2824,7,Valid,Front,Three,454.58984375
2825,7,Invalid,Front,One_far,414.4287109375
2826,7,Valid,Rear,One_far,417.236328125
2828,7,Valid,Rear,One_far,536.62109375
2829,7,Valid,Rear,One_near,435.6689453125
2830,7,Valid,Rear,Three,433.7158203125
2831,7,Valid,Rear,One_far,579.833984375
2832,7,Invalid,Front,One_far,495.9716796875
2833,7,Valid,Front,One_near,538.6962890625
2834,7,Valid,Front,One_near,457.51953125
2835,7,Valid,Rear,One_far,391.357421875
2836,7,Valid,Rear,Three,558.2275390625
2837,7,Invalid,Rear,Zero,692.5048828125
2838,7,Valid,Rear,One_near,453.7353515625
2840,7,Valid,Rear,One_far,394.4091796875
2841,7,Valid,Rear,One_near,434.5703125
2842,7,Invalid,Front,Three,474.2431640625
2843,7,Valid,Front,One_far,414.0625
2844,7,Valid,Front,Zero,393.4326171875
2845,7,Invalid,Front,One_near,350.5859375
2846,7,Invalid,Front,Three,371.9482421875
2847,7,Invalid,Front,Zero,393.310546875
2848,7,Invalid,Rear,One_near,393.9208984375
2850,7,Invalid,Rear,One_far,354.00390625
2851,7,Valid,Rear,One_far,414.4287109375
2852,7,Valid,Front,Zero,454.9560546875
2853,7,Valid,Front,One_far,373.6572265625
2854,7,Valid,Front,Three,394.6533203125
2855,7,Valid,Rear,Zero,598.7548828125
2856,7,Valid,Front,Three,395.3857421875
2857,7,Valid,Rear,One_near,455.56640625
2858,7,Invalid,Rear,Zero,664.9169921875
2859,7,Valid,Rear,Three,519.53125
2860,7,Invalid,Front,One_far,519.53125
2861,7,Valid,Rear,Three,394.04296875
2862,7,Valid,Front,Three,456.298828125
2863,7,Invalid,Rear,Zero,496.58203125
2864,7,Valid,Rear,One_far,370.849609375
2865,7,Invalid,Rear,Three,582.03125
2866,7,Valid,Front,One_near,476.1962890625
2867,7,Invalid,Rear,Zero,638.3056640625
2868,7,Valid,Front,One_near,518.9208984375
2869,7,Valid,Front,Three,393.4326171875
2871,7,Valid,Rear,One_near,455.2001953125
2872,7,Valid,Front,One_far,391.7236328125
2873,7,Valid,Front,Three,435.1806640625
2874,7,Invalid,Rear,Three,622.0703125
2875,7,Valid,Rear,One_far,351.6845703125
2876,7,Valid,Rear,Zero,598.388671875
2877,7,Invalid,Rear,One_near,540.8935546875
2878,7,Valid,Front,One_far,497.314453125
2879,7,Valid,Front,Zero,476.1962890625
2880,7,Valid,Front,Zero,459.9609375
2882,8,Valid,Front,Three,334.808349609375
2883,8,Valid,Front,One_far,356.414794921875
2884,8,Invalid,Front,Three,330.413818359375
2885,8,Invalid,Front,One_far,268.61572265625
2886,8,Valid,Front,One_near,373.35205078125
2887,8,Valid,Front,Zero,332.489013671875
2888,8,Valid,Front,One_near,356.903076171875
2889,8,Valid,Rear,One_far,274.10888671875
2890,8,Valid,Rear,Zero,557.464599609375
2892,8,Valid,Front,One_near,288.4521484375
2893,8,Valid,Rear,Three,351.715087890625
2895,8,Valid,Rear,Zero,684.539794921875
2896,8,Valid,Front,Three,330.047607421875
2897,8,Valid,Rear,One_near,249.6337890625
2898,8,Valid,Rear,Three,268.035888671875
2899,8,Valid,Front,Three,331.298828125
2900,8,Valid,Rear,Three,309.14306640625
2901,8,Valid,Front,Zero,309.814453125
2902,8,Valid,Front,One_far,309.814453125
2903,8,Valid,Rear,One_near,413.51318359375
2904,8,Valid,Front,One_near,413.39111328125
2905,8,Valid,Rear,Three,335.0830078125
2906,8,Valid,Front,One_near,349.79248046875
2907,8,Valid,Front,Zero,267.9443359375
2909,8,Valid,Rear,Three,268.5546875
2910,8,Valid,Rear,One_near,309.6923828125
2911,8,Valid,Rear,One_far,539.55078125
2912,8,Valid,Front,Three,394.8974609375
2913,8,Valid,Front,One_far,563.29345703125
2914,8,Invalid,Front,Zero,335.38818359375
2915,8,Valid,Rear,One_near,704.345703125
2916,8,Valid,Front,One_near,288.57421875
2917,8,Invalid,Front,Three,333.3740234375
2918,8,Valid,Rear,Zero,660.0341796875
2919,8,Valid,Rear,Three,351.6845703125
2920,8,Valid,Rear,Three,330.078125
2921,8,Invalid,Rear,Zero,809.75341796875
2922,8,Valid,Front,One_far,334.5947265625
2923,8,Invalid,Front,One_near,269.95849609375
2925,8,Valid,Front,Three,268.798828125
2926,8,Valid,Front,One_far,267.578125
2927,8,Valid,Rear,One_far,290.10009765625
2928,8,Valid,Front,Zero,330.99365234375
2930,8,Valid,Front,One_near,395.01953125
2931,8,Valid,Front,One_far,289.00146484375
2932,8,Valid,Front,One_far,268.73779296875
2933,8,Valid,Front,One_near,371.64306640625
2934,8,Valid,Front,Zero,288.9404296875
2935,8,Invalid,Front,Three,371.27685546875
2936,8,Invalid,Rear,Three,534.912109375
2937,8,Valid,Rear,Three,372.314453125
2938,8,Valid,Rear,Zero,683.2275390625
2939,8,Valid,Rear,One_far,290.58837890625
2940,8,Invalid,Front,One_near,557.67822265625
2941,8,Valid,Front,One_near,351.4404296875
2942,8,Invalid,Rear,Zero,413.2080078125
2943,8,Valid,Front,Three,374.08447265625
2944,8,Invalid,Rear,One_near,474.7314453125
2945,8,Valid,Front,Three,355.04150390625
2946,8,Valid,Front,One_far,497.98583984375
2947,8,Valid,Front,One_far,
2948,8,Valid,Front,Zero,309.75341796875
2949,8,Valid,Rear,Zero,1016.2353515625
2950,8,Valid,Rear,One_near,272.15576171875
2951,8,Valid,Rear,Zero,845.8251953125
2952,8,Valid,Front,Zero,537.9638671875
2953,8,Valid,Rear,Zero,660.58349609375
2954,8,Valid,Front,One_near,412.9638671875
2955,8,Valid,Front,One_far,744.44580078125
2956,8,Valid,Rear,Zero,733.2763671875
2957,8,Valid,Front,One_near,391.66259765625
2958,8,Valid,Front,Zero,
2959,8,Valid,Rear,One_near,495.9716796875
2960,8,Valid,Front,One_far,
2961,8,Valid,Front,Zero,455.4443359375
2962,8,Invalid,Rear,One_near,665.283203125
2963,8,Valid,Front,One_near,415.771484375
2964,8,Invalid,Rear,One_far,438.1103515625
2965,8,Valid,Front,One_far,329.345703125
2966,8,Valid,Rear,Three,289.306640625
2967,8,Valid,Rear,One_far,742.67578125
2968,8,Valid,Front,One_near,0.0
2969,8,Valid,Rear,One_far,660.2783203125
2970,8,Valid,Front,Zero,412.2314453125
2971,8,Valid,Rear,Zero,618.896484375
2972,8,Valid,Rear,Three,416.9921875
2973,8,Valid,Rear,One_far,790.283203125
2974,8,Invalid,Front,One_near,394.287109375
2975,8,Valid,Front,One_far,536.62109375
2976,8,Valid,Front,Zero,559.9365234375
2977,8,Valid,Rear,One_near,646.97265625
2978,8,Valid,Rear,One_near,372.6806640625
2980,8,Valid,Rear,One_near,393.310546875
2981,8,Valid,Rear,Three,350.9521484375
2982,8,Valid,Rear,Zero,82.275390625
2983,8,Valid,Front,Zero,435.4248046875
2984,8,Valid,Rear,Three,392.7001953125
2985,8,Invalid,Front,Zero,419.677734375
2987,8,Valid,Rear,One_far,371.4599609375
2988,8,Valid,Front,Three,351.1962890625
2989,8,Invalid,Rear,One_near,413.818359375
2990,8,Invalid,Rear,One_far,351.806640625
2991,8,Valid,Front,One_near,396.8505859375
2992,8,Valid,Front,Zero,
2994,8,Invalid,Front,One_far,
2995,8,Valid,Front,One_near,
2996,8,Valid,Rear,One_far,665.771484375
2997,8,Valid,Rear,Zero,870.9716796875
2998,8,Valid,Front,Zero,
3001,8,Valid,Front,One_near,
3002,8,Valid,Rear,One_near,517.08984375
3003,8,Valid,Rear,One_far,784.423828125
3004,8,Valid,Rear,One_far,807.7392578125
3005,8,Valid,Front,Zero,599.853515625
3006,8,Valid,Rear,Three,578.9794921875
3007,8,Valid,Front,Three,350.4638671875
3008,8,Valid,Rear,One_far,783.3251953125
3009,8,Invalid,Rear,Zero,745.7275390625
3010,8,Invalid,Front,Zero,289.306640625
3011,8,Valid,Rear,One_far,602.1728515625
3012,8,Valid,Front,Three,436.4013671875
3013,8,Valid,Front,Three,392.4560546875
3014,8,Valid,Front,Three,351.6845703125
3015,8,Valid,Rear,Zero,747.802734375
3016,8,Invalid,Front,One_far,354.6142578125
3017,8,Valid,Rear,One_near,540.8935546875
3018,8,Valid,Rear,One_near,913.0859375
3019,8,Valid,Front,Three,372.802734375
3020,8,Invalid,Front,One_far,705.322265625
3021,8,Valid,Rear,Three,434.814453125
3022,8,Valid,Rear,One_near,742.7978515625
3023,8,Valid,Rear,One_far,782.5927734375
3024,8,Valid,Front,Three,
3025,8,Valid,Rear,One_far,723.876953125
3026,8,Valid,Front,One_far,557.373046875
3027,8,Valid,Rear,One_near,660.400390625
3028,8,Valid,Rear,One_near,661.376953125
3029,8,Valid,Rear,Three,562.744140625
3030,8,Invalid,Front,Three,374.8779296875
3031,8,Valid,Rear,Zero,729.4921875
3033,8,Invalid,Front,One_near,371.4599609375
3034,8,Invalid,Front,Zero,
3035,8,Valid,Front,Zero,496.4599609375
3036,8,Valid,Front,One_far,352.4169921875
3037,8,Invalid,Rear,One_far,435.4248046875
3038,8,Valid,Front,One_far,329.1015625
3039,8,Valid,Front,Three,
3040,8,Valid,Rear,Zero,641.9677734375
3041,9,Valid,Rear,One_near,0.0
3042,9,Valid,Front,Zero,0.0
3043,9,Invalid,Rear,One_far,0.0
3045,9,Valid,Front,One_far,289.947509765625
3046,9,Valid,Rear,Zero,0.0
3047,9,Valid,Front,One_near,312.92724609375
3048,9,Valid,Front,Zero,291.50390625
3049,9,Valid,Rear,Zero,0.0
3050,9,Valid,Front,One_far,315.338134765625
3051,9,Valid,Front,Zero,0.0
3052,9,Valid,Rear,One_near,0.0
3053,9,Valid,Front,Three,374.51171875
3054,9,Valid,Front,One_far,377.38037109375
3055,9,Valid,Front,Zero,0.0
3056,9,Valid,Rear,Zero,0.0
3057,9,Valid,Front,Three,82.51953125
3058,9,Valid,Front,One_far,312.6220703125
3059,9,Valid,Front,One_far,0.0
3060,9,Valid,Rear,One_far,0.0
3061,9,Valid,Rear,One_near,0.0
3062,9,Valid,Front,Zero,0.0
3063,9,Valid,Rear,One_far,248.809814453125
3064,9,Valid,Rear,Zero,210.3271484375
3065,9,Valid,Front,Three,397.64404296875
3066,9,Valid,Front,One_far,0.0
3067,9,Invalid,Front,Zero,0.0
3068,9,Invalid,Front,Zero,273.92578125
3069,9,Valid,Front,Three,276.0009765625
3070,9,Valid,Rear,One_far,103.33251953125
3071,9,Valid,Rear,Three,0.0
3072,9,Valid,Rear,One_near,317.3828125
3073,9,Valid,Rear,Three,312.19482421875
3074,9,Valid,Front,One_near,437.80517578125
3075,9,Valid,Front,Three,0.0
3076,9,Invalid,Rear,Three,400.7568359375
3077,9,Valid,Front,One_near,334.89990234375
3079,9,Valid,Rear,One_near,354.18701171875
3080,9,Valid,Rear,Three,229.248046875
3081,9,Invalid,Rear,Zero,456.54296875
3082,9,Valid,Rear,One_near,345.52001953125
3083,9,Valid,Rear,One_near,355.5908203125
3084,9,Invalid,Front,One_far,343.994140625
3085,9,Valid,Rear,One_far,0.0
3086,9,Valid,Rear,Three,389.70947265625
3087,9,Valid,Front,Zero,401.18408203125
3088,9,Valid,Front,One_near,0.0
3089,9,Valid,Rear,One_far,402.099609375
3090,9,Valid,Front,Zero,344.17724609375
3091,9,Invalid,Rear,One_near,0.0
3092,9,Valid,Rear,Zero,214.53857421875
3093,9,Invalid,Front,Three,379.45556640625
3094,9,Valid,Rear,One_far,571.59423828125
3095,9,Invalid,Front,One_near,0.0
3096,9,Invalid,Rear,One_far,0.0
3097,9,Valid,Front,Zero,0.0
3098,9,Valid,Front,Three,0.0
3099,9,Valid,Rear,One_far,0.0
3100,9,Valid,Front,One_near,
3101,9,Valid,Rear,Zero,586.12060546875
3102,9,Valid,Front,Zero,0.0
3103,9,Valid,Front,Three,0.0
3104,9,Valid,Rear,Three,0.0
3105,9,Valid,Rear,Zero,0.0
3106,9,Invalid,Rear,One_far,377.99072265625
3107,9,Valid,Rear,Three,399.10888671875
3108,9,Invalid,Rear,One_near,431.884765625
3109,9,Invalid,Rear,Three,344.8486328125
3110,9,Valid,Rear,One_far,623.6572265625
3111,9,Valid,Front,Three,0.0
3112,9,Valid,Rear,Three,310.36376953125
3113,9,Valid,Rear,Three,360.04638671875
3114,9,Valid,Front,Zero,357.97119140625
3115,9,Invalid,Front,Zero,0.0
3116,9,Valid,Rear,Zero,0.0
3118,9,Invalid,Rear,Three,334.228515625
3119,9,Invalid,Rear,Zero,448.3642578125
3120,9,Valid,Front,One_far,378.5400390625
3121,9,Valid,Rear,Zero,600.7080078125
3122,9,Invalid,Front,One_near,356.201171875
3123,9,Valid,Front,Three,312.6220703125
3124,9,Valid,Rear,One_near,270.751953125
3125,9,Valid,Front,Zero,334.9609375
3126,9,Valid,Front,One_far,291.748046875
3127,9,Valid,Front,One_far,
3128,9,Valid,Front,One_far,
3129,9,Invalid,Rear,Zero,479.6142578125
3130,9,Valid,Front,One_far,355.712890625
3131,9,Valid,Rear,Three,357.666015625
3132,9,Invalid,Rear,One_far,269.8974609375
3133,9,Valid,Rear,Three,395.6298828125
3134,9,Valid,Rear,One_far,353.6376953125
3135,9,Valid,Front,One_near,375.6103515625
3136,9,Valid,Front,One_near,374.755859375
3137,9,Valid,Rear,One_near,355.3466796875
3138,9,Valid,Front,Zero,374.51171875
3139,9,Valid,Rear,Zero,604.248046875
3140,9,Valid,Rear,Zero,0.0
3141,9,Valid,Rear,Zero,500.48828125
3142,9,Invalid,Front,Three,418.212890625
3143,9,Valid,Rear,Three,331.1767578125
3144,9,Valid,Rear,One_far,274.2919921875
3146,9,Invalid,Front,One_far,629.2724609375
3147,9,Valid,Rear,Zero,521.240234375
3148,9,Valid,Front,One_near,422.7294921875
3149,9,Valid,Rear,One_near,384.033203125
3150,9,Valid,Front,One_far,420.2880859375
3151,9,Valid,Rear,One_far,417.236328125
3152,9,Invalid,Front,One_near,415.771484375
3153,9,Invalid,Front,One_near,374.6337890625
3154,9,Valid,Front,One_far,335.8154296875
3155,9,Valid,Rear,Zero,482.177734375
3156,9,Valid,Rear,Zero,0.0
3157,9,Valid,Rear,Three,0.0
3158,9,Invalid,Front,One_far,375.6103515625
3159,9,Invalid,Rear,Zero,379.2724609375
3160,9,Valid,Front,Three,0.0
3161,9,Valid,Front,One_far,501.8310546875
3162,9,Valid,Front,Three,413.9404296875
3163,9,Valid,Front,One_near,354.248046875
3164,9,Invalid,Front,Zero,337.40234375
3165,9,Valid,Rear,One_near,354.6142578125
3166,9,Valid,Front,Three,437.6220703125
3167,9,Valid,Rear,One_far,585.44921875
3168,9,Valid,Rear,One_far,505.7373046875
3169,9,Valid,Front,One_far,355.3466796875
3170,9,Valid,Front,One_near,360.107421875
3171,9,Valid,Front,One_far,401.2451171875
3172,9,Valid,Rear,One_near,522.8271484375
3173,9,Valid,Rear,Three,461.669921875
3174,9,Valid,Rear,One_near,546.7529296875
3175,9,Valid,Front,Three,383.9111328125
3176,9,Valid,Front,Three,376.708984375
3177,9,Valid,Front,Zero,342.041015625
3178,9,Invalid,Front,One_far,
3179,9,Invalid,Rear,One_near,543.9453125
3180,9,Valid,Front,Three,379.150390625
3181,9,Invalid,Front,Three,464.9658203125
3182,9,Valid,Front,One_near,
3183,9,Valid,Front,Zero,394.6533203125
3184,9,Valid,Rear,Zero,668.9453125
3185,9,Valid,Front,Zero,
3186,9,Valid,Front,Zero,
3187,9,Valid,Front,One_near,
3188,9,Valid,Rear,One_near,625.244140625
3189,9,Valid,Front,One_near,1078.0029296875
3190,9,Invalid,Rear,Three,395.01953125
3191,9,Valid,Rear,One_far,524.0478515625
3192,9,Valid,Front,One_near,334.47265625
3193,9,Valid,Rear,One_far,545.0439453125
3194,9,Valid,Front,Three,311.03515625
3195,9,Valid,Rear,Three,519.775390625
3196,9,Valid,Rear,One_near,771.728515625
3197,9,Invalid,Rear,One_near,519.53125
3198,9,Valid,Rear,Three,417.724609375
3199,9,Valid,Rear,One_near,375.3662109375
3200,9,Valid,Front,One_near,352.9052734375
