trial,participant,condition,position,lateralisation,nb_dist,first_entry_ms,total_dwell_ms,n_visits,gaze_end_yaw,gaze_end_pitch,dist_at_end
1,18,Invalid,Rear,Right,One_near,0.988037109375,0.69793701171875,1,142.4212953154285,-19.326042596559283,7.74258859007692
3,18,Valid,Rear,Right,One_far,2.015655517578125,0.68017578125,2,143.80087822192164,-17.6003100995701,8.22285313301761
4,18,Valid,Rear,Left,Three,1.00927734375,0.60052490234375,1,139.28380436759167,-16.998473305998264,3.8441210542075495
5,18,Valid,Rear,Left,Zero,1.0096435546875,0.700286865234375,1,135.69866858714053,-16.372191777647835,1.4048882144214212
6,18,Valid,Front,Left,One_far,0.536041259765625,0.742645263671875,1,54.80444346824997,-18.315917763076403,14.233460793810412
7,18,Valid,Front,Left,Three,0.743011474609375,0.492340087890625,1,55.63397160276534,-13.011585468174648,13.664412527832983
8,18,Invalid,Front,Right,One_far,0.739654541015625,0.369964599609375,1,47.08897100127461,-20.51793030424732,9.836624241017812
9,18,Valid,Rear,Left,One_near,1.3773193359375,0.72003173828125,1,137.5247680097934,-17.249606268671688,2.7176544754137333
10,18,Valid,Rear,Left,One_far,2.118011474609375,0.556549072265625,2,135.2362262329927,-15.899162168940318,1.179763948093851
11,18,Valid,Front,Right,One_near,0.655792236328125,0.328704833984375,1,44.50340983311165,-17.86475153658524,6.284856487707731
12,18,Valid,Front,Left,Zero,0.410400390625,0.328857421875,1,51.92392540271792,-18.926118884274327,12.044924010592869
13,18,Valid,Rear,Right,One_near,1.047821044921875,0.514404296875,1,146.13921293133947,-19.786517698987264,11.212242886673474
14,18,Valid,Rear,Left,One_far,2.059112548828125,0.660430908203125,2,135.2597142867813,-19.37880772708163,4.4409435988250845
15,18,Valid,Rear,Left,One_far,1.43878173828125,0.657318115234375,1,137.6996479366233,-17.119510740615077,2.716823308213204
16,18,Valid,Front,Right,Zero,0.5751953125,0.5364990234375,1,51.16977224994307,-20.101107177109707,12.169734556489821
17,18,Valid,Rear,Right,Three,2.44927978515625,0.513092041015625,1,143.209357715988,-17.96352001256117,7.794696244365546
18,18,Invalid,Front,Left,One_far,0.67608642578125,0.390350341796875,1,55.814835671452165,-17.458906208276858,14.817812266941955
20,18,Valid,Rear,Left,Zero,1.047119140625,0.53472900390625,1,137.219846987021,-16.67932453592113,2.07561016780389
21,18,Valid,Front,Left,Zero,0.51507568359375,0.26800537109375,1,52.42463218574725,-15.41963109354819,10.94042534846655
22,18,Valid,Rear,Left,Three,0.9036865234375,0.699951171875,1,136.10209975773432,-17.381079974493975,2.3832679676162387
23,18,Valid,Rear,Left,One_near,0.927978515625,0.4334716796875,1,138.47692420770568,-15.556662625932114,2.538705735178467
24,18,Valid,Rear,Left,One_near,0.8858642578125,0.59820556640625,1,137.5654087029472,-19.146574709694757,4.432221365223422
25,18,Invalid,Rear,Right,One_near,1.04931640625,0.434814453125,1,144.38024518050358,-18.40947667630435,9.047267017813546
26,18,Valid,Rear,Left,One_far,2.18182373046875,0.4737548828125,1,137.20506620772926,-16.502492757084184,1.9260501161967236
27,18,Valid,Rear,Right,Three,1.3382568359375,0.61883544921875,1,142.68101727857453,-17.676234833519054,7.1970983570291835
28,18,Invalid,Rear,Left,One_near,0.9847412109375,0.435302734375,1,138.55989028281525,-17.622959109277208,3.6650992822831148
29,18,Valid,Front,Left,Zero,0.34881591796875,0.5130615234375,1,57.66743275592429,-20.488973329743743,17.77198139455928
30,18,Valid,Front,Right,One_near,0.88116455078125,0.18572998046875,2,49.09655674444306,-18.285464918192492,9.413877728188867
31,18,Valid,Rear,Left,Zero,1.0487060546875,0.5150146484375,2,139.41102834587932,-14.751565907941295,3.420063431354632
32,18,Valid,Rear,Left,One_near,1.02716064453125,0.43328857421875,1,135.669665619965,-12.769940355264074,2.2543927833704647
33,18,Valid,Front,Right,One_near,0.57666015625,0.39111328125,1,43.19144812006758,-17.244693500988607,5.280854082620251
34,18,Valid,Front,Left,One_far,0.51580810546875,0.1236572265625,1,43.4005226629048,-10.306018032382973,2.275925093109395
35,18,Valid,Rear,Right,One_far,2.24517822265625,0.555908203125,1,143.59514714072492,-19.098615191952668,8.630463868238317
36,18,Valid,Front,Right,One_far,0.57611083984375,0.102783203125,1,23.06277802314758,-12.604263392312143,18.943934590507023
37,18,Invalid,Front,Right,One_near,0.90472412109375,0.26947021484375,1,42.37057666690631,-19.024439987707527,6.934349011220767
38,18,Invalid,Front,Left,One_near,0.76153564453125,0.28961181640625,1,51.698388989514605,-14.137974915061909,9.910201347417706
39,18,Invalid,Front,Left,One_far,0.4307861328125,0.452880859375,1,54.71704298326285,-15.8316224795358,13.253233136406067
40,18,Invalid,Front,Right,One_near,0.905029296875,0.57720947265625,1,48.67387251068306,-19.045915580283108,9.632565470178267
41,18,Valid,Front,Left,Zero,0.47271728515625,0.83966064453125,2,47.30989226383885,-18.151563402677706,8.050861784318732
42,18,Valid,Rear,Right,Zero,,0.0,0,39.393300633858644,-6.670635034142401,96.96511064890544
44,18,Valid,Rear,Left,Zero,0.880859375,0.86224365234375,2,137.32012583393328,-19.226843926712455,4.428198482250315
45,18,Valid,Front,Left,One_far,0.389892578125,0.7000732421875,1,47.961200717367994,-11.65942406219349,5.977459422674718
46,18,Invalid,Front,Left,Three,0.3277587890625,0.59466552734375,1,12.269976571279761,-8.61140158814809,29.934004275262435
47,18,Valid,Rear,Left,Three,1.128173828125,0.80535888671875,2,134.49836326859173,-20.176452622936615,5.389858498200289
48,18,Valid,Front,Left,One_near,0.32891845703125,0.513427734375,1,50.62767692880312,-14.522660121572978,8.961366595138356
49,18,Valid,Rear,Left,Zero,0.88348388671875,0.63702392578125,1,142.73248934822706,-15.783595443224968,6.7779373442540605
50,18,Valid,Front,Right,Zero,0.6142578125,0.45269775390625,1,47.49507695688464,-17.90330781832934,7.992136910511917
51,18,Valid,Front,Right,Zero,0.4298095703125,0.4095458984375,1,49.77565200926303,-21.079924384693424,11.878543939556216
52,18,Valid,Rear,Right,One_far,2.4654541015625,0.493896484375,1,137.12827983946056,-21.861124509895323,6.953275842106329
53,18,Valid,Rear,Left,One_near,1.06719970703125,0.43109130859375,2,143.0095461175896,-18.19558151401813,7.703601624392953
54,18,Valid,Rear,Right,One_near,0.94122314453125,0.67669677734375,1,138.15673384380202,-16.373283139489494,2.55683543745137
55,18,Valid,Rear,Left,Three,0.884765625,0.49298095703125,1,143.04307891805502,-22.316095467455913,10.155304699263334
56,18,Valid,Front,Right,Three,0.574951171875,0.24591064453125,1,49.14691094514668,-19.854138915031555,10.545378436616874
57,18,Valid,Front,Right,Zero,0.34893798828125,0.22540283203125,2,38.84917690613934,-17.69048266427861,6.4172566247895455
58,18,Valid,Rear,Right,One_near,1.29241943359375,0.45074462890625,2,136.6619808861479,-18.626477354115202,3.686401591462268
59,18,Valid,Front,Right,Three,0.61376953125,0.16436767578125,1,45.28966152041465,-22.599410546315156,11.002703973977066
60,18,Valid,Rear,Left,One_near,0.8421630859375,0.35003662109375,1,142.54167634778403,-17.58059574445512,7.0322829746432225
61,18,Invalid,Front,Right,Zero,0.4112548828125,0.1845703125,1,46.114746271039806,-17.594825045197936,6.864709691776521
62,18,Invalid,Rear,Left,Zero,2.3402099609375,0.205078125,1,140.04079544040724,-14.507443638615186,4.070705044627597
63,18,Valid,Rear,Right,Zero,1.2088623046875,0.55560302734375,1,141.87190592876317,-19.79762928522376,7.5826463714643
64,18,Valid,Rear,Left,One_far,0.98089599609375,0.67742919921875,1,135.94900632745217,-16.87873343754055,1.879425360043023
65,18,Valid,Front,Left,One_near,0.34857177734375,0.61566162109375,1,47.46574193196839,-11.623676162612972,5.486457806721987
66,18,Valid,Front,Right,One_near,0.59796142578125,0.24652099609375,1,43.54427381115901,-20.03530615397759,8.084173758720565
67,18,Valid,Front,Right,One_far,0.30767822265625,0.2874755859375,1,2.5544438558973184,-12.204666603064917,39.4456950073814
68,18,Valid,Front,Left,One_near,0.3291015625,0.369384765625,1,47.83605196559577,-12.076711062325092,5.836098433007475
71,18,Valid,Front,Right,Zero,0.34930419921875,0.656494140625,1,50.330265750950865,-19.792284640407402,11.338631772419133
72,18,Valid,Front,Left,One_far,0.47314453125,0.43084716796875,1,55.716925883013154,-17.377488566263633,14.697140580640834
73,18,Valid,Rear,Right,Zero,1.0670166015625,0.4520263671875,1,139.97969513824052,-19.289909944946356,5.851606679287736
74,18,Valid,Front,Right,Three,0.55450439453125,0.5540771484375,1,40.757059229642536,-19.34513036134422,7.3509737934159896
75,18,Invalid,Rear,Right,Three,2.26055908203125,0.0816650390625,2,134.30241360323197,-25.10451926824184,10.24612654698167
76,18,Valid,Front,Left,One_far,0.3280029296875,0.45086669921875,1,54.69537032580926,-15.165390289372292,13.060208472134592
77,18,Valid,Rear,Right,One_near,0.8828125,0.5548095703125,1,141.62720889317694,-22.527168179292765,9.398071117352073
78,18,Invalid,Rear,Left,Three,0.9638671875,0.53662109375,1,145.16364378481057,-18.33186701853622,9.750574610970725
79,18,Valid,Rear,Right,Zero,1.0267333984375,0.6575927734375,1,137.9066734352475,-16.434754299826004,2.3861943528446625
80,18,Valid,Rear,Left,Three,0.821044921875,0.53466796875,1,141.11749022492666,-19.79342758187327,7.01182245816901
81,18,Valid,Front,Left,Three,0.3275146484375,0.7606201171875,1,54.42991771226364,-16.515890906561843,13.191017657190097
82,18,Valid,Front,Left,Zero,0.4918212890625,0.513671875,1,56.90326798484691,-15.2703344259884,15.236745617118183
83,18,Invalid,Front,Left,Zero,0.0,0.4102783203125,2,47.294073404633494,-10.891769852394937,5.430196433208418
85,18,Valid,Front,Left,Three,0.3697509765625,0.7978515625,1,54.439900286435204,-13.226449036660947,12.490796874845298
86,18,Valid,Front,Left,Three,0.2877197265625,0.576171875,1,40.50693004713422,-12.635615019262742,1.5862349551722954
87,18,Valid,Front,Left,One_near,0.3084716796875,0.3282470703125,1,32.101944697690975,-10.725052033712654,9.993096651066951
88,18,Valid,Front,Right,One_near,,0.0,0,9.249556687055186,-17.59366183328311,33.208008936593636
89,18,Valid,Front,Right,Zero,0.4517822265625,0.4100341796875,2,31.39103212050973,-8.209485266665904,11.299836474849798
90,18,Valid,Front,Left,Three,0.3896484375,0.6385498046875,1,59.265140610847624,-13.739358048673127,17.342796058424064
91,18,Invalid,Front,Left,Zero,0.288818359375,0.4398193359375,1,49.95058483667045,-12.684972631248716,7.9720757788924805
92,18,Valid,Front,Right,One_far,0.53369140625,0.3092041015625,1,48.82655343914767,-18.97751752447768,9.690308517123514
93,18,Valid,Rear,Left,Three,1.14892578125,0.6591796875,1,133.55838467738567,-16.9645100618947,3.1338131991091256
94,18,Invalid,Front,Left,One_near,0.410888671875,0.41015625,1,49.82963769990917,-14.699599456772788,8.249917808529508
95,18,Valid,Front,Left,Zero,0.2877197265625,0.35205078125,1,49.67948464620845,-12.923975910200054,7.723562696835013
96,18,Valid,Front,Left,One_near,0.2659912109375,0.389892578125,1,56.121682381965584,-12.421118091328932,14.125332920879986
97,18,Valid,Rear,Right,One_near,1.06640625,0.4342041015625,1,143.16496783746717,-20.78939957173288,9.21161828959059
99,18,Invalid,Front,Right,Zero,,0.0,0,-2.404374408927053,-0.6478437666739696,45.8573914330142
100,18,Valid,Front,Right,Three,0.4522705078125,0.32861328125,1,49.186685762757755,-20.512280812429534,11.064127652905814
101,18,Valid,Front,Right,One_far,0.4937744140625,0.2877197265625,1,48.34493368391864,-19.466903388231014,9.722625621963182
102,18,Valid,Rear,Right,One_near,1.1124267578125,0.557373046875,1,140.88117423974938,-21.146519975450396,7.848921567158364
103,18,Valid,Rear,Right,Three,1.2100830078125,0.4508056640625,1,141.65116052895496,-19.795822848047607,7.411850788694681
104,18,Invalid,Rear,Right,One_far,2.48388671875,0.041259765625,1,133.5190800344454,-22.30055371835193,7.710580293987581
106,18,Valid,Front,Right,One_near,0.4100341796875,0.1025390625,2,0.1444949866171479,1.298542542358569,43.947744449342444
107,18,Valid,Rear,Right,One_near,1.6422119140625,0.51416015625,1,139.5423781946509,-22.041374322322156,7.882220221548998
108,18,Valid,Front,Left,One_far,0.4508056640625,0.3699951171875,1,55.199380882561286,-16.980395969395076,14.072736780776227
109,18,Valid,Front,Right,Three,,0.0,0,-1.6364639644542969,-0.07942273084003006,45.26185220696303
110,18,Valid,Rear,Left,One_near,1.149658203125,0.5953369140625,1,130.68786719267257,-15.11728499549526,5.31342739979128
111,18,Valid,Rear,Right,One_far,1.271240234375,0.2872314453125,1,144.740854600665,-22.60363001962196,11.58523752994571
112,18,Valid,Rear,Left,One_near,0.9847412109375,0.65869140625,1,131.825594817397,-19.213500294088604,5.9312092659783655
114,18,Valid,Rear,Left,One_far,1.1895751953125,0.6788330078125,1,133.05039617623808,-17.969341367892294,4.185349552454062
115,18,Valid,Front,Right,One_near,0.615478515625,0.1029052734375,1,29.075333872121547,-19.23001076333524,14.760895907850749
116,18,Invalid,Front,Right,One_far,,0.0,0,6.369792455256579,-2.1907276655797623,36.98250083322107
117,18,Invalid,Front,Right,Three,,0.0,0,-0.7972630539162434,-0.34915239103327755,44.381168804294276
118,18,Valid,Rear,Right,Three,1.072265625,0.615234375,1,142.2853613715255,-21.659706485387396,9.157371786827047
120,18,Valid,Rear,Right,Three,1.5784912109375,0.557861328125,2,142.99497017950554,-21.891313114133784,9.819358647549446
121,18,Valid,Rear,Left,One_far,1.607177734375,0.515380859375,2,136.77519850870388,-12.058846845892685,3.0415973770063864
122,18,Valid,Front,Left,One_far,0.3900146484375,0.4544677734375,1,48.198542668529704,-11.596682895586358,6.218943585624385
123,18,Valid,Front,Right,One_far,0.6971435546875,0.2247314453125,1,39.624441569545986,-24.04631993473804,12.180223226181884
125,18,Valid,Rear,Right,Three,1.4146728515625,0.515380859375,1,138.897898992517,-18.770481536446177,4.755454719321029
126,18,Valid,Front,Right,One_far,,0.0,0,0.9816092844855125,1.9179920594792919,43.34757753635409
127,18,Valid,Front,Right,Three,,0.0,0,0.8993930498408101,0.24940673550799178,42.915821539270155
128,18,Valid,Front,Right,One_near,,0.0,0,1.8156204375898013,-19.97861336278906,40.94944333365435
129,18,Valid,Front,Left,Zero,0.552978515625,0.3486328125,1,47.64238552891601,-11.210618569151954,5.712049876047836
130,18,Valid,Front,Left,Three,0.39013671875,0.3074951171875,1,9.778699570822514,-2.9624163788716302,33.49190403336942
131,18,Valid,Front,Left,One_far,0.327880859375,0.40966796875,1,51.567339221091785,-10.48376921164096,9.702895533431288
132,18,Invalid,Rear,Left,One_near,,0.0,0,31.49763411715506,-11.156667570046025,104.57301601885226
133,18,Valid,Front,Right,One_far,0.716064453125,0.24658203125,1,48.216304199404,-20.930986653243142,10.799479763825957
134,18,Valid,Rear,Right,Three,1.6207275390625,0.556884765625,1,143.9062469890472,-19.728766761894658,9.212490246410981
135,18,Valid,Front,Right,Zero,0.5345458984375,0.16357421875,1,39.23214805597303,-16.51409173722097,5.210106548685576
136,18,Valid,Rear,Left,Zero,1.1712646484375,0.66015625,1,134.82778047855996,-14.50407798795464,1.2728068386350848
137,18,Valid,Rear,Left,One_far,2.3427734375,0.452880859375,1,138.3921532777325,-18.449768073644734,4.198011084561925
138,18,Valid,Rear,Left,Three,1.3338623046875,0.5341796875,1,139.42193662534666,-15.607257141818057,3.4754009127261742
139,18,Valid,Rear,Left,Three,1.0677490234375,0.6361083984375,1,139.663545016358,-14.572159074399806,3.6884427533174446
140,18,Valid,Front,Left,One_near,0.4736328125,0.2459716796875,1,44.420871331799766,-6.458104655897156,6.139348587508231
141,18,Valid,Front,Left,One_near,0.512451171875,0.4921875,1,52.57676193442295,-11.822324480351973,10.58040626401794
142,18,Invalid,Front,Left,Three,0.287109375,0.4722900390625,1,49.32484900921223,-15.256070568065704,7.975850703114243
143,18,Valid,Rear,Right,One_far,2.2222900390625,0.3724365234375,2,141.4178943884182,-15.045556754818579,5.418085918658274
144,18,Valid,Rear,Right,Three,1.332275390625,0.6383056640625,1,124.67673489421185,-17.35452217775606,11.565470476444299
145,18,Valid,Front,Left,One_near,0.49365234375,0.2884521484375,1,50.286180004959775,-18.123836543590382,10.244383133136425
146,18,Valid,Front,Left,Three,,0.0,0,8.098697156216772,-4.938101491864358,34.64954725168484
147,18,Valid,Front,Right,Three,,0.0,0,12.9935538935887,-10.591778156390838,29.045630460599114
148,18,Valid,Rear,Left,Zero,1.107421875,0.4736328125,1,137.51282230700966,-14.905566259693186,1.5157668237213646
150,18,Valid,Rear,Right,One_near,1.25341796875,0.5142822265625,1,139.2695242421962,-18.05804680593896,4.476766582883476
151,18,Valid,Rear,Right,Zero,1.08740234375,0.4117431640625,1,140.24773908430168,-18.700708642967363,5.633696103663869
152,18,Valid,Rear,Left,Zero,1.068115234375,0.59326171875,1,140.5096602418918,-14.23003179307355,4.574919292946826
153,18,Valid,Rear,Right,Zero,1.0867919921875,0.63671875,1,139.53023273160906,-16.555279603267458,3.8576466639213804
154,18,Valid,Rear,Right,Zero,1.12744140625,0.512939453125,1,140.9512686823847,-17.50660997715221,5.54960855761219
156,18,Valid,Front,Right,One_far,0.3280029296875,0.2454833984375,1,23.58936098445243,-11.008513360701071,18.44296538099474
157,18,Invalid,Front,Right,Three,0.510986328125,0.3685302734375,1,43.733198356242724,-19.76402537232333,7.857560782437401
158,18,Valid,Front,Right,Three,0.822265625,1.1090087890625,1,49.530088857045854,-20.06130496981054,10.958312598996988
159,18,Valid,Front,Left,Three,0.5528564453125,0.51513671875,1,57.92317742380979,-17.55163901501267,16.830565861554806
160,18,Invalid,Rear,Left,One_far,2.54736328125,0.2481689453125,1,129.91828699396495,-20.83333521417584,8.427041759046867
161,1,Valid,Rear,Left,One_near,2.674407958984375,0.145965576171875,1,144.59293619877073,-25.208164829178394,13.343357212329254
162,1,Valid,Front,Left,Zero,0.433929443359375,0.662353515625,2,38.64273993934033,-28.941653795174563,17.173016557128758
163,1,Valid,Rear,Right,Zero,0.893890380859375,0.10406494140625,2,119.08060905049778,-34.533460878856815,25.842249979595955
164,1,Valid,Front,Left,Zero,0.49609375,0.28887939453125,1,38.20986575702024,-23.50921179640555,12.02228062370228
166,1,Valid,Rear,Right,One_near,1.6920166015625,0.08209228515625,1,142.8335460830872,-35.5301938527348,21.63761104421064
167,1,Valid,Rear,Right,One_far,1.28118896484375,0.2880859375,2,123.1731107486642,-29.688639779843182,19.500903221338888
168,1,Invalid,Rear,Left,One_near,2.550323486328125,0.32958984375,1,126.30607227685807,-35.202982560231646,22.408318523051292
169,1,Valid,Front,Right,Zero,0.391693115234375,0.55731201171875,1,37.13554057437029,-22.140924411402324,11.157200748354978
170,1,Valid,Rear,Right,Three,1.345428466796875,0.041473388671875,1,170.0081328424433,-40.812849439189606,42.694921192098974
171,1,Valid,Rear,Right,Three,1.81976318359375,0.083953857421875,1,123.07203587046948,-32.33939895713602,21.62838442253969
172,1,Valid,Front,Left,Three,0.599639892578125,0.6407470703125,1,40.860175151466436,-25.307024647015425,13.256119368510811
173,1,Valid,Rear,Left,One_near,1.032196044921875,0.600677490234375,1,125.23692478134427,-32.3124359464309,20.385392479952746
174,1,Valid,Front,Left,Three,0.6805419921875,0.3714599609375,1,36.44901083503087,-25.563832771473297,14.56325079121427
175,1,Valid,Rear,Right,Zero,0.97265625,0.391082763671875,2,129.05667009638833,-31.693350948709426,18.079762057260762
176,1,Invalid,Front,Right,Three,1.15667724609375,0.309844970703125,3,38.61985243150955,-26.09378230149471,14.39622661277595
177,1,Valid,Front,Right,Three,0.43133544921875,0.26812744140625,1,37.09988171250503,-19.713159415919538,9.053803373370053
178,1,Valid,Rear,Right,One_far,1.17901611328125,0.391998291015625,2,130.26940674883582,-26.244597813632655,12.62064495184936
179,1,Invalid,Front,Left,One_far,0.701019287109375,0.537994384765625,1,39.00913402625416,-24.451381780097783,12.708340220132689
180,1,Valid,Front,Left,Three,0.6202392578125,0.475616455078125,1,36.296063031145124,-27.333720365821293,16.26656488410223
181,1,Valid,Rear,Right,Zero,0.887054443359375,0.49920654296875,2,129.43709665349522,-27.232321572849642,13.88169267046229
182,1,Valid,Rear,Right,One_far,1.15789794921875,0.479766845703125,2,130.325959053234,-34.24572122986445,20.06470847840139
183,1,Valid,Front,Right,One_far,0.433868408203125,0.681854248046875,1,39.654375850114846,-18.17003236744988,6.507476130913863
184,1,Valid,Rear,Left,Zero,0.916748046875,0.227874755859375,2,119.1431166727667,-32.20485225694221,24.086540986434013
185,1,Valid,Front,Right,One_near,0.454315185546875,0.435791015625,3,39.35243092097294,-21.65279242974594,9.912893887963873
186,1,Invalid,Front,Left,Three,0.68060302734375,0.43536376953125,1,36.221194845843875,-18.582740326206327,8.684498324412477
187,1,Valid,Rear,Left,One_far,0.9307861328125,0.47442626953125,2,122.46359001222487,-28.6501441555387,19.223965013080047
188,1,Valid,Rear,Left,Zero,1.0423583984375,0.33013916015625,1,128.48828284219692,-32.709156990409305,19.236427318236508
189,1,Valid,Front,Right,Three,0.55694580078125,0.22760009765625,1,46.79755721140053,-17.126198108726957,6.948325166889621
190,1,Valid,Front,Right,One_far,0.47509765625,0.22857666015625,2,40.53275125421746,-16.85034921936269,4.971784044777103
191,1,Valid,Front,Right,Zero,0.4739990234375,0.30963134765625,1,42.0141686988653,-17.12016125808825,5.020181252628009
192,1,Valid,Rear,Left,One_far,1.13751220703125,0.2271728515625,2,124.90290757424758,-33.85889319432322,21.881574733564825
193,1,Valid,Rear,Left,Three,1.8453369140625,0.061767578125,2,124.26459711171883,-35.30514642764084,23.452476466211703
194,1,Valid,Rear,Right,One_near,0.97259521484375,0.0,1,133.33124249351147,-35.46273782996336,20.636034166628345
195,1,Valid,Rear,Left,Three,1.0765380859375,0.06243896484375,1,123.43107652059064,-33.959748793555995,22.74752539829324
196,1,Valid,Rear,Right,One_near,0.969482421875,0.08258056640625,2,128.62824713029713,-36.71564444985272,22.932770313339635
197,1,Invalid,Front,Left,One_near,0.558837890625,0.37176513671875,1,37.54823383003412,-27.072841388975586,15.620633831297404
198,1,Invalid,Rear,Left,One_far,1.969482421875,0.10333251953125,1,122.7830520769908,-34.86601286547227,23.860976081682974
199,1,Valid,Front,Right,Three,0.4747314453125,0.35089111328125,1,39.571343857982576,-24.2456232691504,12.386062136623028
200,1,Valid,Front,Left,One_far,0.53936767578125,0.22686767578125,1,84.2167292021881,-29.5106906066622,45.66600893368937
201,1,Valid,Rear,Left,One_far,1.531982421875,0.29046630859375,2,128.10014854618163,-31.34915195334889,18.157709728544734
203,1,Valid,Front,Right,Three,0.45513916015625,0.47625732421875,1,37.39849508621255,-24.111727807303783,12.862948821649141
204,1,Valid,Front,Left,One_far,0.51617431640625,0.31103515625,1,33.495388672498024,-25.510901618398805,15.88019823712055
205,1,Invalid,Front,Right,One_far,0.49969482421875,0.3751220703125,1,45.50893879969907,-24.03244240925131,12.437677972601346
206,1,Valid,Front,Right,One_near,0.39398193359375,0.41650390625,1,40.009454329246324,-26.0200749834336,14.061676984334767
207,1,Valid,Front,Left,Zero,0.5372314453125,0.185791015625,1,29.594971648032974,-17.390863092346375,13.486213726434071
208,1,Valid,Rear,Right,One_near,0.77880859375,0.35162353515625,3,129.8350505533055,-31.88247662364336,17.972885651118
209,1,Invalid,Rear,Right,Zero,2.1131591796875,0.16650390625,3,132.6250967054082,-34.642940091904705,19.930756827125354
210,1,Valid,Front,Right,Three,0.35198974609375,0.3717041015625,2,37.22755082014399,-23.12328632744413,12.012040319243232
211,1,Valid,Front,Right,Three,0.45721435546875,0.28887939453125,1,37.149417315847465,-22.98836265972224,11.91992423572541
212,1,Valid,Front,Right,One_near,0.4322509765625,0.22930908203125,1,44.125710453960124,-25.905456010057353,13.9681516522303
213,1,Valid,Rear,Right,One_far,0.86810302734375,0.18560791015625,2,138.9859716657379,-27.03965844555966,12.404410597619126
214,1,Valid,Rear,Left,One_far,0.97900390625,0.35418701171875,2,124.21348649665168,-32.700809613911304,21.26594840472785
215,1,Valid,Rear,Right,One_far,0.97857666015625,0.3115234375,3,124.80529725306799,-31.78639122272168,20.176825812660287
216,1,Invalid,Rear,Left,One_near,2.17572021484375,0.33026123046875,1,118.57089972672254,-28.2199226664784,21.875554659108182
217,1,Valid,Rear,Right,Three,1.07470703125,0.0,1,129.21390782819438,-37.13225857947964,23.149253050437537
218,1,Valid,Front,Right,Zero,0.47412109375,0.33184814453125,1,37.89059033830239,-25.58206797374265,14.09444587829798
219,1,Valid,Front,Left,One_near,0.59783935546875,0.29022216796875,1,37.4643155298603,-20.96379871939004,9.956875079588324
220,1,Valid,Rear,Left,Three,0.8690185546875,0.2894287109375,3,120.61990972644044,-30.89480109477039,22.11768248856908
221,1,Valid,Rear,Left,One_near,0.91583251953125,0.0206298828125,2,124.17201060651394,-34.81368872445624,23.07560603672335
222,1,Invalid,Front,Right,One_near,0.58087158203125,0.414306640625,1,40.446133758944534,-20.506906857343193,8.549303082891369
223,1,Valid,Rear,Left,One_near,0.86907958984375,0.22698974609375,2,128.83420130115252,-29.8921236460867,16.526464161542204
224,1,Valid,Rear,Right,Three,0.888916015625,0.3302001953125,1,124.95796515727857,-32.1521499254173,20.399087737736384
225,1,Valid,Rear,Left,Zero,0.76416015625,0.416015625,2,115.02763649946735,-30.072053811584357,25.826475502820138
226,1,Valid,Rear,Right,Zero,0.74298095703125,0.20709228515625,4,124.75783456482945,-30.341966478888953,19.020047820946605
227,1,Valid,Front,Right,One_near,0.5157470703125,0.31097412109375,1,41.16137678528942,-28.293832163039134,16.21553233849978
228,1,Valid,Rear,Right,One_near,0.8681640625,0.2479248046875,3,126.2850605686099,-29.477749800599018,17.43517385758809
229,1,Valid,Front,Right,One_far,0.495849609375,0.3714599609375,1,42.456926956056435,-26.761662898427534,14.668781176031548
230,1,Valid,Rear,Left,Zero,0.9093017578125,0.41461181640625,2,123.91128571988293,-29.706526573383453,19.037303821705954
231,1,Invalid,Rear,Left,One_far,2.0272216796875,0.08282470703125,1,125.47787068419775,-33.985751771925905,21.706542232323706
232,1,Invalid,Rear,Right,One_near,2.09564208984375,0.12408447265625,1,135.39811065196267,-39.2809467234172,24.288405558469773
233,1,Invalid,Rear,Right,Three,2.11639404296875,0.2484130859375,2,122.47637028832882,-30.799800883547654,20.797169724223263
234,1,Valid,Rear,Right,One_far,0.8485107421875,0.1866455078125,2,125.37864306593444,-34.48611125944399,22.192831165406822
235,1,Valid,Rear,Left,One_near,,0.0,0,123.18560929378009,-35.21225742142514,23.932069681530074
236,1,Valid,Rear,Right,One_far,0.88873291015625,0.41375732421875,2,126.36308354829362,-30.97545520439091,18.65704498801109
237,1,Valid,Front,Left,One_near,0.6014404296875,0.3323974609375,1,35.64917311033972,-20.561087092372105,10.579366567386629
238,1,Invalid,Rear,Left,Three,1.97088623046875,0.52215576171875,1,120.07522415255372,-27.875007886822576,20.47838650570772
239,1,Valid,Front,Right,Zero,0.517333984375,0.479736328125,1,39.46686228800178,-13.917896999345059,3.11793780697681
240,1,Valid,Front,Left,One_near,0.60467529296875,0.24920654296875,1,38.693576605103004,-20.886961201991692,9.38845689299522
241,1,Valid,Rear,Right,Zero,0.9925537109375,0.3302001953125,1,125.24027626642284,-30.990139608547004,19.273199514448226
242,1,Invalid,Front,Left,Three,0.537841796875,0.14501953125,1,46.57145964227045,-20.722347542442307,9.759258189205179
243,1,Valid,Rear,Left,Three,0.8697509765625,0.372314453125,1,120.38735366210302,-27.002356541336294,19.692924826383866
244,1,Valid,Rear,Right,Zero,0.7855224609375,0.41357421875,1,122.30976613914602,-32.705435532603744,22.380905937071898
246,1,Invalid,Rear,Right,Zero,1.8282470703125,0.35400390625,2,124.17937891701393,-25.414572383370228,15.754059816948535
247,1,Valid,Rear,Left,Three,2.404052734375,0.37451171875,1,124.0842991605907,-35.10817374448904,23.37354440030133
248,1,Valid,Front,Right,One_far,0.4342041015625,0.5177001953125,1,35.2820003847902,-21.86546067082681,11.853089932309812
249,1,Valid,Front,Left,One_far,0.4962158203125,0.1673583984375,1,35.63243905735749,-17.657752976511446,8.451890351050956
250,1,Valid,Rear,Right,One_near,0.7440185546875,0.2073974609375,2,127.1471249028231,-36.86659398602388,23.590704314111324
251,1,Valid,Rear,Left,One_far,0.954345703125,0.2821044921875,2,124.40286797245842,-32.43662439040056,20.941092172953688
252,1,Valid,Front,Left,Three,0.558837890625,0.082275390625,1,30.078692213062826,-18.51202831799945,13.536309929287073
253,1,Valid,Front,Right,One_far,0.454345703125,0.4759521484375,1,54.13263915589913,-20.301088097740145,14.644411182227566
254,1,Invalid,Front,Left,One_near,0.55810546875,0.041259765625,1,34.73244171258743,-13.412712097487809,7.385161915072002
255,1,Valid,Rear,Left,Zero,0.8272705078125,0.0208740234375,1,122.45083166783155,-32.292921337720685,21.96872984234709
256,1,Valid,Front,Left,One_far,0.5584716796875,0.0421142578125,1,32.767149246232776,-18.423665911739093,11.190812464009529
257,1,Valid,Rear,Left,One_near,0.84716796875,0.435791015625,1,118.94960059388536,-30.15630152491805,22.81292606883798
258,1,Valid,Front,Left,One_near,0.5787353515625,0.165283203125,1,23.75214372318205,-15.321010374796456,18.529953225357872
259,1,Valid,Rear,Right,Three,0.8668212890625,0.51708984375,2,121.97822855276293,-30.298157322121497,20.75195634081116
260,1,Valid,Rear,Left,One_far,0.8048095703125,0.4156494140625,2,122.75287703226836,-22.795773195519967,15.37076272141987
261,1,Invalid,Rear,Left,Zero,1.8070068359375,0.0211181640625,1,124.16514185004846,-32.895316678760075,21.454748343026143
262,1,Valid,Rear,Left,One_near,1.1458740234375,0.2315673828125,1,133.04418731164682,-31.567722932019624,16.829327728724
263,1,Invalid,Front,Right,Zero,0.578125,0.310791015625,1,38.891511021885215,-17.378577675679452,6.125853900089569
264,1,Invalid,Rear,Right,One_far,1.926025390625,0.33154296875,1,124.19662209939814,-30.92491187682077,19.82227404080883
265,1,Valid,Rear,Left,Zero,0.8482666015625,0.166748046875,2,120.73569244081945,-33.84731152436338,24.253252090341558
266,1,Valid,Rear,Right,One_far,0.873779296875,0.41357421875,1,128.7861866975174,-31.789400739605117,18.273562311660196
267,1,Invalid,Front,Right,One_near,0.60107421875,0.1478271484375,1,44.769221240893344,-17.794670639510336,6.332287104476229
268,1,Valid,Front,Left,One_near,0.6475830078125,0.1029052734375,1,43.115979271007085,-14.223640217520098,2.3990117771253883
269,1,Valid,Rear,Right,One_near,0.7921142578125,0.4140625,1,128.56991501791805,-26.44240348984877,13.643121360798013
270,1,Valid,Front,Left,One_far,0.58447265625,0.3543701171875,1,34.46044334879655,-23.11697339890443,13.349854582311899
271,1,Valid,Front,Left,One_near,0.6453857421875,0.10498046875,1,45.08107579334969,-21.826391200033843,10.20273070410374
272,1,Invalid,Front,Right,Zero,0.432861328125,0.269775390625,1,36.84116438494503,-18.114852405644182,7.9241425002862735
273,1,Valid,Rear,Left,One_far,0.8067626953125,0.3743896484375,2,121.44948526760982,-26.221293322466973,18.374844293390506
274,1,Valid,Rear,Left,Three,0.8712158203125,0.248291015625,2,121.48446694806906,-30.195349824408538,21.014265537197637
275,1,Valid,Rear,Right,Three,0.871337890625,0.2701416015625,2,123.83871527458456,-32.58737455049817,21.382530012889813
276,1,Valid,Front,Left,Zero,0.5374755859375,0.2276611328125,1,38.00476752718508,-17.19858084654338,6.477453910339603
277,1,Valid,Front,Left,One_near,0.560546875,0.166748046875,1,32.018861435694625,-21.90856134917207,13.993963083427662
278,1,Valid,Front,Right,Zero,0.372314453125,0.290771484375,1,46.662134140659134,-22.56414780134842,11.455735853884047
279,1,Valid,Front,Left,Three,0.5384521484375,0.146728515625,1,29.558709870331516,-16.896797684358262,13.333977955405928
280,1,Invalid,Front,Left,One_far,0.5797119140625,0.207275390625,1,31.88417616771124,-17.45538404368477,11.44596129913319
281,1,Invalid,Rear,Right,Three,1.4261474609375,0.3929443359375,1,130.08844431511162,-30.46378169588436,16.555211715755988
282,1,Valid,Rear,Right,Three,0.969482421875,0.3958740234375,2,125.65144631555752,-31.257324534834055,19.271563620804237
283,1,Valid,Front,Right,One_far,0.4339599609375,0.2078857421875,1,49.19407677481966,-26.266902600037938,15.888859931441317
284,1,Valid,Rear,Right,Three,1.79833984375,0.538330078125,1,125.8976283418653,-33.769016887060396,21.315109852539855
285,1,Valid,Front,Right,One_near,0.4742431640625,0.144775390625,1,41.390740039785875,-20.751789675764943,8.67321522232632
286,1,Valid,Front,Left,Three,0.60009765625,0.061767578125,1,46.37673483097348,-18.796280480091205,7.999748749098749
287,1,Valid,Front,Right,One_far,0.4349365234375,0.2266845703125,1,45.728677780574195,-26.97339744301677,15.333655450977286
288,1,Valid,Front,Right,Zero,0.434326171875,0.2274169921875,1,38.83768023455357,-22.008091040165503,10.400506447242899
289,1,Valid,Front,Right,Zero,,0.0,0,19.9330322942379,-12.840317363905665,22.079382544048816
290,1,Valid,Front,Left,One_far,,0.0,0,12.646094624512562,-12.545684398071833,29.35728862439028
291,1,Valid,Front,Left,Zero,,0.0,0,-0.6630387221575867,-6.897337529762406,42.979094566865136
292,1,Valid,Front,Right,One_near,,0.0,0,9.32004962956743,-14.786371807631692,32.79017764061022
293,1,Valid,Front,Left,One_near,,0.0,0,4.212557423169624,-10.980215865597295,37.80403064495786
294,1,Valid,Rear,Left,Zero,0.9539794921875,0.1466064453125,1,116.83282240499071,-27.285019176240894,22.766255579678283
295,1,Valid,Front,Right,Three,0.4334716796875,0.2491455078125,1,37.22268246129928,-22.20570299656803,11.178013952416661
296,1,Valid,Rear,Left,Three,0.9583740234375,0.2506103515625,2,116.67816090195683,-27.517482889380908,23.02218156510398
297,1,Valid,Rear,Right,Zero,0.8695068359375,0.27001953125,2,130.41720217520188,-27.38533998551387,13.58544361106178
298,1,Valid,Front,Left,One_far,0.56103515625,0.04150390625,1,27.439846428558393,-11.2557188480765,14.584611159967793
299,1,Invalid,Rear,Right,One_near,1.93408203125,0.4354248046875,2,126.14775366848785,-30.906986774728683,18.710932259729546
300,1,Valid,Front,Right,Three,0.4774169921875,0.3961181640625,1,34.79202687408278,-15.878054443654504,8.138093877755553
301,1,Invalid,Rear,Left,Zero,1.86767578125,0.4366455078125,1,121.88260183720843,-30.548820597852664,21.001589293931975
302,1,Valid,Front,Left,Zero,0.47607421875,0.2265625,1,27.610541277937813,-13.173584566614759,14.429452731673678
303,1,Valid,Front,Left,Three,0.6414794921875,0.0628662109375,1,35.27095775872964,-23.28594531902989,13.05394125025571
304,1,Invalid,Rear,Right,One_far,2.031005859375,0.1871337890625,2,131.30620518231137,-33.44389624943882,19.03178968596028
305,1,Valid,Front,Right,One_far,0.3519287109375,0.22705078125,1,35.20555563554306,-15.18656173455129,7.4626629002586595
306,1,Valid,Front,Right,One_near,0.4749755859375,0.171142578125,1,36.91879552128873,-19.79234423780348,9.219045440138794
307,1,Valid,Rear,Left,One_far,0.9356689453125,0.43505859375,1,117.49860170031533,-28.956986018652923,23.17540070351423
308,1,Invalid,Front,Left,Zero,0.51708984375,0.2266845703125,1,25.353048241983135,-11.12032176119776,16.675754024490868
309,1,Valid,Front,Left,Three,0.560302734375,0.08251953125,1,39.0971750302643,-23.015974480504802,11.295348231194696
310,1,Valid,Front,Left,Zero,0.5980224609375,0.14794921875,1,34.45557757539614,-16.1141020029153,8.54583668289268
311,1,Valid,Rear,Left,One_near,0.871337890625,0.294677734375,2,122.60958057143817,-26.483451382158524,17.640096034863433
312,1,Invalid,Front,Right,One_far,0.518798828125,0.1474609375,1,42.029014190983986,-22.687693304445617,10.587733059171873
313,1,Valid,Front,Left,One_far,0.5594482421875,0.1031494140625,1,27.59190782929963,-7.609890133998048,15.091527643289309
314,1,Invalid,Front,Right,Three,0.4569091796875,0.335205078125,2,38.19077210238284,-16.643705394788736,5.929205333821484
315,1,Valid,Rear,Left,Zero,0.847412109375,0.2894287109375,2,119.72187473039074,-28.513634997051643,21.15645748055734
316,1,Invalid,Front,Left,Zero,0.578369140625,0.336181640625,1,32.187206900283826,-17.450598950047276,11.176753443736887
317,1,Valid,Front,Right,Zero,0.3714599609375,0.272216796875,1,37.30335819292271,-19.545493143805114,8.803056992797174
318,1,Valid,Rear,Right,One_near,0.7637939453125,0.2916259765625,2,129.84302376654446,-33.59752314995613,19.59020734072232
319,1,Valid,Front,Right,One_near,0.4749755859375,0.1680908203125,1,43.65917961675533,-25.053188281361297,13.059018479696396
320,1,Valid,Rear,Right,Zero,0.8258056640625,0.6016845703125,1,123.91859415895574,-31.609150624560233,20.538360488737844
321,11,Valid,Rear,Right,One_near,1.101959228515625,0.66534423828125,1,136.4988969754648,-23.458495834843962,8.47319597201673
322,11,Valid,Rear,Left,One_near,1.16717529296875,0.792724609375,1,139.4066236673206,-22.499211755374237,8.236702116908921
323,11,Valid,Front,Right,One_near,0.454925537109375,0.373046875,1,0.0,0.0,43.70823720993561
324,11,Valid,Rear,Left,One_far,1.5438232421875,0.501007080078125,1,148.3164755179559,-26.815401256778646,17.067491791212127
325,11,Invalid,Front,Left,One_far,0.414703369140625,0.31378173828125,1,-16.92627480251383,-27.48519973909206,60.90164392783773
326,11,Invalid,Front,Left,One_far,0.35137939453125,0.64483642578125,1,52.58650854115201,-26.02996526977172,17.496230894364952
327,11,Valid,Rear,Right,Zero,1.168243408203125,0.520355224609375,1,138.76072484847538,-25.22699685458524,10.593066900227045
328,11,Valid,Front,Right,One_far,0.413116455078125,0.4368896484375,1,50.468490125943816,-24.49858020115009,15.01466336677446
329,11,Valid,Front,Left,Zero,0.39312744140625,0.54180908203125,1,53.14491907693307,-24.161669164714855,16.42233492139348
330,11,Invalid,Front,Left,Three,0.993499755859375,0.311553955078125,1,46.325035537068345,-24.155143364962264,12.80751396433741
331,11,Valid,Rear,Right,One_far,1.369232177734375,0.4163818359375,1,141.53085761133093,-25.269282123480373,11.663984792876354
334,11,Valid,Rear,Right,Three,1.602691650390625,0.519287109375,1,134.8976417816625,-30.945020848466445,15.98308116414247
335,11,Valid,Front,Right,Zero,0.4566650390625,0.56011962890625,1,42.86308786578074,-26.74151338900166,14.666929978164239
336,11,Invalid,Front,Left,Zero,0.373779296875,0.35235595703125,1,46.82451391808529,-25.619798418822906,14.354820926483375
337,11,Valid,Rear,Left,One_far,1.329742431640625,0.579833984375,1,139.79175002671252,-22.390239071495007,8.306202610033406
338,11,Invalid,Front,Left,Zero,0.416778564453125,0.517059326171875,2,54.893626579467444,-26.073981401579935,19.01362044910046
339,11,Valid,Front,Left,One_near,0.41448974609375,0.724578857421875,1,48.045071937338236,-22.757622365808945,12.252665392468094
340,11,Valid,Front,Right,One_far,0.476409912109375,0.682098388671875,1,49.51331366220432,-25.491850417186924,15.35550519465171
341,11,Valid,Front,Left,One_far,0.39276123046875,0.766357421875,1,48.634884713840215,-22.405380531341283,12.256531444976531
342,11,Valid,Rear,Left,Three,2.265960693359375,0.31219482421875,1,-159.36843289894506,-28.085128459736133,295.6581332214394
343,11,Valid,Front,Left,Three,0.39447021484375,0.588775634765625,1,50.14669533078587,-25.26795588280153,15.484305181184453
344,11,Valid,Rear,Left,Zero,1.27099609375,0.2923583984375,1,147.85453790415028,-25.494312157573457,15.832266312234951
345,11,Valid,Rear,Left,One_near,0.996490478515625,0.65521240234375,1,141.29228064214544,-23.03658036387184,9.622622217472626
346,11,Valid,Front,Left,Zero,0.374786376953125,0.56195068359375,1,53.3929716708694,-26.010692407603624,17.98074433254068
347,11,Valid,Rear,Left,Zero,0.982421875,0.444488525390625,1,149.6316941891786,-26.4275490934006,17.787972474381856
348,11,Valid,Front,Right,One_far,0.416107177734375,0.627685546875,1,50.025151812338606,-24.348813989276756,14.64365069765677
349,11,Valid,Front,Left,One_far,0.3739013671875,0.22857666015625,1,45.964320335698766,-21.81354354562929,10.491366161605038
351,11,Valid,Front,Left,Zero,0.3721923828125,0.6854248046875,1,50.56205122108163,-22.112881719557908,13.174464749745335
353,11,Valid,Front,Right,Three,0.4561767578125,0.4161376953125,1,47.28578627408523,-25.101454175712426,14.034861852489248
354,11,Valid,Front,Right,Zero,0.4556884765625,0.538818359375,1,50.32640172147136,-26.038512547105846,16.236104756164526
355,11,Valid,Front,Left,Three,0.39361572265625,0.394775390625,1,49.11855582368956,-24.622101774290464,14.404057409656245
356,11,Valid,Rear,Right,One_far,1.45135498046875,0.48309326171875,1,140.32357798290786,-23.615068507546606,9.639125062162382
357,11,Invalid,Front,Right,Three,0.51605224609375,0.39349365234375,1,-38.854708320824365,-21.95820665672616,81.45347197101118
358,11,Valid,Rear,Left,One_far,1.56219482421875,0.3564453125,1,-177.91357733507687,-18.696205111469666,313.9353372392655
359,11,Valid,Rear,Right,One_far,2.20770263671875,0.33258056640625,1,140.38092445591855,-31.846086264671285,17.406410357256654
360,11,Invalid,Rear,Left,Three,1.31378173828125,0.29095458984375,2,150.06024849512278,-28.27849247223776,19.3393110032358
361,11,Valid,Rear,Right,Zero,1.0985107421875,0.41412353515625,1,145.29790721564996,-24.550670917528752,13.32915577093182
362,11,Valid,Rear,Left,One_near,1.016845703125,0.625,1,136.67734986980494,-22.334077655578533,7.3652900760378115
365,11,Invalid,Front,Right,Three,0.50030517578125,0.20849609375,1,-3.9412777043507905,-14.587945327491694,46.008595599744915
366,11,Valid,Front,Right,One_near,0.39404296875,0.39422607421875,1,46.995183163182304,-21.525997704040112,10.667768630332654
367,11,Valid,Rear,Left,One_near,1.042724609375,0.47894287109375,1,143.5244311420706,-23.0081434065319,10.988513313062063
368,11,Valid,Rear,Right,Zero,1.0859375,0.54345703125,1,146.09362916392067,-23.644302830059985,13.289293476951018
369,11,Valid,Front,Left,One_near,0.39544677734375,0.334228515625,2,57.72471715501371,-22.18370701158879,18.68014659205723
370,11,Valid,Rear,Right,One_near,1.0775146484375,0.6455078125,1,142.27817334029353,-24.98466305713343,11.794446017310758
371,11,Valid,Rear,Right,One_far,1.04083251953125,0.58074951171875,1,145.70453704740808,-23.906192153842685,13.171875264581159
372,11,Invalid,Rear,Left,Zero,1.6607666015625,0.64764404296875,1,149.35999968644356,-20.286055025141742,14.367740579179396
373,11,Valid,Front,Right,One_far,0.475830078125,0.58184814453125,1,50.07291257618853,-20.842415083128614,11.899652891933345
374,11,Valid,Front,Left,Zero,0.39398193359375,0.500732421875,1,56.93411807710118,-20.071576597496268,16.928494209189147
375,11,Valid,Front,Left,Three,0.49554443359375,0.62103271484375,1,50.748394477230974,-22.32203484506191,13.454530920953925
376,11,Invalid,Front,Left,Three,0.4345703125,0.47564697265625,1,49.98407244532806,-20.388032599959928,11.508123095893845
377,11,Valid,Rear,Left,One_near,1.33038330078125,0.58367919921875,1,140.88009469104804,-20.31966112729349,7.219010922753389
378,11,Valid,Front,Left,One_far,0.43426513671875,0.7269287109375,1,53.240378243560876,-21.235969621815002,14.484890195960867
379,11,Valid,Rear,Right,One_near,1.1646728515625,0.4586181640625,1,146.4791434325269,-24.444162911080483,14.10690115406286
380,11,Valid,Front,Left,Three,0.4140625,0.6466064453125,1,54.13326155354124,-18.918756419655413,13.918026980762534
381,11,Valid,Rear,Right,Zero,1.18890380859375,0.51898193359375,1,144.53764577336037,-24.99081748459136,13.141835083495554
382,11,Valid,Front,Right,One_far,0.43548583984375,0.35748291015625,1,49.871660083081764,-23.17129072200678,13.584421618706342
383,11,Valid,Rear,Right,One_near,0.97430419921875,0.47930908203125,1,148.83934294738097,-25.346174300737932,16.489149462046594
384,11,Valid,Rear,Right,Three,1.36541748046875,0.25238037109375,1,-156.82972852184648,-32.23370336409887,293.3364117149797
385,11,Valid,Rear,Right,Zero,0.936279296875,0.751953125,1,139.12073659827175,-24.858309089726486,10.340466866847771
386,11,Valid,Rear,Right,Zero,0.8521728515625,0.58233642578125,1,144.44848266641546,-26.44480322271146,14.225342884138472
387,11,Invalid,Rear,Left,One_far,1.476318359375,0.56268310546875,1,151.9669655347103,-19.245967547862758,16.52187122586696
388,11,Valid,Rear,Right,One_near,0.9739990234375,0.66552734375,1,146.31683444201806,-23.548673651496838,13.398391474494483
389,11,Invalid,Rear,Left,Zero,1.51690673828125,0.5260009765625,1,142.81357935893948,-20.973617927560163,9.061400268448265
390,11,Valid,Rear,Left,One_far,1.4788818359375,0.50347900390625,1,140.40803779310707,-21.97096624752965,8.24773712054754
391,11,Invalid,Rear,Left,One_far,1.446533203125,0.62310791015625,1,-0.0,0.0,136.82470537150812
392,11,Valid,Front,Left,Three,0.39898681640625,0.45635986328125,1,48.96208744901697,-22.111306261146183,12.194134438418512
393,11,Valid,Front,Right,Three,0.851318359375,0.14593505859375,1,41.250404214453,-17.64579681974669,5.596226961768288
394,11,Valid,Front,Left,Zero,0.3330078125,0.58367919921875,1,52.304016940845784,-21.906458203832294,14.224605007547543
395,11,Valid,Front,Right,One_near,0.6240234375,0.16595458984375,1,45.43287958673278,-21.211428134854604,9.736672168334861
396,11,Invalid,Rear,Right,Zero,1.7489013671875,0.3349609375,1,163.71546823584632,-23.139002946466594,28.885819159144475
397,11,Valid,Front,Left,One_near,0.39459228515625,0.27099609375,1,50.755913246273515,-22.031073976835362,13.239797850029454
398,11,Valid,Rear,Left,Zero,0.9764404296875,0.68505859375,1,135.6654034023197,-23.175566789715884,8.182410843772422
399,11,Valid,Rear,Left,Three,2.075439453125,0.51861572265625,1,146.90018451198875,-20.666113447857246,12.284903906803189
400,11,Valid,Front,Right,One_near,0.45721435546875,0.53924560546875,1,46.06651520989759,-24.89897068059495,13.429452573915944
401,11,Valid,Front,Right,Three,0.8131103515625,0.2730712890625,1,43.96286231889666,-24.060175630092214,12.120174486598618
402,11,Valid,Front,Left,Three,0.5205078125,0.3349609375,1,49.525132836723834,-21.313902024867048,11.896369813274486
403,11,Valid,Rear,Left,One_far,1.420166015625,0.4566650390625,1,135.9212385982385,-23.68037690517533,8.680734218619337
404,11,Valid,Front,Right,Three,0.8720703125,0.1656494140625,1,43.92958559854139,-29.701143958214175,17.706596771256685
405,11,Valid,Rear,Left,Zero,1.0010986328125,0.4677734375,1,138.52971310752469,-23.75272470632548,9.110962528245997
406,11,Invalid,Rear,Right,Zero,1.7520751953125,0.5411376953125,1,140.64421796983777,-22.26437344420468,8.622057880125267
407,11,Valid,Rear,Right,Three,1.138916015625,1.0625,1,134.67410696552108,-27.815754475930994,12.884159077185636
408,11,Valid,Rear,Left,One_far,1.3291015625,0.477783203125,1,135.94240468992217,-26.211562608231954,11.211710544696018
409,11,Valid,Front,Left,Zero,0.3748779296875,0.6251220703125,1,50.79436364387632,-17.50775737243164,10.323985262476038
410,11,Invalid,Rear,Left,One_near,1.8292236328125,0.6229248046875,1,137.79526032388253,-20.089920481096737,5.39724467987091
411,11,Valid,Front,Left,Three,0.3741455078125,0.7677001953125,1,48.84532706787359,-19.029831238033392,9.740691128137996
412,11,Valid,Front,Left,One_near,0.4136962890625,0.5235595703125,1,51.47996078537144,-19.16053422587171,11.820355326591756
413,11,Valid,Rear,Right,One_near,1.1070556640625,0.4364013671875,1,143.84921820405165,-25.41450613482583,13.041171897001462
414,11,Valid,Front,Left,One_near,0.3521728515625,0.5054931640625,1,53.08721521170205,-18.84183036489612,12.976078676535247
415,11,Valid,Rear,Right,One_far,1.3330078125,0.6236572265625,1,136.87320465407427,-26.378382983021282,11.41183971479644
416,11,Invalid,Rear,Right,One_far,1.6668701171875,0.455322265625,1,138.34283656877963,-21.56479490955735,6.97032390872628
417,11,Valid,Front,Left,Zero,0.3780517578125,0.560546875,1,51.36975962884971,-16.734498417930382,10.453275615242383
418,11,Invalid,Front,Right,One_far,0.458251953125,0.3328857421875,1,21.90308656997762,-18.398208020777638,21.060706390973728
419,11,Invalid,Rear,Right,Three,1.4541015625,0.8311767578125,2,128.45363389479195,-23.3350521922615,11.24369763207621
420,11,Valid,Front,Right,Three,0.43505859375,0.6861572265625,1,42.131864707441025,-18.58819547977589,6.489535336590195
421,11,Valid,Rear,Left,Three,1.642578125,0.4561767578125,1,135.4145073009326,-24.975449958426537,9.992617453587085
422,11,Valid,Front,Left,One_far,0.3507080078125,0.5208740234375,1,53.56584343629269,-16.031395834219033,12.215752436839468
423,11,Valid,Rear,Left,Zero,0.915283203125,0.3973388671875,1,137.85167043525118,-18.455534143903222,3.920382585981152
424,11,Valid,Front,Right,One_far,0.372802734375,0.3096923828125,1,44.96773090608966,-13.227827193635422,3.174810373811848
425,11,Invalid,Front,Right,One_near,0.7271728515625,0.2705078125,1,43.28105510352176,-17.277628735228337,5.333754915453215
426,11,Invalid,Front,Right,One_far,0.476806640625,0.2484130859375,1,38.880745057039505,-12.768651285547302,3.190116916485592
427,11,Invalid,Front,Left,One_near,0.870361328125,0.1451416015625,1,43.10505726279358,-16.98150526165961,5.005021995322628
428,11,Valid,Rear,Left,Zero,0.955322265625,0.37353515625,1,138.25090989773352,-22.677857588850276,8.001005719431808
429,11,Valid,Rear,Right,One_far,1.160888671875,0.4583740234375,1,136.30481322668072,-23.616758163035964,8.622147780188325
430,11,Valid,Front,Right,Zero,0.399169921875,0.249267578125,1,40.81872915438661,-11.68101335944949,1.2533756881541847
431,11,Invalid,Front,Right,Zero,0.4339599609375,0.2486572265625,1,41.2728094794586,-13.76854186287783,1.82012032606119
432,11,Valid,Front,Right,Zero,0.3929443359375,0.291748046875,1,44.99231213233335,-15.622192375436411,4.621663231661494
433,11,Valid,Front,Right,Zero,0.3746337890625,0.3765869140625,1,40.401290258479335,-12.122878815976401,1.598873440223945
434,11,Valid,Rear,Right,One_far,1.3067626953125,0.3531494140625,2,139.91928951008015,-27.876498491270194,13.45975644874408
435,11,Valid,Front,Right,One_near,0.3536376953125,0.312255859375,1,42.81549745284066,-13.85792984908616,1.9378734349532982
436,11,Valid,Rear,Right,One_near,1.0126953125,0.2490234375,1,-173.47147502104397,-35.321895369471015,310.13799071237366
437,11,Valid,Rear,Left,One_far,1.26318359375,0.5596923828125,1,140.46546121909373,-20.63933400268941,7.193221245945309
438,11,Invalid,Front,Right,Zero,0.392578125,0.2899169921875,1,40.90867908671175,-15.692015594351835,3.7541386982698266
439,11,Valid,Front,Right,One_near,0.455078125,0.31494140625,1,39.56640425393398,-11.280511957976051,2.5678685531566576
440,11,Valid,Front,Right,Three,0.43603515625,0.2301025390625,1,44.14733358365249,-19.02363940968903,7.248987804851163
441,11,Valid,Front,Left,One_far,0.4967041015625,0.580810546875,1,51.77373452314792,-19.646496719495676,12.348096989671427
442,11,Valid,Front,Right,One_far,0.4559326171875,0.187255859375,1,39.1417051284946,-14.58503151672133,3.787509895904219
443,11,Valid,Front,Right,Zero,0.518310546875,0.02099609375,1,26.130211652649564,-10.04004215434128,16.002924998749155
444,11,Valid,Front,Left,Zero,0.414794921875,0.2086181640625,1,42.57348903808773,-13.694479933578355,1.6944780716760033
445,11,Valid,Front,Right,Zero,0.37548828125,0.20751953125,1,37.680504326507474,-16.40164034444892,6.09607681433816
446,11,Invalid,Front,Left,One_near,0.539794921875,0.3358154296875,1,41.417970404353035,-14.434023300992909,2.4054985387205714
447,11,Valid,Rear,Right,Zero,1.0201416015625,0.3736572265625,1,141.08505955970793,-22.95238107096624,9.439184044377944
448,11,Valid,Rear,Right,Three,1.731689453125,0.4345703125,1,141.11595800918317,-23.95343705071735,10.311986296193556
449,11,Valid,Rear,Right,Zero,0.911865234375,0.3729248046875,1,138.58387656532892,-24.81959900162452,10.153863435045858
450,11,Valid,Rear,Left,Zero,1.096435546875,0.5264892578125,1,132.96783443611685,-22.59851300025731,8.18116298712342
451,11,Invalid,Rear,Right,Three,1.38916015625,0.4405517578125,1,141.14603909946422,-26.447264469419967,12.550760225821355
452,11,Valid,Front,Right,Three,0.4349365234375,0.2911376953125,1,41.19559452290195,-15.157113896698904,3.1611728122604914
453,11,Valid,Front,Right,Zero,0.4359130859375,0.249755859375,1,42.15456870129667,-16.62354906363566,4.526189082941587
454,11,Valid,Front,Left,Three,0.4971923828125,0.8524169921875,1,44.022753303964926,-18.68362505185806,6.887354336184109
455,11,Invalid,Front,Right,One_near,0.413330078125,0.3138427734375,1,43.454233285843884,-17.181401711576985,5.285398547325813
456,11,Valid,Rear,Left,Three,1.309814453125,0.5841064453125,1,139.6202405140662,-21.37842871107966,7.334200311009491
457,11,Valid,Rear,Left,Zero,1.1849365234375,0.420166015625,1,135.54190497235126,-20.89733204150107,5.915097316365275
458,11,Valid,Front,Left,One_far,0.374267578125,0.56591796875,1,54.72148278168405,-15.777503214597148,13.242362102663414
459,11,Valid,Rear,Right,Three,0.978515625,0.49951171875,1,142.96528705899715,-21.509595352117408,9.53362761295729
460,11,Valid,Rear,Left,Three,1.248046875,0.9415283203125,1,130.21490787195455,-20.520196986868157,7.996240723227491
461,11,Valid,Front,Left,One_near,0.395751953125,0.44677734375,1,49.69417966204421,-15.87808665216973,8.571717413862748
462,11,Valid,Front,Right,One_far,0.46142578125,0.7752685546875,1,41.629603790781005,-13.684073941261497,1.6268016483848102
463,11,Invalid,Rear,Right,One_near,1.7958984375,0.4168701171875,1,136.17157296350217,-20.68688756366874,5.689475146585589
464,11,Valid,Front,Left,One_near,0.37255859375,0.6456298828125,1,45.43295325827638,-17.12059970367263,6.08207114871473
465,11,Valid,Front,Right,One_near,0.4569091796875,0.7659912109375,1,45.18920854308381,-15.23435424348362,4.471602358766098
466,11,Valid,Front,Left,One_far,0.3719482421875,0.4334716796875,1,46.42546797062679,-15.369329979053173,5.50211643560725
467,11,Valid,Front,Right,One_near,0.4359130859375,0.8753662109375,1,45.87306145179365,-19.63849564707891,8.475229886581108
468,11,Valid,Front,Left,One_near,0.435791015625,0.353515625,1,44.99609095747111,-15.194321950795182,4.3071323825270404
469,11,Valid,Rear,Right,Three,0.9814453125,0.5853271484375,1,137.69129085211742,-21.84882889974047,7.054567459765081
470,11,Valid,Front,Right,Three,0.41455078125,0.37744140625,1,46.334403924557286,-22.357202384939953,11.135405612138046
471,11,Valid,Rear,Left,Three,1.6446533203125,0.5604248046875,1,138.44480483645893,-23.40186774605881,8.75034012542577
472,11,Valid,Front,Left,One_far,0.3511962890625,0.5400390625,1,51.65234824103431,-19.068922170427232,11.905196461363852
473,11,Valid,Rear,Right,Three,1.0599365234375,0.729248046875,1,134.8799648913257,-22.870693681120382,7.949987274624493
474,11,Invalid,Rear,Right,One_near,1.4783935546875,0.3525390625,3,141.04222720001624,-20.034403031333586,7.1252557160065795
475,11,Valid,Rear,Left,One_near,1.2445068359375,0.44140625,1,147.65787327308016,-25.10124536606676,15.425341720580514
476,11,Invalid,Rear,Right,One_far,1.6224365234375,0.271728515625,1,138.4041459977752,-19.847752291865785,5.411157016933485
477,11,Valid,Rear,Left,One_near,1.272216796875,0.22900390625,1,177.23173652841444,-22.92394196361267,41.986247193471435
478,11,Valid,Rear,Right,One_near,1.0389404296875,0.4190673828125,1,144.483332631852,-32.47578488634195,19.4260132280492
479,11,Valid,Rear,Right,Three,1.1824951171875,0.47998046875,1,134.58347591084325,-22.31002154220398,7.446002648579143
480,11,Valid,Rear,Left,One_near,1.08203125,0.541015625,1,150.18600144108427,-27.326560858968467,18.79326314125087
481,12,Invalid,Rear,Left,One_far,1.2388916015625,0.5479736328125,1,131.37008939909427,-24.56515201359671,10.62676833358065
482,12,Valid,Rear,Left,Three,2.366485595703125,0.51904296875,1,137.60361607279245,-21.876486194853783,7.060994752648733
483,12,Invalid,Front,Left,Three,0.415435791015625,0.35797119140625,1,38.7780745135502,-19.862949192041718,8.405009458558386
484,12,Valid,Front,Right,One_far,0.4793701171875,0.33197021484375,1,41.064948339128804,-21.16706886136306,9.115155475645908
485,12,Invalid,Front,Left,One_far,0.479095458984375,0.396453857421875,1,37.334846804290216,-13.543145611638103,4.88326976480222
486,12,Valid,Front,Left,One_near,0.3565673828125,0.04193115234375,1,-25.35211158077606,-24.27492041253873,68.44366750431307
487,12,Valid,Front,Left,One_far,0.291595458984375,0.478607177734375,1,41.764713228681,-15.172041629891412,3.081038727530636
488,12,Valid,Rear,Right,One_far,1.338348388671875,0.6053466796875,1,133.85505213819815,-27.016336479971073,12.206274768729891
489,12,Valid,Rear,Right,One_near,2.566802978515625,0.270172119140625,1,136.80245414372953,-23.8579637415132,8.894237139786144
490,12,Valid,Rear,Left,One_near,1.057586669921875,0.458221435546875,2,135.33124875363822,-23.462840218702212,8.489222154991241
491,12,Valid,Rear,Right,Three,1.437469482421875,0.506988525390625,1,131.99080905890312,-26.970964338323306,12.624484115859213
492,12,Valid,Rear,Right,One_far,2.203369140625,0.439178466796875,1,137.44281496659497,-28.410453863932403,13.487845931226007
494,12,Valid,Rear,Right,One_far,1.119964599609375,0.52197265625,1,133.65279734195332,-26.595110958575606,11.830298325047492
495,12,Valid,Front,Right,Zero,0.45965576171875,0.1036376953125,1,28.175509252336607,-24.239933648525312,18.398220930916878
496,12,Valid,Front,Left,Zero,0.313232421875,0.37518310546875,1,35.09900309575362,-12.3300813310186,6.904831329677892
497,12,Valid,Rear,Left,One_near,1.0211181640625,0.49713134765625,1,132.04296550966058,-24.203220261991838,10.01785332037123
498,12,Valid,Rear,Right,One_near,1.03924560546875,0.228759765625,1,135.25850871207138,-26.904344363782336,11.927414810493945
499,12,Valid,Rear,Right,One_far,1.10174560546875,0.54095458984375,1,132.28986603620027,-27.505561817502766,13.044315635583319
500,12,Valid,Front,Right,One_near,0.4764404296875,0.33184814453125,1,44.87208972065887,-19.036166500327887,7.507283468990975
501,12,Valid,Front,Right,One_near,0.644287109375,0.08270263671875,1,30.36286802791857,-26.436494781542713,18.46504598306869
502,12,Invalid,Rear,Left,One_near,2.27374267578125,0.2503662109375,1,127.11878010539556,-23.937509498663506,12.599807254677275
503,12,Valid,Front,Right,Three,0.47637939453125,0.20660400390625,1,33.323216021384944,-22.63917993377431,13.651406297082437
504,12,Valid,Rear,Right,One_far,1.14703369140625,0.271240234375,1,133.16930814663638,-26.91456735917182,12.246212954417448
505,12,Valid,Front,Right,Zero,0.4569091796875,0.14495849609375,1,26.477227585968343,-22.77587662079588,18.839607348357298
506,12,Valid,Front,Left,Three,0.45684814453125,0.48046875,1,32.26550386238094,-10.148452767054243,9.92818974716633
507,12,Invalid,Front,Right,One_near,0.7442626953125,0.02056884765625,1,23.90226775882198,-16.762752442687326,18.68874454357919
508,12,Valid,Rear,Left,Zero,0.89544677734375,0.43695068359375,2,133.40974850198944,-24.15928289190387,9.518501243203621
509,12,Invalid,Rear,Left,One_near,2.29302978515625,0.33270263671875,1,125.90892365771114,-24.89588629525977,14.133590743848925
510,12,Valid,Front,Left,Zero,0.3536376953125,0.582275390625,1,43.29152890472042,-18.505835088492677,6.534735655915419
511,12,Invalid,Rear,Right,One_far,1.9908447265625,0.5035400390625,1,133.0854724581489,-28.118191611299277,13.438058711844183
512,12,Valid,Rear,Right,One_near,1.00457763671875,0.42120361328125,2,134.4599688571912,-28.607004356159276,13.693876860456957
513,12,Valid,Rear,Right,One_far,1.0067138671875,0.33502197265625,1,139.02232905750046,-29.799124748231023,15.104587589388712
514,12,Invalid,Rear,Right,One_far,2.33636474609375,0.6090087890625,1,134.27696045335793,-24.467573473774053,9.623087485864534
515,12,Valid,Front,Right,One_near,0.45587158203125,0.27099609375,2,28.04761031605822,-25.496763940468206,19.342762521656372
516,12,Valid,Rear,Left,Zero,0.9375,0.54339599609375,1,133.3014330640848,-25.914126294468907,11.24279397121696
517,12,Invalid,Rear,Right,Three,1.55828857421875,0.58453369140625,2,135.53447106872687,-28.242942216142495,13.25112205535597
518,12,Valid,Front,Left,One_near,0.435546875,0.230712890625,1,32.401369044137176,-12.732785363400103,9.619466385563259
520,12,Valid,Rear,Left,One_far,1.0433349609375,0.6253662109375,1,129.12243119386835,-23.84118155276693,11.201225108534395
521,12,Valid,Front,Left,One_near,0.435546875,0.40069580078125,1,39.88209489652585,-22.910099583253405,11.015615054420579
522,12,Valid,Front,Right,Three,0.52777099609375,0.333740234375,1,49.65843015847074,-26.595302905083063,16.39406474314054
523,12,Valid,Front,Left,One_far,0.3310546875,0.68939208984375,1,40.20319086623803,-22.840875917862277,10.890130327323188
524,12,Valid,Front,Right,One_far,0.3780517578125,0.44140625,1,51.93698300835078,-22.077626965958277,14.08178508499792
525,12,Valid,Rear,Left,One_far,1.404541015625,0.355224609375,1,134.40858368956745,-22.57344490515889,7.738841877476752
526,12,Valid,Rear,Right,One_near,1.2584228515625,0.4580078125,1,132.1307227617632,-27.742792824702832,13.317284832864221
527,12,Valid,Rear,Left,Three,1.502685546875,0.3131103515625,1,137.12863059105212,-23.86908519115947,8.940608432265831
528,12,Valid,Front,Right,Zero,0.3536376953125,0.52410888671875,2,44.68703038580024,-22.57292812728961,10.812139282010182
529,12,Valid,Rear,Right,Three,1.07794189453125,0.33184814453125,2,136.38790403751707,-27.874015618165064,12.879858216575213
530,12,Valid,Front,Right,One_near,0.52008056640625,0.39520263671875,1,44.87074304237547,-21.05407832709641,9.403014639099784
531,12,Valid,Front,Left,Three,0.39434814453125,0.45672607421875,1,41.602459915142184,-18.777474931529174,6.689298138091119
532,12,Valid,Front,Right,One_far,0.39483642578125,0.3929443359375,1,48.0991229809269,-20.691355661057568,10.536161218928674
533,12,Invalid,Rear,Left,One_far,1.0654296875,0.52099609375,1,130.36465432735483,-21.82237658070057,8.84883851469176
534,12,Invalid,Front,Right,Zero,0.39617919921875,0.3338623046875,1,39.379734547410926,-20.702360390627963,8.99257445519784
535,12,Valid,Rear,Left,Three,1.29461669921875,0.54376220703125,2,134.2078054918487,-20.553490832655317,5.835513823429293
536,12,Valid,Front,Left,One_near,0.41497802734375,0.28985595703125,1,34.68285999041823,-19.804151295274803,10.625181650226349
537,12,Valid,Front,Left,Three,0.3944091796875,0.45684814453125,1,36.07977597464509,-19.998085657090975,9.870603302591778
538,12,Invalid,Front,Left,One_near,0.29608154296875,0.4527587890625,1,36.39921632138558,-16.10382020611103,6.884718880063052
539,12,Valid,Front,Left,One_near,0.3157958984375,0.380126953125,1,38.98781485075616,-15.331423602492476,4.417619027493271
540,12,Valid,Rear,Left,One_far,1.06878662109375,0.58636474609375,1,134.26919969984482,-21.068329369795876,6.310332084711904
541,12,Valid,Front,Left,One_near,0.37420654296875,0.27056884765625,1,28.2467152107625,-16.73178318749117,14.512279558697783
542,12,Valid,Rear,Left,One_near,0.98577880859375,0.5218505859375,1,137.56191030752197,-24.953979456137866,10.075776437672586
543,12,Valid,Front,Right,Three,0.768310546875,0.14630126953125,1,38.08174609336752,-24.56500762538164,13.066335705838233
544,12,Valid,Rear,Right,Zero,1.0399169921875,0.49871826171875,1,133.54970248211262,-24.95804932502777,10.2550818761164
545,12,Valid,Rear,Right,Three,2.14886474609375,0.60614013671875,1,136.9542639710952,-26.671056269006485,11.71000316656003
546,12,Valid,Front,Left,One_far,0.31182861328125,0.47802734375,1,45.000864913009366,-20.73864280767651,9.145017210741148
547,12,Valid,Rear,Left,Zero,0.81024169921875,0.50396728515625,1,138.04418938897618,-24.327967363770693,9.54932905483804
548,12,Invalid,Front,Right,One_near,0.6661376953125,0.37359619140625,1,46.76677475711054,-14.807902872505508,5.482233080775554
549,12,Valid,Front,Right,One_near,0.437744140625,0.25054931640625,1,40.786479066008305,-19.52000374050494,7.518582882853882
550,12,Valid,Rear,Left,Three,0.83319091796875,0.56060791015625,1,137.91115720982876,-21.662177663169942,6.930882562583278
551,12,Valid,Rear,Right,Zero,0.8507080078125,0.2965087890625,2,133.0761839533971,-27.578989965486517,12.91432107492233
552,12,Invalid,Rear,Left,Three,2.162109375,0.482666015625,1,134.85736597703212,-22.484267028965174,7.570988407816971
553,12,Valid,Front,Left,Zero,0.35687255859375,0.3782958984375,1,37.24261700907275,-18.269887710012334,7.791033774572226
554,12,Valid,Rear,Left,One_far,1.066162109375,0.56695556640625,1,136.8472715645564,-23.85667865650793,8.89711334808931
555,12,Valid,Rear,Right,Zero,0.81976318359375,0.52130126953125,1,134.02516681746638,-28.739506845356523,13.880706554510638
556,12,Valid,Rear,Right,One_near,0.896484375,0.5450439453125,1,136.12176757214252,-25.742332195455297,10.743022309347632
557,12,Valid,Rear,Right,Three,1.3355712890625,0.2073974609375,1,132.08226287683087,-27.604457967414564,13.199281223558275
558,12,Valid,Rear,Left,One_near,0.7943115234375,0.459716796875,1,141.5422601093451,-23.31192031983941,9.990228552090153
559,12,Valid,Front,Left,One_far,0.310791015625,0.422119140625,1,42.528491644507355,-21.009585766356448,8.925246324128848
560,12,Invalid,Front,Right,Zero,0.3780517578125,0.421630859375,2,49.129363255536,-20.914095609750174,11.336494248541042
561,12,Valid,Front,Right,One_near,0.4794921875,0.1455078125,1,28.11061961978326,-22.0173904486907,17.066620071300914
562,12,Valid,Front,Right,Zero,,0.0,0,21.088857014464338,-21.62850984853119,22.97973892138623
563,12,Invalid,Rear,Left,Zero,2.145263671875,0.4212646484375,1,132.82302996455917,-22.34507335935716,8.002702122435094
564,12,Valid,Rear,Left,One_far,0.9986572265625,0.374755859375,1,132.89321823513126,-26.536323632923327,11.947336770095092
565,12,Invalid,Rear,Right,One_near,2.3834228515625,0.3382568359375,2,134.54616416900046,-26.98311381111563,12.070984020934178
566,12,Valid,Front,Right,One_far,0.4970703125,0.0628662109375,1,23.702977608187425,-22.74485943285922,21.168232348304915
567,12,Invalid,Front,Left,One_far,0.3121337890625,0.35791015625,1,41.37174183569406,-15.19989067500738,3.16291487682087
568,12,Valid,Front,Left,Three,0.4774169921875,0.2071533203125,1,34.577439311760386,-16.61607281407472,8.688459059731183
569,12,Invalid,Front,Right,Three,,0.0,0,11.477721000114705,-15.44342182835264,30.70485279022102
570,12,Valid,Rear,Right,One_far,1.1005859375,0.2100830078125,1,134.95883901626684,-26.800234345169923,11.846077274565452
571,12,Valid,Rear,Right,Three,1.1229248046875,0.4566650390625,1,129.5190454816044,-27.62518724161962,14.191480696370878
572,12,Invalid,Rear,Right,Zero,2.1973876953125,0.50244140625,1,127.76278415734645,-28.486225241181394,15.802847721038791
573,12,Valid,Front,Left,Zero,0.31103515625,0.421875,1,48.12070300684596,-18.38283845127796,8.77137756015952
574,12,Valid,Front,Left,Zero,0.4013671875,0.31494140625,1,39.23612738424372,-17.593437709196678,6.149540608935881
575,12,Valid,Rear,Right,Zero,0.9254150390625,0.3651123046875,2,128.04908501781455,-28.33658939574747,15.5268047506467
576,12,Invalid,Front,Left,Three,0.4774169921875,0.1878662109375,2,37.710898337159165,-15.856265984279398,5.701396953277196
577,12,Invalid,Front,Right,Three,,0.0,0,10.981116653708376,-12.854412057243378,31.0280560397032
578,12,Valid,Rear,Left,One_far,0.9146728515625,0.3975830078125,1,134.50342718144412,-20.8070039598274,5.996751219676484
579,12,Valid,Rear,Left,One_far,0.9393310546875,0.335693359375,1,135.05083531669456,-28.68943531225865,13.722301292587494
580,12,Valid,Front,Right,Three,0.647705078125,0.104736328125,1,27.33168162241118,-23.633746102061895,18.65976589277416
581,12,Valid,Rear,Right,One_near,1.105712890625,0.4166259765625,1,130.05211093779974,-29.232219271638417,15.425091561875329
582,12,Valid,Front,Left,One_far,0.3326416015625,0.64599609375,1,51.54327719147917,-20.617310984808146,12.791353562674281
583,12,Valid,Rear,Left,Zero,0.855224609375,0.41015625,1,133.09026324361753,-23.74325319909938,9.214718904828555
584,12,Valid,Front,Right,Zero,0.5616455078125,0.1038818359375,1,35.15830809585946,-23.08748274048338,12.94347422771809
585,12,Valid,Rear,Left,One_near,0.9764404296875,0.3800048828125,1,134.8137699502023,-27.260831015361166,12.318080975472006
586,12,Valid,Front,Right,One_far,0.3338623046875,0.248291015625,1,32.256678818542866,-22.39438480553451,14.174154866144615
588,12,Valid,Front,Right,One_far,0.4356689453125,0.3531494140625,1,35.335998335849986,-16.6084636569776,8.04581647355208
589,12,Invalid,Front,Left,Zero,0.311767578125,0.3115234375,1,47.3465722713517,-17.9506089180415,7.925620465594702
590,12,Invalid,Rear,Right,One_near,2.1461181640625,0.1668701171875,1,135.38625948684322,-26.29817960704898,11.314837155285417
591,12,Valid,Rear,Right,Three,1.0311279296875,0.547607421875,2,133.5277479440689,-29.650720124252512,14.857847434511944
592,12,Valid,Rear,Left,Zero,0.856689453125,0.5057373046875,1,133.3459237379796,-22.337297455820636,7.8025671903426845
593,12,Valid,Rear,Left,Zero,0.8104248046875,0.646240234375,1,131.2876322568432,-23.561588722074017,9.772779092596416
594,12,Valid,Rear,Left,Three,1.0263671875,0.527099609375,1,134.25673331744872,-26.958741082111846,12.085134132291746
595,12,Valid,Rear,Left,One_near,0.8592529296875,0.56298828125,1,133.01418485596162,-24.29898291695477,9.7665846314966
596,12,Valid,Rear,Left,Three,0.934814453125,0.4561767578125,2,134.48916879130655,-23.979395887166696,9.105611535730496
597,12,Invalid,Rear,Left,Zero,2.1636962890625,0.4571533203125,1,130.69372320400018,-28.983544811403895,14.956473479009246
598,12,Valid,Rear,Left,One_near,0.8951416015625,0.4610595703125,2,131.35085069160135,-23.124823824497927,9.360948214305683
599,12,Valid,Front,Left,One_far,0.3338623046875,0.4150390625,1,41.96095134384726,-19.289079352111436,7.189185400899209
600,12,Valid,Front,Right,Three,0.5811767578125,0.37353515625,1,30.388644739955925,-21.365380520650174,14.854994014384419
601,12,Valid,Front,Right,Zero,0.3974609375,0.3197021484375,1,45.267404412789645,-21.442056571485733,9.896966837448584
602,12,Valid,Front,Left,One_far,0.2921142578125,0.361328125,1,37.28928511490189,-15.540806306979968,5.833522329676819
603,12,Valid,Front,Left,One_far,0.29296875,0.48193359375,1,41.841668808768105,-19.452665667850805,7.354370210242944
604,12,Invalid,Front,Left,One_near,0.5401611328125,0.0413818359375,1,32.37771879980385,-21.4579051445006,13.422320372764132
605,12,Valid,Rear,Left,One_near,0.974853515625,0.502685546875,2,129.35671443653442,-22.248482127747682,9.832280317099782
606,12,Valid,Rear,Right,Three,1.2049560546875,0.4725341796875,1,132.65150950317832,-26.70305175004296,12.17266646513773
607,12,Valid,Front,Right,Three,0.5634765625,0.041015625,1,24.22265199539351,-19.19125809687029,19.13948911212927
608,12,Valid,Front,Right,One_near,0.4765625,0.4404296875,1,29.806208129009427,-23.283235793757072,16.54549252853493
609,12,Valid,Front,Right,Zero,0.29150390625,0.3779296875,1,26.990143740880143,-19.556586446693082,16.759966180050796
610,12,Valid,Rear,Left,Zero,0.814208984375,0.5018310546875,1,130.1373000295788,-23.32784404697766,10.184509679604513
611,12,Valid,Front,Left,Three,0.396484375,0.3126220703125,1,37.8174131939326,-17.40809836298919,6.7579538783168385
612,12,Valid,Rear,Right,Zero,0.8350830078125,0.5321044921875,1,138.65101802685095,-31.250548575881567,16.46536442341241
613,12,Valid,Front,Left,Zero,0.310546875,0.6474609375,1,40.307875549991046,-16.238495638075538,4.471066013904107
614,12,Valid,Rear,Right,Zero,1.00146484375,0.462890625,1,134.0336370357455,-30.29143107115186,15.417342426987222
615,12,Invalid,Rear,Right,Zero,2.09716796875,0.5799560546875,1,134.51654353824762,-33.58826547222309,18.647365935696012
616,12,Valid,Rear,Right,Three,1.4461669921875,0.3563232421875,1,134.79403021173312,-26.94477105908894,12.005495357721028
617,12,Valid,Rear,Left,One_far,0.879150390625,0.6434326171875,1,128.29844622940806,-24.841584261081245,12.496828047519939
618,12,Valid,Rear,Right,One_near,0.91748046875,0.4383544921875,1,132.78999521540587,-31.20414360880705,16.51903147318146
619,12,Invalid,Front,Right,One_far,0.4969482421875,0.418701171875,1,37.27884684429671,-21.465046108908254,10.487772677817954
620,12,Valid,Front,Left,One_near,0.439697265625,0.270263671875,1,38.770821843847614,-16.788860716265507,5.693242167755523
621,12,Valid,Rear,Right,Zero,0.9593505859375,0.291015625,1,130.1348253088701,-27.939531676778785,14.206750303001472
622,12,Valid,Front,Left,Three,0.3751220703125,0.2083740234375,1,32.73458946568102,-16.34359193342993,10.190971733202911
623,12,Valid,Front,Right,Three,0.4990234375,0.1253662109375,1,32.49324137699064,-20.987974878577838,13.014398063621444
624,12,Invalid,Rear,Left,Three,2.0963134765625,0.41552734375,1,133.94579406860785,-25.350283290565788,10.552162157753832
626,12,Invalid,Front,Left,Zero,0.3529052734375,0.43603515625,1,43.02768610537351,-20.338450676059583,8.302301384137074
627,12,Valid,Front,Right,Three,0.5848388671875,0.20849609375,1,31.161070563268044,-13.120501513898388,10.886864317806271
628,12,Valid,Front,Right,Zero,0.358154296875,0.4190673828125,1,38.8170694948023,-18.05962129998241,6.756340180905794
629,12,Invalid,Front,Right,One_far,0.4644775390625,0.44140625,1,34.38221298054135,-16.500891720249676,8.797643264374551
630,12,Valid,Front,Left,One_near,0.3985595703125,0.419677734375,1,47.50639014103947,-18.369285523651147,8.344116092337073
631,12,Valid,Rear,Right,One_near,0.9407958984375,0.485107421875,1,136.06334399040583,-29.601800471992505,14.60193786745448
632,12,Valid,Rear,Right,One_far,1.0057373046875,0.4580078125,1,139.80705049185102,-28.079919443576372,13.62269892855121
633,12,Valid,Front,Right,One_near,0.4036865234375,0.207763671875,1,35.97560334444413,-21.004191852678495,10.750720329949004
634,12,Valid,Rear,Right,Zero,0.9840087890625,0.355712890625,1,137.3741888805994,-27.78173967783131,12.855398254095837
635,12,Valid,Rear,Left,Three,0.84228515625,0.437255859375,1,132.74074174372734,-24.537731544800362,10.079240417896647
636,12,Valid,Front,Left,Three,0.3360595703125,0.3372802734375,1,34.96792073560339,-16.481952011482498,8.285628655189191
637,12,Valid,Rear,Left,Three,0.753173828125,0.5037841796875,1,133.15556796458299,-22.602185896982526,8.11689743783834
638,12,Valid,Front,Right,One_far,0.458740234375,0.3599853515625,1,46.82229760848434,-20.664762706096727,9.829024083627994
639,12,Valid,Front,Left,Zero,0.376953125,0.29150390625,1,41.171188915694835,-15.86902848411777,3.8590806583379678
640,12,Valid,Front,Right,One_far,0.3958740234375,0.166259765625,1,32.29589678225731,-20.05677581679087,12.54909959555952
641,13,Valid,Front,Right,One_near,0.47589111328125,0.78924560546875,1,50.69681991945243,-21.89436797667871,13.098256402054968
642,13,Invalid,Front,Left,Zero,0.4998779296875,0.51837158203125,1,53.40508683434957,-20.33899827247502,14.069722748970579
643,13,Valid,Rear,Right,Three,2.380035400390625,0.33160400390625,1,145.1852561662333,-14.48578534205569,9.199638446904947
644,13,Valid,Rear,Left,One_far,1.07940673828125,0.561065673828125,2,139.94369608411975,-13.533416274318354,4.207565403928466
645,13,Valid,Front,Right,One_near,0.496490478515625,0.538665771484375,1,52.088796778945394,-22.190105777181476,14.268638864361588
646,13,Valid,Front,Left,One_near,0.49725341796875,0.662261962890625,1,46.93743629773088,-20.54987017280289,9.786653316194174
647,13,Invalid,Front,Right,One_near,0.43768310546875,0.49658203125,1,54.37533820213784,-17.284142481586656,13.417314518437871
648,13,Valid,Front,Right,One_far,0.4747314453125,0.51800537109375,1,51.56713581712743,-18.588955149272937,11.560130910705047
649,13,Valid,Front,Right,Three,0.48016357421875,0.51708984375,1,53.4463074963734,-18.13605139279029,12.940319614211216
650,13,Valid,Rear,Left,One_near,0.99859619140625,0.7041015625,1,133.01678664719208,-16.97342457629408,3.57686545269639
651,13,Invalid,Rear,Right,Zero,1.717987060546875,0.3299560546875,1,137.57252720560618,-15.934263212550999,1.829122621011967
652,13,Valid,Front,Left,One_far,0.453155517578125,0.4334716796875,1,48.904536339075115,-15.165756924334211,7.554567332197917
653,13,Valid,Rear,Right,One_far,1.326690673828125,0.70684814453125,1,140.05831331568004,-12.447418614706026,4.794327762760408
654,13,Invalid,Front,Right,Three,0.517242431640625,0.66192626953125,1,47.487857403980584,-17.061349992671282,7.398078982830871
655,13,Valid,Front,Left,One_far,0.373321533203125,0.393585205078125,1,47.431162223438456,-9.237525167717322,6.139322866795384
656,13,Valid,Rear,Right,Three,2.20330810546875,0.43658447265625,1,139.05970220056398,-17.75216175030564,4.115358047118311
657,13,Valid,Front,Left,Three,0.706573486328125,0.46087646484375,1,53.76195480606182,-19.450600478312612,13.869928199223326
658,13,Invalid,Front,Left,One_near,0.650238037109375,0.519134521484375,1,51.72680096857745,-18.682571410137438,11.74482453899921
659,13,Valid,Rear,Left,One_near,1.019073486328125,0.666778564453125,1,137.52818063207008,-16.386833643633516,2.0636481287632122
660,13,Valid,Front,Right,Zero,0.43505859375,0.55615234375,1,50.387542871654816,-18.416503562267724,10.499956794005792
661,13,Valid,Front,Right,Zero,0.475494384765625,1.48870849609375,2,48.520009359150784,-20.86191733527792,10.921616978893626
662,13,Invalid,Front,Left,Zero,0.395233154296875,0.558746337890625,1,54.206447234636215,-17.99132195356523,13.553782809699946
663,13,Valid,Front,Right,One_near,0.394195556640625,0.394256591796875,1,52.04303847962088,-18.481733151552913,11.89912349380303
664,13,Valid,Front,Right,One_near,0.870269775390625,0.437042236328125,1,52.61428803856699,-18.889739503826323,12.600145756914323
665,13,Invalid,Front,Right,One_far,0.476165771484375,0.496246337890625,1,53.25942682993461,-22.229023578980023,15.145025955810858
666,13,Valid,Front,Right,One_far,0.496978759765625,0.599578857421875,1,53.059981852475666,-9.291485242108186,11.411001433808831
667,13,Valid,Front,Right,Three,0.541168212890625,0.2906494140625,1,47.79566289768413,-18.04034142829258,8.299238802943412
668,13,Valid,Rear,Left,One_near,1.014739990234375,0.495330810546875,1,-174.8588635263648,-16.05170689533267,310.86064260420096
669,13,Valid,Front,Left,One_far,0.41351318359375,0.329681396484375,1,50.63904469402533,-17.44407130007155,10.158355737303928
670,13,Invalid,Rear,Left,Three,1.427490234375,0.66375732421875,1,135.75580858141797,-16.629836835896704,1.6480283858462164
671,13,Valid,Rear,Right,Three,1.694244384765625,0.55877685546875,1,145.19127820421676,-11.81066925013684,9.728896425563011
672,13,Invalid,Front,Left,One_far,0.3524169921875,0.6004638671875,1,54.71789255979057,-22.27400937172506,16.286658891814664
674,13,Valid,Front,Left,One_far,0.5377197265625,0.274993896484375,4,55.931000813628124,-23.93852599756882,18.281780040915606
675,13,Invalid,Rear,Left,Zero,2.205963134765625,0.459716796875,1,131.92114197277607,-17.113825911119225,4.594055157349345
676,13,Valid,Rear,Right,One_near,0.818511962890625,0.600341796875,2,139.454055989411,-14.662326262587927,3.470522486733628
677,13,Valid,Front,Right,Three,0.585052490234375,0.374908447265625,1,52.518503600320905,-21.4346649958645,14.063246018433365
678,13,Invalid,Rear,Left,One_far,2.329925537109375,0.124603271484375,2,148.50941835563285,-7.927943406560719,14.370091581373167
679,13,Valid,Rear,Right,Three,1.3890380859375,0.64300537109375,1,144.7563799200937,-16.14626192395177,8.831087458706424
680,13,Valid,Rear,Left,One_far,2.174102783203125,0.60919189453125,1,133.39650702088662,-15.558151126204336,2.6626506289740397
681,13,Valid,Front,Left,Three,0.57965087890625,0.3531494140625,1,54.62841602835139,-14.916680983822827,12.938724170093101
682,13,Valid,Rear,Right,One_near,0.8673095703125,0.5166015625,1,140.3884845766244,-15.666362934133929,4.438787721806231
683,13,Valid,Front,Left,One_near,0.475830078125,0.2069091796875,2,54.13837982175968,-15.441136951465472,12.589815758213085
684,13,Invalid,Rear,Right,One_far,2.03179931640625,0.4345703125,1,143.15046339484044,-18.124143258180098,7.803165886906754
685,13,Valid,Front,Left,One_far,0.39404296875,0.53790283203125,1,45.78044815771552,-17.32649352415362,6.4504281122414175
686,13,Valid,Rear,Right,One_far,1.283935546875,0.54388427734375,1,146.82062269685488,-17.068907575638956,11.016635334993499
687,13,Valid,Front,Left,Three,0.55682373046875,0.186279296875,3,55.46646280681597,-13.375717545359453,13.526754074163385
690,13,Valid,Rear,Left,One_far,1.23883056640625,0.66912841796875,1,133.74304336993328,-15.229145341136677,2.268559194150946
691,13,Invalid,Front,Right,One_far,0.6436767578125,0.62738037109375,1,51.232834652650816,-19.14097758666413,11.61122737263793
692,13,Valid,Front,Left,One_near,0.43743896484375,0.479248046875,1,50.20885036384234,-14.291602832877917,8.496372594997997
693,13,Valid,Front,Right,Three,0.5823974609375,0.4542236328125,1,48.71140120535136,-23.005372008853225,12.80507886702269
694,13,Valid,Front,Right,One_near,0.7850341796875,0.125,1,51.23593680554119,-19.038980123498963,11.552141525719989
695,13,Valid,Front,Left,One_near,0.41357421875,0.3306884765625,2,53.88150487065081,-15.870487146532446,12.465421425425827
696,13,Valid,Front,Right,One_far,0.4150390625,0.3516845703125,1,50.90089490790891,-20.911538152625653,12.524740906574328
697,13,Valid,Rear,Right,Zero,1.45184326171875,0.479248046875,1,142.78897634928126,-17.724680783876085,7.315332203333205
699,13,Valid,Rear,Left,Three,1.4556884765625,0.85028076171875,1,133.6293311548748,-13.03965834369615,3.0762006083296023
700,13,Valid,Rear,Left,One_far,2.20379638671875,0.669921875,1,137.570469610203,-14.1770775889654,1.7730132800275737
701,13,Valid,Rear,Left,Zero,0.89013671875,0.58197021484375,1,137.57082439515048,-17.86435149440895,3.26680252906763
702,13,Valid,Rear,Left,One_far,1.80731201171875,0.6297607421875,1,135.33666695450316,-12.664028656002507,2.4283271709606113
703,13,Invalid,Front,Left,Three,0.4974365234375,0.60015869140625,1,57.629535870623535,-19.147235076041206,17.14485093980386
704,13,Valid,Front,Left,Three,0.55914306640625,0.57940673828125,1,51.54759610476866,-19.764562729420042,12.243451850397767
705,13,Valid,Rear,Left,Zero,0.97625732421875,0.6458740234375,1,137.6689726501063,-13.848609170637939,2.0276021672758917
706,13,Valid,Rear,Left,Zero,0.873046875,0.62615966796875,2,136.87685162362277,-14.953190013652035,0.8781001905658511
707,13,Valid,Front,Left,Three,0.4373779296875,0.35467529296875,1,52.6718967056066,-13.336516616786843,10.743293379533437
708,13,Valid,Rear,Right,One_near,1.43292236328125,0.43658447265625,1,146.02946931655282,-13.793593282466295,10.10176578325715
709,13,Valid,Rear,Left,One_near,1.0416259765625,0.6539306640625,1,135.47961445182412,-10.76115700516074,4.270666347731719
710,13,Valid,Rear,Left,One_far,1.22821044921875,0.5791015625,1,133.86307511081478,-11.216255588960436,4.345476930107029
711,13,Valid,Rear,Left,Three,0.9326171875,0.62469482421875,1,135.54324430729685,-13.148445133645955,1.9070608763057573
713,13,Valid,Front,Right,Zero,0.87164306640625,0.29010009765625,2,55.548181966635724,-23.302440243419127,17.57975830347078
714,13,Invalid,Front,Right,Zero,0.45440673828125,0.3570556640625,3,53.83503146821871,-19.320742538672484,13.863877259393254
716,13,Valid,Front,Left,One_far,0.41412353515625,0.28875732421875,2,57.24733199193782,-16.755483678555052,15.942228864047305
717,13,Valid,Front,Left,Zero,0.41473388671875,0.12353515625,1,62.342900290632365,-12.698579853486901,20.35170484445003
718,13,Invalid,Rear,Left,One_far,2.03192138671875,0.560302734375,1,136.93384461472039,-15.338330064573059,0.9932436745513537
719,13,Valid,Front,Right,Three,0.60009765625,0.68890380859375,1,49.77618386253501,-21.41510770043415,12.134260048912642
720,13,Invalid,Front,Right,Three,0.78570556640625,0.28997802734375,2,51.09299116031084,-18.230605771275783,10.966622787544532
721,13,Valid,Rear,Right,One_far,2.2987060546875,0.55908203125,1,141.38598882866503,-15.231410435621036,5.390957841814279
723,13,Invalid,Front,Right,One_near,0.49658203125,0.335693359375,1,46.45834944996115,-22.57853875883033,11.387565777560996
724,13,Valid,Rear,Left,Three,1.0570068359375,0.476806640625,1,128.16030587539683,-13.750663822311104,7.938617313627089
725,13,Invalid,Rear,Left,Zero,1.1571044921875,0.9346923828125,1,131.3071421434449,-12.400716303551198,5.364623993949195
726,13,Valid,Front,Right,Zero,0.4747314453125,0.1666259765625,3,43.30244254797078,-13.831200340686198,2.166428214909652
727,13,Valid,Front,Left,Zero,0.5367431640625,0.30908203125,3,53.91113401799165,-15.238823902998197,12.317764776475913
728,13,Valid,Rear,Right,One_far,1.4510498046875,0.7386474609375,2,139.45877562385235,-16.01569709526471,3.604825849536196
729,13,Valid,Rear,Left,One_far,1.708984375,0.435791015625,1,136.24475301923854,-11.945346740861856,3.0644429467669436
730,13,Valid,Front,Left,Three,0.497314453125,0.5177001953125,1,51.907887535755414,-17.37426747998933,11.224265359997977
731,13,Valid,Front,Right,One_far,0.3729248046875,0.579345703125,1,43.335290203650615,-20.370344848407026,8.377446140652767
732,13,Valid,Rear,Left,Zero,0.789306640625,0.4825439453125,1,130.33202226500546,-15.214376208276953,5.672030391585451
733,13,Valid,Front,Left,Three,0.4757080078125,0.3326416015625,2,50.79638344802823,-16.334375965999698,9.762494639495628
735,13,Valid,Rear,Right,Zero,2.26025390625,0.230224609375,1,142.20736909665703,-13.414279808005917,6.406710515500953
736,13,Valid,Front,Left,One_near,0.51611328125,0.4771728515625,2,55.24108416263579,-19.212545004053762,15.030455955715196
737,13,Valid,Rear,Right,Three,1.0146484375,0.623779296875,1,147.47156350911425,-19.669466384201748,12.38550304415738
738,13,Invalid,Rear,Right,Zero,2.0584716796875,0.6446533203125,1,147.4675975487698,-11.494897592895224,11.991310871828924
739,13,Valid,Front,Right,Three,0.4775390625,0.2889404296875,2,48.09029610387152,-19.58110720035065,9.64669226087217
740,13,Valid,Rear,Right,Zero,0.791748046875,0.6453857421875,1,145.76454200088318,-12.52518655529574,10.073280601328483
741,13,Valid,Rear,Right,Three,2.4051513671875,0.414306640625,1,145.2933872116409,-13.173758520697799,9.471124738182596
742,13,Valid,Front,Left,Zero,0.517822265625,0.4351806640625,1,51.29633184927774,-16.116285929111267,10.126812850856526
743,13,Valid,Front,Left,Zero,0.5582275390625,0.0828857421875,1,62.13019101627737,-17.513261826110497,20.84533506446561
744,13,Valid,Front,Right,Three,0.4337158203125,0.289794921875,1,50.51156719840938,-14.83831312628277,8.941204334462503
745,13,Valid,Front,Left,One_near,0.456787109375,0.165283203125,3,59.49786041169065,-14.27289085811879,17.632259460100602
746,13,Valid,Rear,Left,One_near,1.0360107421875,0.684814453125,1,131.95946336779463,-12.379928223952145,4.8156736172456815
747,13,Valid,Rear,Left,One_near,0.91162109375,0.393310546875,1,131.80370288271598,-15.944754645022403,4.301333611313772
748,13,Valid,Rear,Left,One_near,0.7664794921875,0.665283203125,1,131.92960175120407,-11.989527943258947,5.062715072786502
749,13,Valid,Front,Right,One_far,0.4952392578125,0.352783203125,1,55.40350869728971,-18.095324088734735,14.683254282592939
750,13,Valid,Rear,Right,One_far,1.912109375,0.459228515625,1,146.12330533826614,-10.606243120225741,11.035688038827994
751,13,Valid,Front,Right,Zero,0.4969482421875,0.537841796875,1,49.396297145632055,-18.455123679836042,9.751554155748595
752,13,Valid,Front,Left,Zero,0.45361328125,0.2060546875,2,60.620000038158054,-14.992759220218174,18.843366401128094
753,13,Invalid,Rear,Left,One_near,0.86865234375,0.641845703125,1,133.02083686806483,-10.64553959949668,5.276053292588437
754,13,Valid,Rear,Right,Zero,1.9293212890625,0.5469970703125,2,139.7115797158232,-11.636827189644107,5.008668020464865
755,13,Invalid,Front,Left,One_far,0.3922119140625,0.413818359375,1,53.36540835549959,-12.126758180616397,11.365439854554234
756,13,Valid,Rear,Right,One_near,0.9315185546875,0.5238037109375,1,142.86226266207422,-14.308951895473067,6.8969700830196565
757,13,Valid,Front,Right,Zero,0.412109375,0.518798828125,1,44.65927916747163,-19.441495148822874,7.808285132520354
758,13,Valid,Front,Left,Zero,0.3729248046875,0.2266845703125,2,59.46496897819924,-14.035986970512456,17.57194317539912
759,13,Valid,Front,Left,One_far,0.5172119140625,0.291259765625,2,57.90646297380278,-16.061271753629924,16.392292037511567
761,13,Valid,Rear,Left,Zero,1.6895751953125,0.5003662109375,1,132.14045731364985,-16.803942679327353,4.260314417746383
762,13,Valid,Rear,Left,Three,0.9144287109375,0.3515625,2,50.7757501911072,-21.171538345550573,85.44741447837475
763,13,Valid,Front,Left,Zero,0.357421875,0.4344482421875,1,36.41584926520214,-13.314163936652964,5.714624527824387
764,13,Valid,Front,Right,One_near,0.439697265625,0.393798828125,1,46.18426858428565,-16.307981282666624,5.934240478840781
765,13,Valid,Rear,Left,Three,1.8509521484375,0.4171142578125,1,131.5421626376521,-15.14310297784573,4.46013367640626
767,13,Valid,Rear,Right,One_far,2.11962890625,0.4564208984375,1,145.12467067233445,-13.992842498463675,9.180086116778059
768,13,Valid,Rear,Right,One_near,2.346435546875,0.5390625,1,140.23562817094756,-13.769622052686477,4.4107114954120545
769,13,Valid,Front,Right,Three,0.5167236328125,0.561767578125,1,44.76504252035878,-19.35130757378208,7.760600599759107
770,13,Valid,Front,Left,Zero,0.5574951171875,0.392822265625,2,48.66629787405298,-13.58953184560819,6.830683162369941
771,13,Valid,Rear,Right,Zero,1.8433837890625,0.435546875,1,146.84927159405177,-12.600337510831917,11.111483887556108
774,13,Invalid,Front,Left,Three,0.4981689453125,0.351318359375,2,49.740146513247126,-16.035424230175447,8.683169462701027
775,13,Valid,Front,Left,Three,0.4183349609375,0.456787109375,1,46.02092398040443,-11.90761376060547,4.025523831913034
776,13,Valid,Front,Right,One_far,0.434326171875,0.37255859375,1,45.8328154376441,-18.33719042447267,7.3207252762398145
777,13,Invalid,Front,Right,Zero,0.4571533203125,0.311767578125,1,52.02486009595739,-16.194906367625144,10.828946306226467
778,13,Valid,Rear,Left,Zero,1.1007080078125,0.603271484375,1,128.13398770452193,-12.96118735869216,8.125940340598671
780,13,Valid,Rear,Right,One_far,2.0084228515625,0.5623779296875,1,146.19882893542027,-11.08396564609138,10.924808314792447
781,13,Invalid,Front,Left,One_near,1.0152587890625,0.126220703125,2,53.145431651308684,-19.6629028426097,13.469155359589083
783,13,Valid,Rear,Right,One_far,1.8603515625,0.393310546875,1,143.94647443352534,-8.204078927281024,10.456146477039123
784,13,Valid,Rear,Right,Zero,2.039306640625,0.4967041015625,2,146.79402436327018,-14.064506042925947,10.83448710823878
785,13,Invalid,Rear,Right,One_near,2.091796875,0.582763671875,1,141.5185606476026,-10.923527631296508,6.8609138308297695
786,13,Invalid,Rear,Right,One_near,0.7872314453125,0.812744140625,1,143.29962175180566,-21.11308275120019,9.521252986999956
787,13,Valid,Front,Right,One_far,0.6483154296875,0.2698974609375,1,45.944496924307366,-17.455921499298345,6.65168783787367
789,13,Valid,Front,Left,One_far,0.4559326171875,0.47900390625,1,53.14342930808926,-15.419608842231968,11.627373719366181
790,13,Valid,Front,Right,One_far,0.6087646484375,0.5615234375,2,40.10851909561645,-22.70101066960316,10.768431976322628
792,13,Valid,Rear,Left,Zero,0.9302978515625,0.333251953125,2,140.49547260315276,-16.81960620628569,4.849767073958344
794,13,Valid,Rear,Left,One_far,1.249267578125,0.39501953125,1,128.79826015855048,-13.633255225166074,7.330282942933188
795,13,Valid,Rear,Left,Three,0.809814453125,0.603271484375,1,133.49394966050792,-12.640855797253504,3.44178001525675
796,13,Valid,Front,Left,One_near,0.478271484375,0.4642333984375,2,57.995295603418434,-17.658591530709458,16.93361807901702
797,13,Valid,Front,Right,One_near,1.4971923828125,0.2713623046875,2,48.38297650697369,-19.047018819470615,9.434164486940906
798,13,Valid,Front,Right,Zero,0.9381103515625,0.186767578125,1,53.57772164581577,-20.52891341199402,14.320971329308767
799,13,Valid,Rear,Left,Zero,0.9754638671875,0.33056640625,1,138.15820504063896,-11.827769169505887,3.836782172521238
800,13,Invalid,Rear,Right,Three,2.115478515625,0.5867919921875,1,136.5999608386289,-11.344055636402468,3.7048457724457116
801,14,Valid,Rear,Left,One_far,1.103240966796875,0.3117828369140625,1,136.7351628470419,-22.384803143653933,7.421305941826664
802,14,Valid,Front,Left,Three,0.41333770751953125,0.39499664306640625,3,42.61381360253624,-14.710974818201656,2.6821552229395094
803,14,Valid,Rear,Right,One_near,1.3957290649414062,0.5633010864257812,1,129.3936153569961,-21.980150671634224,9.610765913809033
804,14,Valid,Front,Left,One_near,0.37676239013671875,0.5681533813476562,1,46.57612493819045,-15.563024255602475,5.738767850751558
805,14,Invalid,Front,Right,One_far,0.47708892822265625,0.7249984741210938,1,46.32173500841086,-18.457531512208835,7.687366285773847
806,14,Valid,Front,Right,Three,1.921905517578125,0.5208816528320312,2,50.158485588454525,-24.118514916148136,14.52603138805281
807,14,Valid,Rear,Left,One_near,1.0790863037109375,0.589996337890625,1,139.04728675521395,-22.933982688448964,8.499060999258106
808,14,Valid,Rear,Right,One_far,0.9353790283203125,0.7498321533203125,1,134.8657718768831,-23.779144381934433,8.852109890535715
809,14,Valid,Rear,Right,One_near,2.00994873046875,0.629302978515625,1,136.07984116897723,-23.96713103272539,8.967486468923742
810,14,Invalid,Rear,Left,One_far,2.0386505126953125,0.455718994140625,2,138.0054175877422,-25.7103423279561,10.896473396619374
811,14,Valid,Front,Right,One_near,0.43719482421875,0.6863555908203125,1,50.308165716512505,-21.303633754747455,12.398890751376127
812,14,Valid,Front,Left,Three,0.4556427001953125,0.48004150390625,1,44.85280011705032,-20.731526581016162,9.090749123511818
813,14,Valid,Front,Right,One_far,0.4371185302734375,0.5028076171875,1,46.5001347719748,-18.022611106562277,7.438315352652879
814,14,Valid,Rear,Left,One_far,1.0229034423828125,0.3963775634765625,1,140.14766085125694,-24.81899091076262,10.659065298734612
816,14,Valid,Rear,Right,One_near,0.998931884765625,0.3557281494140625,2,138.9512323228952,-23.20285717496433,8.717605064268811
817,14,Valid,Rear,Left,Zero,0.84979248046875,0.5540771484375,1,135.87114203019954,-22.763466148290668,7.764535466596584
818,14,Invalid,Front,Right,Zero,1.828399658203125,0.6236114501953125,3,50.65965194552048,-28.536309416464217,18.577993407559035
819,14,Invalid,Front,Right,Zero,0.4156341552734375,0.60504150390625,1,44.68323891550786,-16.56530961651861,5.209487599473616
820,14,Valid,Front,Right,One_far,0.4817352294921875,0.6889801025390625,1,45.40282315890698,-17.83586631484303,6.669285406439334
821,14,Valid,Front,Right,Zero,0.4174652099609375,0.543670654296875,1,44.006017435699356,-12.803088185993913,2.125662002674468
822,14,Valid,Rear,Left,Three,1.50537109375,0.443023681640625,1,136.0571832362429,-24.286032518744,9.286208583791248
823,14,Valid,Rear,Left,Three,1.1242523193359375,0.7895355224609375,2,136.5163509189381,-21.61368297190514,6.633808915273049
824,14,Valid,Front,Right,One_near,1.0405426025390625,0.5814361572265625,2,46.774259997693356,-20.2370264733679,9.434233320936315
825,14,Valid,Rear,Right,One_far,0.9773406982421875,0.549530029296875,1,139.3171968202847,-23.347781991337285,8.982720017867749
826,14,Valid,Front,Left,One_far,0.4758758544921875,0.5829620361328125,1,44.196760750803975,-13.025904391999228,2.3839162609865943
827,14,Valid,Front,Right,Zero,0.85028076171875,0.48370361328125,2,45.42732144240299,-23.41373348501114,11.821467660126538
828,14,Invalid,Rear,Left,One_near,1.1481781005859375,0.626251220703125,1,139.67382625905682,-24.10886504789119,9.821833934781692
829,14,Valid,Rear,Left,Zero,1.188812255859375,0.56353759765625,1,138.86474795486893,-24.23409616302651,9.668263173546046
830,14,Invalid,Rear,Right,Zero,2.3411865234375,0.43572998046875,1,135.52839793496852,-23.682758865299316,8.695556912623585
831,14,Valid,Front,Right,One_far,0.643646240234375,0.415069580078125,2,47.500711987327534,-16.281498711813253,6.909613870863171
832,14,Valid,Front,Right,Three,1.994598388671875,0.250518798828125,2,47.143309637035955,-16.723252814392264,6.915786333325584
833,14,Valid,Front,Left,One_far,0.45721435546875,0.6229248046875,1,48.219294035855704,-14.941729394144028,6.837766028022055
834,14,Valid,Front,Right,Three,0.51947021484375,0.541748046875,1,-24.083227360929797,-25.74270792641592,67.47678428913038
835,14,Valid,Front,Left,Zero,0.394744873046875,0.561187744140625,1,50.77143148766886,-16.267671507410686,9.711204669687055
836,14,Valid,Front,Right,One_far,0.641754150390625,0.520111083984375,1,56.275410468318455,-18.896913587335224,15.810925916994181
838,14,Valid,Front,Right,Zero,0.35321044921875,0.835845947265625,1,44.43941586957645,-16.397327931457212,4.9414347243714305
839,14,Invalid,Rear,Right,Three,2.507720947265625,0.127227783203125,3,129.8132776753882,-28.458123890393672,14.812043470468039
841,14,Valid,Rear,Right,One_far,1.9267578125,0.51873779296875,1,134.55040974454928,-28.24842992928642,13.327498171071337
842,14,Valid,Front,Right,One_far,0.5784912109375,0.3326416015625,2,43.92261612276964,-20.680047239077894,8.792818852924354
843,14,Valid,Front,Right,One_far,0.454833984375,0.49493408203125,1,48.46166241565052,-25.86141578619939,15.202948582906158
844,14,Valid,Front,Right,One_near,0.66326904296875,0.18841552734375,1,42.14203020405606,-23.11675554901623,11.017671051798747
845,14,Valid,Front,Left,One_far,0.31121826171875,0.53643798828125,1,39.57177722372348,-9.29969802687047,3.706475008945992
846,14,Valid,Rear,Left,Zero,1.16510009765625,0.39471435546875,1,131.87333354765732,-22.295240368160034,8.381521821132617
847,14,Valid,Rear,Right,Three,1.82147216796875,0.584228515625,1,129.0501642988754,-23.104563132626165,10.67633644296345
849,14,Valid,Front,Left,One_near,0.37359619140625,0.39447021484375,1,41.0245783671715,-11.89065912365533,0.9976326800474062
850,14,Invalid,Front,Left,One_near,0.3541259765625,0.3563232421875,1,19.76106451373455,-16.51672963353252,22.673282784325718
851,14,Valid,Rear,Right,Zero,1.0765380859375,0.4549560546875,3,137.09218353486415,-24.905125521354204,9.965158125569847
852,14,Valid,Front,Left,One_far,0.33172607421875,0.398193359375,2,47.50961487578005,-21.339296284822215,10.757344092207259
853,14,Valid,Rear,Left,Zero,1.105224609375,0.29083251953125,1,129.94794279151662,-25.407192486888455,12.038980518046497
854,14,Valid,Rear,Left,One_near,1.1180419921875,0.579345703125,1,127.31763809308585,-24.94149894077335,13.199121541679645
856,14,Valid,Front,Left,Three,0.41217041015625,0.53717041015625,1,41.72160962228116,-13.318904982515402,1.2502921893730736
857,14,Invalid,Front,Left,One_far,0.3922119140625,0.45611572265625,1,43.326716329025466,-14.936977132711355,3.1318709215467284
858,14,Valid,Front,Left,Zero,0.37127685546875,0.4566650390625,1,45.476817597868106,-15.727931195337538,5.024952275091636
859,14,Valid,Front,Left,One_far,0.412109375,0.49749755859375,1,38.885041811921816,-11.838800803957403,3.125890198565622
860,14,Invalid,Rear,Right,Three,2.54302978515625,0.35198974609375,1,141.59139193686286,-29.21682566789539,15.276838542805386
862,14,Valid,Rear,Left,One_near,1.43115234375,0.3529052734375,1,132.66398162735103,-25.31394034028415,10.840036158869223
863,14,Valid,Rear,Right,Zero,1.12164306640625,0.6234130859375,1,135.48587242932751,-26.400422290124737,11.412009268840372
864,14,Valid,Rear,Left,Three,1.057373046875,0.50115966796875,2,129.89085515771595,-23.96402854876745,10.847831973584569
865,14,Valid,Rear,Left,One_far,1.11981201171875,0.41827392578125,1,124.90199201439931,-23.714954854165207,14.110854664356596
867,14,Valid,Front,Left,Zero,0.312255859375,0.57904052734375,1,39.1296681062335,-10.008625346681695,3.55142972912536
868,14,Valid,Front,Right,One_near,0.91192626953125,0.31298828125,2,44.98338466031153,-21.385701325202263,9.753196047052741
869,14,Valid,Rear,Right,Three,2.14501953125,0.45501708984375,1,133.9952877555967,-26.340481937920188,11.516310249691719
870,14,Valid,Front,Right,Zero,0.62567138671875,0.4605712890625,3,46.66342066330841,-20.59491526195508,9.69077280668416
871,14,Valid,Front,Left,One_far,0.394287109375,0.6629638671875,1,44.403269796951875,-12.80082737118051,2.503370671941511
872,14,Invalid,Rear,Right,One_far,2.2264404296875,0.59820556640625,1,134.20705651965332,-24.682844780275953,9.847442782907395
873,14,Valid,Rear,Left,One_far,0.90966796875,0.4375,1,129.91577844808884,-27.561835477619493,13.957702621116411
874,14,Valid,Rear,Right,One_near,1.26080322265625,0.64276123046875,1,133.51119299830455,-27.2850067858473,12.534574265606413
875,14,Valid,Front,Left,Three,0.49560546875,0.538818359375,1,43.434894245931254,-18.050701976817898,6.121256040545196
876,14,Invalid,Rear,Left,One_near,2.47637939453125,0.3140869140625,1,132.08517593530257,-26.77791241518307,12.411489367407023
877,14,Invalid,Front,Right,One_near,1.788818359375,0.28887939453125,3,39.52471203644286,-23.772421790192514,11.93199400564264
878,14,Valid,Front,Left,One_far,0.41156005859375,0.6849365234375,1,46.99978144464411,-12.23055352937811,5.001485651108138
879,14,Valid,Rear,Right,One_near,1.3046875,0.4571533203125,1,138.750728502677,-27.088966808964145,12.397968616014333
880,14,Valid,Rear,Right,Zero,1.321533203125,0.52142333984375,1,137.78802479538743,-25.838599239270067,10.985092905316092
881,14,Invalid,Front,Left,One_far,0.7247314453125,0.7440185546875,1,47.61807226587793,-17.33677727961539,7.680271626767032
882,14,Invalid,Rear,Left,Three,1.590576171875,0.582275390625,1,120.73574438752146,-22.237314665933134,16.89308210412811
883,14,Valid,Rear,Left,One_far,1.262451171875,0.6878662109375,1,130.6907741278794,-23.265629999719906,9.823874930670916
884,14,Valid,Rear,Right,Three,1.1221923828125,0.5029296875,1,132.15617116016818,-23.16847755911583,9.027682193326351
885,14,Valid,Front,Right,One_near,0.9993896484375,0.559814453125,1,41.61608640520263,-23.969236388454966,11.875443658798343
886,14,Valid,Front,Left,One_near,0.4176025390625,0.5167236328125,4,49.94167109062931,-14.08874534438699,8.186894878802239
887,14,Valid,Front,Right,Zero,0.47900390625,0.6458740234375,1,48.85889605746691,-14.408519460417134,7.236968787155275
888,14,Valid,Rear,Left,Zero,0.9969482421875,0.417724609375,1,131.74805586049735,-22.544110896654576,8.659828992911654
889,14,Valid,Rear,Left,One_near,0.93505859375,0.560302734375,1,133.39744569893483,-22.60352149135081,8.036593056726618
890,14,Valid,Rear,Right,Zero,1.1163330078125,0.746826171875,1,128.85032269944298,-21.309797280513248,9.535797146713673
891,14,Valid,Front,Left,Zero,0.3751220703125,0.727294921875,1,49.31775233430857,-17.155170100944723,8.894056665873231
892,14,Valid,Front,Left,Zero,0.393310546875,0.416748046875,1,46.44975609135907,-23.572629049291816,12.305346259867767
893,14,Invalid,Front,Right,Three,0.91845703125,0.5389404296875,1,41.99137119495175,-19.45568658611046,7.35569164724582
894,14,Valid,Rear,Right,One_far,1.3250732421875,0.455322265625,1,138.88263525913732,-24.294566710442584,9.731318326521292
895,14,Valid,Rear,Left,One_far,1.0164794921875,0.5592041015625,1,130.71723282437932,-23.482466746277794,9.992991100442541
896,14,Valid,Front,Right,Zero,0.660888671875,0.3095703125,1,48.077322287793265,-15.302374552397687,6.869428576202904
897,14,Invalid,Front,Left,Three,0.80908203125,0.30908203125,2,51.46363078746193,-22.083663670899053,13.756229424338157
898,14,Valid,Rear,Right,Three,1.3846435546875,0.393798828125,1,138.17779769910032,-27.4061596940915,12.595856508134219
899,14,Valid,Rear,Right,Zero,2.3865966796875,0.540771484375,1,138.34047973272828,-26.532253572353017,11.76735815025449
900,14,Valid,Rear,Left,Zero,1.1156005859375,0.3741455078125,1,130.749799723208,-21.38625848971302,8.267339381195033
901,14,Invalid,Rear,Right,One_far,2.3460693359375,0.517333984375,1,128.5705156391846,-21.167302250882283,9.655716178582415
902,14,Valid,Rear,Left,One_far,1.014404296875,0.5621337890625,1,130.47530924433218,-25.35505002436186,11.73666345060631
903,14,Valid,Rear,Left,Three,0.955078125,0.748779296875,1,133.80672807524752,-23.71986520756226,8.99146767630081
904,14,Valid,Front,Left,One_near,0.39404296875,0.35400390625,4,48.69078357923183,-19.085916186104765,9.673138573565396
905,14,Valid,Rear,Left,Zero,1.0975341796875,0.458984375,1,131.49258195465603,-21.514330324493944,7.921699124058791
906,14,Valid,Rear,Right,Zero,1.1007080078125,0.4150390625,1,140.45086920630413,-24.338921999565923,10.345322653528152
907,14,Valid,Rear,Right,One_near,2.2874755859375,0.5206298828125,1,131.01907932363022,-23.95249313761222,10.244837927623932
908,14,Valid,Rear,Left,One_near,0.9605712890625,0.6688232421875,1,129.5561009814151,-25.294812291776363,12.145245764686235
909,14,Valid,Front,Right,Three,0.8089599609375,0.29150390625,3,43.75786148288191,-18.892270985680774,7.0160545989837235
910,14,Valid,Front,Left,One_near,0.4354248046875,0.37353515625,1,45.8112287669364,-22.286493970693055,10.87612633840236
911,14,Valid,Rear,Left,One_near,1.0198974609375,0.6416015625,1,125.36440330959645,-22.80898845667698,13.194552575871496
912,14,Valid,Rear,Right,Three,1.4114990234375,0.37158203125,1,137.7998530933992,-27.210820176983088,12.342754982273446
913,14,Valid,Rear,Left,Three,1.01416015625,0.49560546875,1,130.62122380687347,-21.627594233565674,8.53558660318889
914,14,Valid,Front,Right,Three,0.68408203125,0.4144287109375,1,45.57172308341579,-19.733062006799443,8.427386391061605
915,14,Valid,Front,Left,Three,0.3922119140625,0.661376953125,1,46.08599752691424,-12.614283791468033,4.118235496922927
916,14,Valid,Front,Right,One_near,0.9293212890625,0.4979248046875,1,44.26814832204106,-19.23549153914124,7.48730501021121
917,14,Valid,Front,Right,Three,0.604736328125,0.33251953125,2,49.6786771292566,-17.549294857309704,9.415779144461192
918,14,Valid,Rear,Right,Three,1.4071044921875,0.2921142578125,1,140.99507948525493,-27.29601419522575,13.271879450673438
919,14,Invalid,Front,Left,Zero,0.4168701171875,0.501220703125,1,50.657370324549255,-17.898921305353355,10.420055145826588
920,14,Invalid,Rear,Right,Zero,2.5872802734375,0.3525390625,1,132.30626394565172,-28.62025364127203,14.112228572829181
921,14,Valid,Rear,Right,Zero,1.028564453125,0.4573974609375,1,127.96343347429153,-19.043965509417347,8.996669303886575
923,14,Valid,Front,Right,Zero,0.35107421875,0.3118896484375,1,39.92308672107199,-22.92860265841699,11.025978609722724
924,14,Valid,Front,Left,Three,0.4356689453125,0.3306884765625,1,46.529210172194524,-19.498048170082505,8.674379603797119
925,14,Valid,Rear,Right,Three,1.3275146484375,0.560791015625,1,67.46586684133075,-21.920906628988856,68.88269997885818
926,14,Invalid,Front,Left,One_near,0.5592041015625,0.1854248046875,2,45.54482282196882,-20.25210516982105,8.889464974843767
927,14,Valid,Rear,Right,One_far,2.2615966796875,0.2056884765625,2,129.18487237130444,-31.726115236710235,18.061253984901487
928,14,Valid,Front,Left,One_far,0.330810546875,0.3922119140625,1,42.84489283801067,-22.708867311659315,10.642457871380806
929,14,Invalid,Front,Left,Three,0.431884765625,0.247802734375,1,45.69878348083635,-23.16503566806509,11.666876770312632
930,14,Invalid,Front,Left,Zero,0.3924560546875,0.664306640625,1,40.53928965089838,-27.894215318129106,15.861617579534462
931,14,Invalid,Front,Right,Three,0.744384765625,0.0206298828125,1,32.841680167243624,-25.3885627784483,16.138795583184653
932,14,Valid,Front,Left,Three,0.4986572265625,0.8277587890625,1,41.43494225991708,-28.10359772687488,16.013570196969273
933,14,Valid,Front,Right,Zero,0.55859375,0.6407470703125,1,40.5271899482256,-24.897201428467653,12.881674341846336
934,14,Valid,Front,Left,One_near,0.4998779296875,0.6220703125,2,45.9595463761099,-23.371890809176755,11.94711387401026
935,14,Valid,Rear,Left,Three,2.49169921875,0.2886962890625,2,122.68710881112246,-28.47586783784153,18.94286371671045
936,14,Valid,Front,Left,Three,0.438720703125,0.707763671875,1,31.704662595165708,-18.575210762101623,12.162332288381895
937,14,Valid,Front,Right,One_near,0.9158935546875,0.7252197265625,1,39.13371591674171,-24.035176657381392,12.274527538314521
938,14,Valid,Front,Left,Zero,0.29150390625,0.5482177734375,1,41.15121682870519,-18.493610349752203,6.449704347978423
939,14,Invalid,Rear,Right,One_near,1.1021728515625,0.3790283203125,3,122.85988878030129,-29.194953226161658,19.34319570182159
940,14,Valid,Rear,Right,One_far,1.4119873046875,0.311279296875,1,132.54570821525746,-29.02500727103317,14.444132396467193
941,14,Valid,Rear,Left,One_near,1.06103515625,0.4560546875,1,123.42666432405903,-25.248059390767413,16.220711799936094
942,14,Valid,Rear,Left,Zero,0.960205078125,0.41748046875,2,130.30666373947992,-26.198991606954348,12.563100365275552
943,14,Invalid,Front,Right,One_near,0.5157470703125,0.353515625,1,40.044359831508565,-20.3647200887331,8.492945697090361
944,14,Valid,Rear,Right,One_far,1.5596923828125,0.33056640625,1,132.0980489494246,-30.558900024397204,16.04071669129138
945,14,Valid,Front,Right,One_near,0.6492919921875,0.350830078125,1,38.10612619539718,-28.5116614862837,16.867272629163843
946,14,Valid,Front,Left,Zero,0.518798828125,0.2694091796875,2,49.4405658408992,-22.964188039062176,13.167862460584011
947,14,Invalid,Rear,Left,Zero,2.1549072265625,0.35400390625,2,126.46316440002722,-27.49281625738975,15.716923722593101
948,14,Valid,Front,Right,One_far,0.580810546875,0.248779296875,1,41.81330944908162,-26.166925651665604,14.06816443788208
949,14,Valid,Front,Left,One_near,0.4967041015625,0.9381103515625,1,40.696198076041114,-17.41712907409007,5.4746471162489385
950,14,Valid,Rear,Left,One_far,1.2906494140625,0.4776611328125,2,122.9202825387522,-22.165150260704696,14.91369796946911
951,14,Valid,Rear,Right,Zero,1.2459716796875,0.2083740234375,2,132.94084128810292,-30.628078667743296,15.924675659797561
952,14,Valid,Front,Left,Zero,0.3751220703125,0.616455078125,1,44.883637416988236,-16.31200714744,5.104543952474132
954,14,Valid,Rear,Right,One_far,2.35546875,0.1873779296875,2,127.4998690315968,-35.76864110140815,22.440781619166188
955,14,Valid,Front,Left,One_near,0.6055908203125,0.419189453125,1,42.83838545309,-18.300772919099284,6.25719385684893
956,14,Valid,Rear,Left,Three,0.9244384765625,0.5672607421875,1,127.41970740151363,-27.7592729298649,15.375970433583147
957,14,Valid,Rear,Right,Three,1.4349365234375,0.2891845703125,1,127.72323239623228,-29.364161754835333,16.578118858478877
958,14,Valid,Rear,Right,One_near,1.319091796875,0.147705078125,1,136.49737277760445,-32.4435714874888,17.450660902069995
959,14,Valid,Rear,Right,One_near,1.185791015625,0.280517578125,1,133.3692114489466,-23.03934051322603,8.4588441460965
960,14,Valid,Front,Right,One_far,0.48095703125,0.4798583984375,1,41.82971391528709,-22.615606588057524,10.51698527456636
961,16,Invalid,Rear,Right,One_near,0.99615478515625,0.16900634765625,2,-67.07871692117405,-29.05464750342433,203.56448212494206
962,16,Valid,Rear,Right,Three,1.15985107421875,0.684234619140625,1,132.80201529257482,-27.6574002246385,13.055147897883197
963,16,Invalid,Front,Right,Zero,0.2705078125,0.521697998046875,1,55.879017410596575,-24.10279989020693,18.349232395062046
964,16,Valid,Front,Left,One_near,0.5157470703125,0.47723388671875,1,40.63819807508657,-27.16234889090928,15.12378453278722
965,16,Valid,Rear,Left,Zero,0.9747314453125,0.4149169921875,2,-7.024097845919468,-11.547069958405704,143.06577260306287
966,16,Invalid,Rear,Left,One_far,1.703125,0.168212890625,2,134.15904897576857,-22.664675990780562,7.882661905553653
967,16,Valid,Front,Right,Three,0.857666015625,0.33941650390625,2,48.38584588919938,-28.126527800187834,17.251916445740115
968,16,Valid,Rear,Left,One_far,1.206787109375,0.27410888671875,4,139.3416217846282,-31.801232095722806,17.13031920560291
969,16,Invalid,Front,Right,One_far,0.37237548828125,0.2705078125,2,51.81781401134591,-24.26228844342294,15.630442480697699
970,16,Valid,Rear,Left,One_far,,0.0,0,15.6020207013253,-19.271425513261548,120.47372533095938
971,16,Valid,Front,Right,One_far,0.33160400390625,0.62298583984375,2,41.38128549878499,-29.855700638091978,17.76647721929009
972,16,Valid,Front,Left,One_far,0.47650146484375,0.4561767578125,1,47.98579148662411,-24.14061650196685,13.446417570073379
973,16,Valid,Rear,Left,One_far,1.20928955078125,0.228271484375,5,134.8312350882959,-33.55672497121164,18.593494912899523
974,16,Invalid,Front,Left,Three,0.7864990234375,0.0628662109375,1,46.11843409870784,-26.154195752092914,14.645201182078242
975,16,Invalid,Front,Right,Three,0.7080078125,0.16448974609375,2,40.39779706798476,-22.19892973464587,10.225235255028254
976,16,Valid,Front,Left,Zero,0.4783935546875,0.43792724609375,1,33.249952950367664,-17.35402095757028,10.206275500561764
977,16,Invalid,Rear,Right,Zero,1.83038330078125,0.33123779296875,2,137.6363459356515,-30.99322184362403,16.07671524163117
978,16,Valid,Front,Right,One_far,0.43646240234375,0.85101318359375,2,46.269879393652296,-27.295967103288667,15.784463444810783
979,16,Valid,Front,Right,Zero,0.26910400390625,0.51763916015625,1,46.688593759790095,-22.898398061439277,11.772353721224919
980,16,Valid,Front,Right,Zero,0.39556884765625,0.350830078125,1,42.046262756051874,-23.167970145282517,11.068066831179808
981,16,Invalid,Rear,Left,One_far,1.272216796875,0.7032470703125,2,130.82356801418754,-31.381307432414815,17.17971714840006
982,16,Valid,Rear,Right,Three,1.32843017578125,0.8297119140625,2,134.63922234472133,-30.618022022225432,15.677191320954922
983,16,Valid,Front,Right,One_far,0.37213134765625,0.45648193359375,1,42.40182213983761,-25.17575046531433,13.081923072057549
984,16,Valid,Front,Left,One_near,0.43609619140625,0.45672607421875,1,37.98186885636223,-23.47832605990915,12.066966553905726
985,16,Invalid,Rear,Right,One_far,,0.0,0,87.85291874610358,-24.170437150076616,49.01263460366938
987,16,Valid,Front,Right,One_near,0.35125732421875,0.49554443359375,1,48.95708818218974,-20.84084670245594,11.171547656909453
988,16,Valid,Front,Left,One_far,0.39276123046875,0.33489990234375,1,46.830767627269566,-25.71056271683561,14.442428235500817
989,16,Valid,Front,Left,Three,0.4981689453125,0.330322265625,1,45.63640307203043,-22.877386209842726,11.37433430220778
990,16,Valid,Rear,Right,Zero,0.97613525390625,0.35137939453125,2,178.61071812218864,-34.694339414143165,46.941882193283305
991,16,Invalid,Front,Left,Zero,0.35137939453125,0.58148193359375,1,41.9882776928707,-24.440448314993436,12.340453882556702
992,16,Invalid,Front,Left,Three,0.4334716796875,0.27099609375,1,41.22337381633868,-18.955936050726184,6.899783138678728
993,16,Invalid,Front,Right,One_near,0.706787109375,0.5625,3,48.61030052858028,-25.32059895992104,14.781079457780274
994,16,Valid,Rear,Right,One_far,1.056640625,0.145263671875,3,126.86383086447422,-28.770516000242093,16.52563757880032
995,16,Invalid,Rear,Left,Zero,1.9346923828125,0.4786376953125,1,130.37237831503325,-22.963237724266975,9.75106562803762
996,16,Invalid,Front,Right,One_far,0.414794921875,1.4381103515625,1,49.293595427607684,-28.015447445057955,17.507084327152295
997,16,Valid,Rear,Right,Zero,0.9114990234375,0.272705078125,3,139.66877252926358,-31.506052573135438,16.908863457328824
998,16,Invalid,Front,Left,Zero,0.4136962890625,0.372314453125,1,42.730031976571766,-24.578905708639983,12.500241372547364
999,16,Valid,Front,Right,One_far,0.3736572265625,0.29046630859375,1,42.5270340749915,-17.37722689153658,5.3034789130304825
1000,16,Valid,Rear,Right,Zero,0.8126220703125,0.4962158203125,1,132.5388531640238,-25.03458751006131,10.614729573440224
1001,16,Valid,Front,Right,Zero,0.6619873046875,0.82855224609375,2,48.10400828305355,-28.253756484172417,17.26854845288187
1002,16,Valid,Rear,Right,One_far,2.17974853515625,0.3558349609375,2,147.05351622297746,-30.809604350458837,19.290510895506966
1003,16,Valid,Rear,Left,Three,1.37347412109375,0.35577392578125,1,149.8377210627157,-25.25303372841269,17.22228860649751
1004,16,Valid,Rear,Left,One_far,1.2047119140625,0.0418701171875,2,139.58934090481196,-21.233949284865883,7.193433937782164
1005,16,Valid,Rear,Right,Zero,0.81451416015625,0.45623779296875,2,133.64285215053582,-26.4584548610642,11.69839022204677
1006,16,Valid,Rear,Right,One_far,1.86572265625,0.354248046875,1,138.11562635987653,-26.527873457565256,11.720398514907329
1007,16,Valid,Front,Left,One_near,0.76531982421875,0.0616455078125,1,53.440514674754645,-7.160966635237262,12.461116587269213
1008,16,Invalid,Rear,Right,Three,1.05908203125,0.1650390625,3,143.96950252034463,-27.81180070104381,15.088247334433717
1009,16,Valid,Front,Left,Zero,0.3311767578125,0.49609375,1,46.56554541904694,-23.85514797300611,12.610618892054827
1010,16,Valid,Rear,Right,One_near,1.64178466796875,0.12457275390625,1,-176.94027814311053,-26.146813351090135,313.1387378338417
1011,16,Valid,Rear,Right,Three,1.033935546875,0.62322998046875,1,139.0652162861495,-25.928904700997336,11.350617112930813
1012,16,Valid,Rear,Right,One_near,1.57989501953125,0.56103515625,1,146.10568615614173,-27.405997963536016,16.00105240781663
1013,16,Valid,Rear,Left,One_near,1.66455078125,0.1651611328125,1,150.66422442660513,-25.18067572829486,17.851768436727347
1014,16,Valid,Front,Right,One_near,0.31329345703125,0.43463134765625,1,39.19282333577196,-22.31294934421174,10.591722009740508
1015,16,Valid,Front,Left,Zero,0.37274169921875,0.35382080078125,1,49.481106248144386,-13.109175259578581,7.548866497731329
1016,16,Valid,Front,Right,Three,0.477783203125,0.56463623046875,2,44.8445660444359,-26.944970141126298,15.11504860965022
1017,16,Valid,Front,Right,Three,0.51788330078125,0.6282958984375,1,47.34120566986596,-30.773012049356186,19.42189117988281
1018,16,Valid,Front,Left,Three,0.93475341796875,0.18731689453125,1,49.03547198716121,-15.853356721861465,7.97405497621334
1019,16,Invalid,Front,Left,One_far,0.33154296875,0.8984375,1,46.136522057185644,-24.85438512533547,13.408398661099021
1021,16,Valid,Front,Left,Zero,0.47918701171875,0.28851318359375,1,35.437126025497186,-18.969862663433208,9.50085932006363
1022,16,Valid,Front,Right,Zero,0.30987548828125,0.4154052734375,1,51.91308795790176,-23.418376943898345,15.04576250993171
1023,16,Valid,Front,Left,Zero,0.33367919921875,0.75372314453125,1,47.85258782531984,-21.525033885282305,11.094325035431476
1024,16,Valid,Rear,Left,One_near,0.93670654296875,0.29083251953125,3,130.6492136539804,-28.82263561820341,14.8221513267938
1025,16,Valid,Rear,Left,Zero,0.82879638671875,0.3756103515625,2,129.48532469092976,-23.715736283749003,10.88140861058293
1026,16,Valid,Front,Left,One_far,0.353271484375,0.3736572265625,2,46.05754903896985,-12.854417378795878,4.127087324624283
1027,16,Valid,Rear,Left,One_near,0.79083251953125,0.86865234375,2,122.97752395037907,-25.269801885455962,16.584743387507256
1028,16,Invalid,Rear,Right,Three,1.0008544921875,0.9334716796875,2,135.1011541512112,-30.48895987352416,15.515018589209824
1029,16,Valid,Rear,Left,Three,1.221923828125,0.6002197265625,1,131.73934126967706,-24.215958438562886,10.153181903107793
1030,16,Valid,Rear,Right,Three,1.0345458984375,0.5992431640625,1,137.51079486938042,-25.479889149709084,10.588228261967929
1031,16,Valid,Front,Right,One_near,0.392578125,0.72314453125,1,56.09170878507904,-26.032118957673433,19.816159949249435
1032,16,Valid,Front,Left,Three,0.3934326171875,0.3548583984375,1,58.628715684137184,-21.939779668568416,19.321890415532387
1033,16,Valid,Front,Left,Three,0.5592041015625,0.22705078125,1,47.69426370487227,-15.871230896544445,6.8298478471835
1034,16,Valid,Rear,Right,One_near,,0.0,0,0.0,0.0,136.82470537150812
1035,16,Valid,Rear,Left,Zero,1.92919921875,0.5419921875,1,133.48734367510264,-24.254779786750703,9.58980660432191
1036,16,Valid,Front,Left,Zero,0.4169921875,0.2904052734375,1,54.76633169715296,-22.012108741315096,16.162584097271928
1037,16,Valid,Front,Right,Three,0.4339599609375,0.33349609375,1,46.5552182856201,-25.035640398590644,13.714255581375827
1038,16,Valid,Rear,Left,One_far,1.1829833984375,0.371337890625,2,133.22227645491037,-28.31541103668853,13.602055696434713
1039,16,Valid,Rear,Right,One_far,1.0618896484375,0.29296875,2,139.42099129826025,-27.60920846364335,13.065041888275267
1040,16,Invalid,Front,Left,One_near,0.7899169921875,0.1046142578125,1,54.92616310171566,-13.126969668666723,12.966894741321719
1041,16,Valid,Rear,Left,Three,2.2545166015625,0.5166015625,2,127.00033691125687,-23.591243675580365,12.442001591548092
1042,16,Valid,Rear,Right,One_near,0.9166259765625,0.4168701171875,2,139.18512650833557,-25.81441820310824,11.273715977698782
1043,16,Valid,Rear,Right,One_far,1.9754638671875,0.5426025390625,1,139.646538035924,-24.272523233192466,9.96378074615929
1044,16,Valid,Front,Left,One_near,0.3720703125,0.8463134765625,1,43.666248353681056,-20.678927997632584,8.739244198711297
1045,16,Valid,Front,Left,Three,0.3311767578125,0.392333984375,2,43.82335118972227,-15.024761371944669,3.4465691120128823
1047,16,Invalid,Front,Right,Zero,0.579345703125,0.3939208984375,1,18.20355621331126,-21.26102549166324,25.498923995963846
1048,16,Valid,Front,Left,One_far,0.3310546875,0.333740234375,1,47.32098201283725,-21.51854975445048,10.817667449963357
1049,16,Valid,Front,Right,Zero,0.4129638671875,0.2904052734375,2,48.52267445581099,-18.11415076524419,8.872163855766896
1050,16,Valid,Rear,Right,One_near,2.39208984375,0.4361572265625,2,140.63351247133656,-28.647133349874363,14.412275548687115
1051,16,Valid,Rear,Right,Zero,0.7454833984375,0.5181884765625,1,144.01278957494895,-31.16463114304425,18.04162123433165
1052,16,Valid,Rear,Left,Three,1.4500732421875,0.7640380859375,1,129.2000165778686,-23.290048290376333,10.722158140879722
1053,16,Valid,Front,Right,One_near,0.541259765625,0.4765625,1,50.16426452253396,-26.61862723644012,16.656702915781608
1054,16,Valid,Front,Right,One_near,0.4759521484375,0.392578125,1,48.78268451054686,-19.73300099379378,10.211146524307107
1055,16,Valid,Rear,Left,One_far,1.038818359375,0.5390625,2,128.90511552963432,-19.724663122643012,8.524073396580944
1056,16,Valid,Front,Left,Zero,0.4136962890625,0.29052734375,1,49.68076516659244,-19.86136882869198,10.919386413133811
1057,16,Valid,Rear,Left,One_near,0.831787109375,0.64697265625,1,132.08636051236917,-27.138204011024694,12.753531693315358
1058,16,Valid,Front,Right,Zero,0.413818359375,0.66357421875,1,47.46189986151684,-28.2731918843799,17.070573681813087
1059,16,Invalid,Front,Left,One_far,0.3521728515625,0.6036376953125,2,49.53568939755152,-22.377433751272445,12.744106842308112
1060,16,Valid,Rear,Right,Three,1.7586669921875,0.1243896484375,2,-53.89912620252861,-11.647573407958166,189.92871530271276
1061,16,Invalid,Front,Left,One_near,0.4364013671875,0.373779296875,1,47.514019503634174,-19.921067254457615,9.569404583630439
1062,16,Valid,Rear,Left,One_near,2.0313720703125,0.6610107421875,1,133.96717077435096,-22.475599683210135,7.747063010216474
1063,16,Valid,Rear,Left,One_near,1.0609130859375,0.5665283203125,2,132.04724704545725,-25.11415212831024,10.85911272592052
1064,16,Invalid,Rear,Left,Zero,1.7882080078125,0.2923583984375,2,129.5537646874289,-22.035088065335408,9.54182444777011
1065,16,Invalid,Rear,Left,Three,1.7813720703125,0.47802734375,2,124.79773626278852,-20.73418198724546,12.584576111291696
1066,16,Valid,Front,Right,One_near,0.500732421875,0.290283203125,2,42.40261803228505,-29.66394968611589,17.56856368222319
1067,16,Valid,Front,Left,Three,0.47607421875,0.1859130859375,1,52.60708740597721,-19.51202985122026,12.940188938088214
1068,16,Valid,Front,Right,One_near,0.580078125,0.3304443359375,1,11.429452578985659,-19.250949305696004,31.395771141877066
1069,16,Valid,Rear,Left,Zero,0.909423828125,0.7047119140625,1,126.91866882080907,-25.988925704972136,14.255773010803118
1070,16,Valid,Rear,Left,One_near,2.0496826171875,0.558837890625,2,128.30605073110078,-23.3624780222927,11.363445517347422
1071,16,Valid,Front,Right,Zero,0.4158935546875,0.5421142578125,1,45.16026950592804,-23.07683330239887,11.422704263822624
1072,16,Valid,Front,Right,One_far,0.4168701171875,0.81201171875,1,37.380197750585275,-22.886094240965562,11.733814460723666
1073,16,Valid,Rear,Left,Zero,0.8712158203125,0.625,1,124.08609167034683,-20.809854165245923,13.25502233528124
1074,16,Invalid,Rear,Left,One_near,2.0853271484375,0.7041015625,1,125.4076894039173,-22.66687910660274,13.07585863334211
1075,16,Valid,Rear,Left,Zero,0.8282470703125,0.4366455078125,3,136.16871554955492,-23.720254703219155,8.721886666637982
1076,16,Invalid,Front,Right,Three,0.6424560546875,0.4774169921875,3,43.10671062779582,-31.18061170899775,19.112680387722133
1077,16,Valid,Front,Left,One_near,0.4359130859375,0.474853515625,1,54.49721414877595,-18.96098294940798,14.2566983734816
1078,16,Valid,Front,Right,Zero,0.5875244140625,0.6446533203125,1,47.89765164688416,-29.024363644712977,17.92251041920405
1079,16,Valid,Front,Left,One_far,0.3538818359375,0.24853515625,1,50.157837128389076,-14.081759236647848,8.395098348760566
1080,16,Valid,Rear,Right,Zero,2.1773681640625,0.1876220703125,2,151.18636935284272,-24.68528839497557,18.01195784513191
1081,16,Valid,Front,Left,One_near,0.53857421875,0.4154052734375,2,54.087788321806386,-19.811529366245722,14.33814184890319
1082,16,Valid,Front,Right,Three,0.4339599609375,0.4599609375,1,47.426962946245936,-17.565498237509367,7.702181366609357
1083,16,Valid,Front,Left,Zero,0.3973388671875,0.5146484375,1,46.68383721628045,-20.680878106321202,9.775980776584841
1084,16,Valid,Front,Left,Three,0.3104248046875,0.2059326171875,2,39.43810274267451,-9.630901662723307,3.5580562328656917
1085,16,Valid,Front,Left,One_far,0.3299560546875,0.26953125,3,44.3096047148961,-9.698322588253262,3.3320156556001983
1086,16,Valid,Rear,Left,Three,1.0772705078125,0.6239013671875,1,131.31621515064157,-24.927071894807188,10.976547586547893
1087,16,Invalid,Rear,Left,One_near,2.4044189453125,0.515625,1,130.7190158277709,-22.536790845257514,9.202826200276288
1088,16,Valid,Front,Left,One_far,0.33251953125,0.373291015625,1,49.680834308779325,-9.88833186801931,7.992915088060208
1089,16,Valid,Front,Left,One_near,0.291015625,0.4947509765625,1,46.1419739146499,-7.215906098869197,6.403930132715639
1090,16,Valid,Rear,Left,Zero,1.0380859375,0.3309326171875,1,136.12801882470984,-23.630135120181777,8.631084579128803
1091,16,Valid,Front,Right,Three,0.911865234375,0.1033935546875,2,60.51614345269404,-33.5265370765341,28.318616835093387
1093,16,Invalid,Front,Right,One_near,0.9505615234375,0.496826171875,2,49.98126746097152,-23.509537034397916,13.92401399104656
1094,16,Valid,Rear,Right,Zero,1.0916748046875,0.1468505859375,2,153.20003056845948,-30.556491594502614,23.191495904442455
1095,16,Valid,Front,Left,One_far,0.4124755859375,0.5184326171875,1,51.11382701006975,-14.334595975263126,9.383776528783017
1096,16,Valid,Rear,Right,Zero,0.9921875,0.248291015625,2,151.19592053858543,-27.28656000841696,19.541636519376606
1097,16,Valid,Front,Right,One_far,0.474853515625,0.3935546875,2,51.90234321552607,-16.712381861413732,10.923848570607964
1098,16,Valid,Front,Right,One_far,0.474365234375,0.5362548828125,2,50.16566771641987,-19.45254546905027,10.988086918541978
1100,16,Valid,Rear,Right,Three,1.5521240234375,0.268798828125,1,19.357169850066075,-14.20459378510653,116.64554211984711
1101,16,Valid,Front,Left,One_near,0.4114990234375,0.3721923828125,2,52.23580441156957,-17.18119945467134,11.427610417320821
1102,16,Valid,Front,Right,Three,0.8736572265625,0.041259765625,1,122.85452881883968,-17.21828618697439,81.0163667662797
1103,16,Invalid,Rear,Right,One_far,2.4561767578125,0.37109375,1,-175.20031374098204,-23.046953033436136,311.3043345756817
1104,16,Valid,Rear,Right,One_near,0.8294677734375,0.288330078125,2,146.17298887624503,-34.596544771610574,22.079725307665015
1105,16,Valid,Rear,Left,Three,0.9075927734375,0.8721923828125,1,132.51089181450217,-22.22459197326262,8.023004743251658
1106,16,Valid,Front,Right,One_near,0.4736328125,0.6802978515625,2,46.71792879059027,-21.59765601583852,10.6049197011705
1107,16,Valid,Front,Right,One_far,0.5565185546875,0.37060546875,2,50.90773962476903,-27.177019005469894,17.511833922064838
1108,16,Valid,Rear,Left,One_near,0.845947265625,0.7440185546875,1,126.49080989434525,-25.43564064071194,14.118331772825039
1109,16,Valid,Rear,Right,One_near,1.1376953125,0.20751953125,2,152.65222887043262,-28.302988057625978,21.31352194299687
1110,16,Valid,Rear,Left,One_far,0.91015625,0.4365234375,1,137.52096822818984,-21.59842253890608,6.771449206270895
1111,16,Valid,Front,Left,Three,0.412109375,0.55859375,1,52.150420066597604,-20.208466965921616,12.991468895618748
1112,16,Valid,Rear,Left,One_far,0.9998779296875,0.474609375,1,132.03464435478475,-25.36881409908302,11.101186928179496
1113,16,Valid,Rear,Right,One_far,0.81298828125,0.455810546875,3,141.86679664234447,-26.126752154464008,12.578708850652905
1114,16,Valid,Rear,Left,Zero,0.74365234375,0.5570068359375,2,134.75453908649683,-25.70065842436777,10.772894857096539
1115,16,Valid,Rear,Right,Three,1.177734375,0.33154296875,3,154.57607072145794,-32.68472558146632,25.64800035754008
1116,16,Valid,Rear,Right,Three,1.98486328125,0.3504638671875,2,148.30289896815248,-26.48675025482566,16.83171870122908
1117,16,Valid,Rear,Left,Three,1.01123046875,0.4774169921875,1,138.84302315719842,-23.980235707583507,9.419523025935247
1118,16,Invalid,Rear,Right,Zero,0.91259765625,0.2060546875,3,146.12740147584122,-27.77477586953571,16.30212130888931
1119,16,Valid,Rear,Right,One_near,2.073486328125,0.2088623046875,1,-158.9678710528299,-22.49240039940867,295.0630119435236
1120,16,Valid,Rear,Right,One_far,1.1590576171875,0.349853515625,2,93.55527562459758,-23.539148010239977,43.29516919986184
1121,17,Valid,Front,Left,One_far,0.4935302734375,0.306640625,1,45.04999705122677,-10.823895640845508,3.306194844219722
1122,17,Valid,Rear,Right,Three,1.04937744140625,0.554718017578125,1,120.467619429785,-12.266235246124896,15.771122848659894
1123,17,Valid,Front,Right,Three,0.4512939453125,0.2679443359375,1,41.233724279060844,-16.221780220046366,4.192403924106824
1124,17,Valid,Rear,Left,One_far,1.19061279296875,0.674957275390625,1,129.79448936676215,-17.37862639992321,6.645767507943659
1125,17,Valid,Rear,Left,Zero,0.963958740234375,0.491546630859375,1,126.48434819233441,-14.96718678568215,9.515708383077074
1126,17,Valid,Rear,Right,Three,1.0272216796875,0.494293212890625,1,123.83506383844943,-16.562247791854624,12.264839582226724
1127,17,Valid,Front,Right,One_far,0.61553955078125,0.329132080078125,1,40.908521496613346,-11.656503923088483,1.1781400993052886
1128,17,Valid,Front,Left,One_far,0.410736083984375,0.3076171875,1,47.91977069000609,-10.920910319436107,6.036053139019523
1129,17,Valid,Front,Right,One_far,0.409881591796875,0.2044677734375,1,33.985969388328414,-14.39430765584944,8.33597830278478
1130,17,Valid,Front,Left,Zero,0.368621826171875,0.409912109375,1,45.70739366755732,-10.633245788224087,3.9869958269361767
1131,17,Valid,Rear,Left,One_near,1.108978271484375,0.432220458984375,1,132.79582156907273,-17.830466604886553,4.275312926394694
1132,17,Valid,Front,Right,One_far,0.410675048828125,0.184600830078125,1,39.926320677542755,-15.052320946190893,3.607817193498616
1133,17,Valid,Rear,Left,Zero,0.8206787109375,0.5364990234375,1,137.71378926444365,-17.99723610187209,3.452607405032855
1135,17,Valid,Front,Right,Three,0.84283447265625,0.06146240234375,1,40.07209696092016,-21.655042057460356,9.747596567766308
1136,17,Valid,Front,Left,Three,0.369659423828125,0.35052490234375,1,44.847000294388494,-11.108585529549865,3.0146829565422117
1137,17,Valid,Rear,Right,Three,0.9669189453125,0.8626708984375,1,120.54045502623097,-18.564900240245084,15.865246437382769
1138,17,Invalid,Rear,Right,One_far,2.03533935546875,0.35052490234375,1,127.91985062726495,-18.754549253325166,8.909851512867943
1139,17,Invalid,Rear,Right,Zero,2.0936279296875,0.267974853515625,3,115.50943066118353,-10.080286394724428,21.07289761249694
1140,17,Valid,Front,Left,Three,0.391204833984375,0.4918212890625,1,41.17984243882124,-11.834562074960584,0.8620415983048166
1141,17,Invalid,Front,Right,Three,0.593963623046875,0.123016357421875,1,41.302224385460875,-16.649347737380577,4.602548820366302
1142,17,Valid,Rear,Right,One_near,0.82159423828125,0.451446533203125,1,123.04816422440703,-18.219200966151565,13.345909666201141
1143,17,Valid,Front,Left,One_far,0.40972900390625,0.32867431640625,1,50.112145186250835,-12.22024079960645,8.113036261024758
1144,17,Valid,Rear,Left,One_near,1.005859375,0.429046630859375,1,128.7427842399035,-16.65949722420576,7.444535689063466
1145,17,Valid,Rear,Right,One_far,0.82122802734375,0.4945068359375,1,125.26715663360827,-18.79945069823514,11.385506239768988
1146,17,Valid,Front,Right,Three,0.45245361328125,0.26727294921875,1,38.278388351151484,-9.735213529368888,4.409377316189318
1147,17,Valid,Front,Right,One_near,0.554290771484375,0.143768310546875,1,48.97954960596587,-17.270797317451844,8.686268335729997
1148,17,Valid,Rear,Left,One_far,0.9644775390625,0.55377197265625,1,135.23618753543047,-14.202833814369933,1.1040305288096715
1149,17,Valid,Front,Left,One_near,0.430999755859375,0.2056884765625,1,45.40387385268424,-11.921351184550428,3.4085587282969034
1150,17,Valid,Rear,Right,One_far,0.860931396484375,0.307861328125,1,124.66242382516835,-21.65976387430593,13.148881639957853
1151,17,Valid,Rear,Left,One_far,0.9423828125,0.84027099609375,1,131.03992881711122,-16.39033462854892,5.151246113191059
1152,17,Valid,Rear,Left,One_near,0.9228515625,0.51446533203125,1,131.29898209964372,-15.612395829455993,4.740738123056918
1153,17,Invalid,Front,Left,One_far,0.432586669921875,0.698516845703125,1,41.72478477917661,-12.19882282167474,0.2924198486023571
1154,17,Valid,Rear,Right,One_far,0.944488525390625,0.4127197265625,1,125.48466398736369,-19.03625518421702,11.263376375259991
1155,17,Valid,Rear,Right,Three,0.988861083984375,0.251312255859375,2,125.79590548232352,-20.16165919940394,11.435308068279863
1156,17,Valid,Front,Left,Zero,0.493865966796875,0.185638427734375,1,54.482295692222635,-12.845227846044269,12.504521993686906
1157,17,Invalid,Rear,Right,One_near,2.1614990234375,0.328857421875,1,123.70894503159163,-16.274671569637977,12.356974542616795
1158,17,Valid,Rear,Right,One_near,1.028656005859375,0.4920654296875,1,123.89140755464499,-18.69452485774957,12.659681075455179
1159,17,Invalid,Front,Right,Three,0.534912109375,0.24774169921875,1,35.954273755966774,-13.70149017916589,6.254244687550759
1160,17,Valid,Rear,Left,One_far,1.131072998046875,0.595703125,1,128.1351586208588,-21.224057631151666,10.029687099553461
1161,17,Valid,Front,Right,Zero,0.6160888671875,0.47222900390625,1,45.356380172636975,-8.986713727938689,4.57797327155544
1162,17,Valid,Front,Right,Zero,0.4730224609375,0.1650390625,1,33.941232031971666,-17.199451063217126,9.536673545249718
1163,17,Valid,Rear,Left,Three,1.1322021484375,0.45330810546875,1,129.95644424994882,-15.552987896299499,6.0688023297377605
1164,17,Valid,Rear,Right,One_near,0.9256591796875,0.574951171875,1,133.13898234477242,-17.357147083138965,3.7069616123011686
1165,17,Valid,Rear,Right,One_far,1.7904052734375,0.4932861328125,1,135.50134932268,-18.678285407639528,3.711931577769933
1166,17,Valid,Front,Left,Zero,0.349365234375,0.49298095703125,1,46.33425237328588,-11.466360511826233,4.380324489841749
1169,17,Valid,Front,Right,Three,0.53668212890625,0.30810546875,1,44.66055864306292,-14.743454287856132,3.750523012216
1170,17,Valid,Rear,Left,One_far,0.9462890625,0.6795654296875,1,138.3058533850032,-17.033826939983605,3.0746401179542526
1171,17,Valid,Front,Left,Zero,0.28802490234375,0.36981201171875,1,53.02550934605742,-10.68507451800336,11.115928681833243
1172,17,Valid,Front,Left,One_near,0.3525390625,0.30877685546875,1,49.73998497323222,-14.256297083340522,8.034736118721224
1173,17,Valid,Front,Right,Zero,0.47174072265625,0.16595458984375,1,40.10043952304158,-16.431216824091297,4.729457599229959
1174,17,Valid,Rear,Left,One_near,1.1085205078125,0.43341064453125,1,134.97261950406036,-16.728477786636024,2.0107576040714963
1175,17,Valid,Front,Right,One_far,0.51214599609375,0.246826171875,1,44.588600331900494,-18.64065657827304,7.034276093047652
1177,17,Valid,Front,Left,One_far,0.39019775390625,0.30853271484375,1,57.79920631864028,-13.740191756346164,15.884116257965026
1178,17,Valid,Front,Right,One_near,0.575927734375,0.06121826171875,1,49.09676479435942,-19.530434687510986,10.274990520279122
1179,17,Valid,Rear,Left,Three,1.08917236328125,0.30926513671875,1,133.5641498290914,-16.996554560017948,3.1495390402793695
1180,17,Valid,Rear,Left,Zero,0.9447021484375,0.596923828125,1,131.55543902516933,-18.221221823208854,5.489115802504506
1181,17,Valid,Rear,Right,Zero,0.92559814453125,0.72149658203125,1,127.81238116415241,-18.6437394555643,8.961804473495404
1182,17,Invalid,Front,Left,Zero,0.287109375,0.39190673828125,1,49.357278012792044,-11.797630948455968,7.3634887655814945
1183,17,Valid,Rear,Left,Three,1.49896240234375,0.67724609375,1,130.78446944121367,-14.897692316062454,5.2165338944385935
1184,17,Valid,Rear,Left,Three,1.21197509765625,0.635009765625,1,131.00403083828758,-16.0860774797165,5.112658032445441
1186,17,Valid,Front,Right,Three,0.5552978515625,0.24578857421875,1,45.73754562804772,-16.026611823359293,5.421026446447537
1187,17,Valid,Front,Right,One_far,0.43133544921875,0.22747802734375,2,45.41191213012446,-19.957022152009547,8.565859062631091
1188,17,Valid,Front,Left,One_far,0.3887939453125,0.43206787109375,1,56.18331760573139,-12.512912619303085,14.189326803489648
1189,17,Valid,Front,Right,One_near,0.55419921875,0.0408935546875,1,33.67614152505689,-17.630106916824374,9.993432964821999
1190,17,Valid,Rear,Left,Zero,0.92254638671875,0.555908203125,1,135.68450146543788,-17.393113799132248,2.413821240462522
1191,17,Valid,Front,Right,One_near,0.59521484375,0.26629638671875,1,43.62506199602494,-16.076472332686027,4.295713992288362
1192,17,Valid,Front,Left,One_near,0.38958740234375,0.287353515625,1,41.01208857498968,-12.061533777086806,0.988660019405621
1193,17,Invalid,Front,Left,Three,0.453125,0.0,1,19.768472229682622,-7.474018972535459,22.707719556768676
1194,17,Invalid,Rear,Left,Zero,2.26007080078125,0.5770263671875,1,128.76852449926608,-12.927076905095195,7.52271547216194
1195,17,Valid,Rear,Left,Zero,0.98614501953125,0.4937744140625,1,136.52101704631556,-15.199439231642065,0.5578841901948571
1196,17,Invalid,Front,Left,One_near,0.39202880859375,0.3094482421875,1,35.98871402462579,-12.40399759180863,6.018967819614596
1197,17,Valid,Front,Left,One_near,0.41070556640625,0.245849609375,1,31.73590100942738,-10.514509923318816,10.385832025963465
1198,17,Valid,Front,Right,One_near,,0.0,0,-1.7005223940755596,0.7604115892601652,45.553549189500885
1199,17,Valid,Rear,Left,Zero,0.92620849609375,0.5977783203125,1,139.5150508537102,-16.358443872815812,3.7684150859160375
1200,17,Invalid,Front,Right,One_near,,0.0,0,-0.9214635924641046,0.20513788952125514,44.65051461516825
1201,17,Valid,Rear,Left,One_near,1.3123779296875,0.5350341796875,1,126.32747017527251,-19.12780761774485,10.516493186388475
1202,17,Valid,Rear,Left,Three,0.9434814453125,0.410888671875,1,129.84315528684593,-15.896875104172402,6.2218262410949325
1203,17,Valid,Front,Right,One_far,0.593505859375,0.0615234375,1,37.42468679157756,-18.601444915910996,7.9499859716725165
1204,17,Valid,Rear,Right,Three,1.2291259765625,0.45166015625,1,124.61030816719652,-18.0424564262009,11.78904665999594
1205,17,Valid,Rear,Right,One_far,1.8697509765625,0.144287109375,1,126.38992806559774,-23.133473314431964,12.589951181039694
1206,17,Valid,Rear,Right,One_near,1.15185546875,0.1866455078125,2,128.9718286520798,-21.592770401089563,9.636379717363205
1207,17,Valid,Rear,Left,Three,0.96435546875,0.43359375,1,139.79255888607887,-10.875035646041233,5.603466233128048
1208,17,Invalid,Rear,Left,One_far,1.870361328125,0.5557861328125,1,131.50319405418838,-17.008331989969776,4.924902140776267
1209,17,Invalid,Rear,Right,One_far,2.0147705078125,0.5938720703125,1,123.72375429554154,-15.200463840174159,12.2778823234079
1210,17,Invalid,Rear,Right,Three,2.2564697265625,0.4136962890625,1,125.57984241889461,-18.586500526749596,11.020102996045145
1211,17,Invalid,Front,Right,One_far,0.5125732421875,0.4114990234375,1,40.311998246013104,-13.94274691644452,2.499013029083407
1212,17,Invalid,Rear,Right,Zero,1.9332275390625,0.5347900390625,1,122.10288802948273,-20.1221516669151,14.811014780222711
1213,17,Valid,Front,Right,One_far,,0.0,0,13.751376989461871,-7.897102344949688,28.559570211933018
1214,17,Valid,Front,Left,Zero,0.451171875,0.246337890625,3,45.269229020315116,-10.229890256357002,3.7663203316418814
1215,17,Valid,Rear,Right,One_near,1.00927734375,0.577880859375,1,124.43478881801589,-16.225679945009258,11.629978547335684
1216,17,Valid,Front,Left,Three,0.430908203125,0.2470703125,1,49.53687845165276,-9.959123283510483,7.83504243193326
1217,17,Invalid,Front,Left,Three,,0.0,0,2.0082277745416537,1.9572159386086525,42.390413605880454
1218,17,Valid,Rear,Right,One_near,0.9033203125,0.451904296875,1,125.20720927940262,-18.775292459218377,11.434035363389606
1219,17,Invalid,Rear,Right,One_near,1.916015625,0.35009765625,1,126.9637500092741,-15.454155667318103,9.047655567330748
1220,17,Valid,Front,Right,One_near,,0.0,0,9.933941078229378,-7.964434871955577,32.33164137037837
1221,17,Valid,Front,Right,Zero,,0.0,0,-1.6707535119289763,2.386187229892525,46.01069802512409
1223,17,Valid,Rear,Right,One_far,1.39697265625,0.474609375,1,124.90161841163838,-19.035484510241297,11.80928486883442
1224,17,Valid,Rear,Right,Zero,1.028076171875,0.5362548828125,1,127.06738604644134,-20.056232296646034,10.264359555323326
1225,17,Invalid,Front,Right,One_far,,0.0,0,-1.1028126265397151,3.3079746812256574,45.773989776901495
1226,17,Valid,Rear,Left,One_near,1.0286865234375,0.7386474609375,1,140.06158120466327,-16.09883518244964,4.207597965616852
1227,17,Valid,Rear,Right,One_far,1.0078125,0.43310546875,1,125.86379263385594,-22.789999270684245,12.783848732159429
1228,17,Valid,Front,Left,Zero,,0.0,0,3.723492262590085,2.2092732314314856,40.86375343729162
1229,17,Valid,Rear,Left,Three,1.028076171875,0.49365234375,1,138.54599164000084,-15.710770585159754,2.643344142498756
1230,17,Valid,Rear,Right,Zero,0.947021484375,0.3936767578125,2,125.66296491765765,-21.901925221416082,12.429435468097335
1231,17,Valid,Front,Right,One_far,,0.0,0,-1.6440155983378288,2.9290604489814074,46.159210950005345
1232,17,Valid,Front,Left,Three,,0.0,0,3.1154877408729016,2.9373011910120312,41.69083497292201
1233,17,Valid,Rear,Right,Three,0.9259033203125,0.518798828125,1,124.97488787199516,-17.54502589819201,11.315045481903612
1234,17,Valid,Rear,Right,Three,1.0693359375,0.4744873046875,1,128.28932240218083,-20.494017207680027,9.46777556217904
1235,17,Valid,Front,Left,One_near,0.4542236328125,0.3914794921875,1,53.653058332805436,-12.316059544381101,11.655061142460145
1236,17,Invalid,Front,Right,Zero,,0.0,0,-1.4812660419666686,2.4099623757433015,45.838406437809006
1237,17,Valid,Front,Left,One_near,0.390869140625,0.2457275390625,1,18.69145939727999,-6.152122350243257,24.05546327895439
1238,17,Valid,Front,Right,Zero,,0.0,0,-2.2740632648216867,0.9223306021238221,46.149472069444556
1239,17,Valid,Rear,Left,One_near,1.027587890625,0.5765380859375,1,133.8986869757433,-14.038103592179555,2.3110086813529636
1240,17,Valid,Rear,Right,Zero,1.0084228515625,0.3487548828125,1,128.1927165047134,-20.383721289868536,9.483571611094549
1241,17,Valid,Rear,Right,Zero,1.0281982421875,0.495849609375,1,126.40162289992757,-17.684962667803,9.966838389514027
1242,17,Valid,Front,Left,One_far,,0.0,0,20.57682756860447,-4.5770896385682756,22.70564901806249
1243,17,Valid,Front,Left,Zero,,0.0,0,2.1374161036943136,2.9351689902718774,42.60377801857533
1244,17,Valid,Rear,Right,One_far,1.06787109375,0.49365234375,1,129.37156711946804,-18.592779633492853,7.5395084684983456
1245,17,Valid,Rear,Left,One_far,1.356201171875,0.45263671875,1,137.05939951916457,-14.342125822543208,1.24704682132251
1247,17,Valid,Front,Right,One_near,,0.0,0,6.769388768036365,-12.253212563215579,35.23094437944134
1248,17,Valid,Front,Left,One_near,0.4105224609375,0.24560546875,1,28.501075183804822,-9.35902616002135,13.774393227461502
1249,17,Valid,Rear,Left,One_far,1.2525634765625,0.5350341796875,1,134.35990972691096,-13.421813188840172,2.2760864910631406
1250,17,Valid,Front,Left,Three,,0.0,0,14.086855055261742,-2.266498605599547,29.59461792927293
1251,17,Valid,Rear,Left,One_near,0.9859619140625,0.4508056640625,1,137.40835912626193,-14.691530939828027,1.4417449807814977
1252,17,Invalid,Rear,Left,Three,1.99169921875,0.535400390625,1,134.55076909099603,-17.83340619147991,3.182524292684844
1253,17,Invalid,Front,Right,One_near,,0.0,0,-0.450026830455963,3.3711593353125062,45.18142925013615
1254,17,Valid,Front,Right,Three,,0.0,0,-1.4442134455619222,2.410835418262221,45.803537269947135
1255,17,Invalid,Front,Left,Zero,,0.0,0,1.346927249208836,3.5295170700299647,43.554036872871805
1256,17,Invalid,Rear,Left,One_near,1.0064697265625,0.677978515625,1,130.40859097448612,-11.474197423898342,6.6102298519978255
1257,17,Valid,Rear,Right,One_near,0.903076171875,0.5333251953125,1,124.17738234360442,-19.42583888859898,12.62387967770414
1258,17,Valid,Rear,Left,Zero,0.8818359375,0.617431640625,1,128.86355282374996,-14.927197363727226,7.136818515505035
1259,17,Valid,Rear,Left,One_far,1.1690673828125,0.287841796875,1,138.22911254316963,-13.207397200574851,2.8604837924069897
1260,17,Valid,Front,Right,One_near,,0.0,0,0.3066406379819218,1.7423794376655009,43.931169838585966
1261,17,Valid,Front,Left,Zero,,0.0,0,1.8947945830438468,2.850285307596237,42.80115106296532
1262,17,Valid,Rear,Left,Zero,1.0682373046875,0.536865234375,1,136.0616854109316,-16.333556838893603,1.3349827461363313
1263,17,Valid,Front,Left,One_near,,0.0,0,1.570971987516506,2.1146998179168155,42.85515134668946
1264,17,Valid,Front,Right,Zero,,0.0,0,-0.288660566685072,3.3003629784811963,45.00557734762747
1265,17,Valid,Front,Left,One_far,,0.0,0,1.3608983772112806,0.945237530719101,42.68155108404838
1266,17,Valid,Rear,Right,One_near,1.0484619140625,0.5335693359375,1,128.7315036964179,-16.562325394176185,7.434507324125425
1267,17,Valid,Front,Right,Three,,0.0,0,-0.39610801479904123,2.9270804747794292,44.98047490187275
1268,17,Valid,Front,Right,Zero,,0.0,0,-0.5630055958220059,2.2316388954977926,44.911082360380945
1269,17,Invalid,Front,Left,One_far,,0.0,0,0.02277344783582886,3.6652099830023483,44.84004231509905
1270,17,Invalid,Rear,Left,One_far,1.933349609375,0.5382080078125,1,134.5531423950308,-13.71559802564838,1.9347054971689053
1271,17,Valid,Front,Left,Three,0.369873046875,0.43212890625,1,27.224933547228915,-8.485691132706958,15.210713897512985
1272,17,Valid,Front,Left,Three,,0.0,0,17.591278585802453,-6.757512880592237,24.986553377705853
1273,17,Valid,Rear,Left,Three,0.9866943359375,0.4722900390625,1,138.99393361808677,-15.964863579939616,3.145568348868617
1274,17,Invalid,Rear,Left,Zero,2.0333251953125,0.143310546875,1,151.01650997873907,-22.27870255934482,16.68757270812573
1275,17,Valid,Rear,Right,Three,2.1376953125,0.308349609375,1,131.80376947007863,-20.635469952507407,7.026156292444538
1276,17,Invalid,Front,Right,Zero,,0.0,0,-0.5529490725643691,2.7999902190734,45.08617507951567
1277,17,Valid,Rear,Right,Zero,0.9039306640625,0.431640625,1,130.66554794484958,-18.268347401479318,6.256074924859449
1278,17,Valid,Front,Right,Three,,0.0,0,-0.13119387554472173,3.4596282070842252,44.91257649391124
1279,17,Valid,Rear,Right,Zero,1.20947265625,0.30859375,1,130.29574682985807,-18.83590605779691,6.874058445584911
1280,17,Valid,Rear,Right,Zero,0.8817138671875,0.512939453125,1,129.90584860219545,-15.918286354714311,6.1629482464659455
1281,2,Valid,Front,Right,Zero,0.35430908203125,0.311004638671875,1,90.34565481573249,-35.56892889331929,53.740980294014314
1283,2,Valid,Rear,Left,One_near,1.0205078125,0.5247802734375,1,121.85285630461398,-24.23219714997948,16.89305001928277
1284,2,Invalid,Rear,Right,One_far,1.319610595703125,0.35321044921875,4,-156.29619613175387,-20.648031839461957,292.35075942564663
1285,2,Valid,Rear,Left,Three,1.099212646484375,0.477783203125,1,114.59084278505718,-22.389093885121323,22.648415421333027
1286,2,Invalid,Front,Left,One_far,0.7874755859375,0.6241455078125,1,50.434790979825024,-19.565033419729076,11.263765925790963
1287,2,Valid,Rear,Right,Three,1.5572509765625,0.456878662109375,1,-140.78878653831853,-16.6280709801879,276.7935746517093
1288,2,Invalid,Rear,Right,One_near,1.019744873046875,0.602783203125,1,122.70896562977286,-24.293181098307773,16.217731331986727
1289,2,Valid,Rear,Right,One_far,0.31011962890625,0.537445068359375,1,133.85683903360675,-22.884312105766146,8.170404904838087
1290,2,Valid,Front,Right,One_far,0.0,0.20721435546875,2,31.621508687312787,-19.809624056532375,12.928703918822903
1291,2,Invalid,Rear,Left,One_far,1.407745361328125,0.353271484375,2,135.3092326157807,-22.36697850991741,7.399292665159698
1292,2,Invalid,Front,Right,Three,0.0,0.477142333984375,2,32.12408591288231,-16.804256433000475,10.939090805160912
1293,2,Valid,Rear,Right,Three,0.413421630859375,0.539459228515625,1,124.75019309409956,-22.36805961278463,13.447916488348419
1294,2,Valid,Rear,Right,One_near,0.870697021484375,0.39434814453125,1,132.70861382661994,-24.285475306960027,9.851562039518496
1295,2,Valid,Front,Left,Zero,1.060150146484375,0.393951416015625,2,53.82142296026661,-21.181847775230157,14.907246553873438
1296,2,Valid,Rear,Left,One_far,0.0,0.475311279296875,2,120.23749342666592,-23.68053052337276,17.99467209041627
1297,2,Valid,Rear,Left,Zero,1.451324462890625,0.355804443359375,2,91.45515352022049,-12.511060202401797,44.61432695024316
1298,2,Invalid,Front,Left,Zero,0.28948974609375,0.33331298828125,1,49.2053507899793,-19.445420958823387,10.289426080641098
1299,2,Valid,Rear,Right,One_near,0.35296630859375,0.272979736328125,1,126.83168484024414,-23.47621382173263,12.486160483524968
1300,2,Valid,Rear,Left,Three,0.331939697265625,0.39208984375,1,123.84990751778743,-15.663388646139682,12.168189340331022
1301,2,Valid,Front,Left,Three,0.870269775390625,0.623504638671875,1,46.04674967677632,-19.431849621728798,8.374497108611
1302,2,Valid,Front,Left,Zero,1.017852783203125,0.540313720703125,2,39.48934232775466,-22.820351564063827,11.010419592564588
1303,2,Valid,Rear,Right,One_far,1.264923095703125,0.356475830078125,2,124.99115931895955,-22.056993731281896,13.076533702166
1304,2,Valid,Front,Right,Zero,2.1512451171875,0.39422607421875,3,33.55997752828775,-21.30409922226526,12.487971084860492
1305,2,Invalid,Front,Right,Three,0.0,0.58453369140625,1,28.08025751730226,-17.320757338616527,14.866591336730101
1306,2,Valid,Rear,Right,Zero,0.95465087890625,0.518310546875,1,122.59332534959461,-26.13841965254292,17.429954605161107
1307,2,Valid,Rear,Right,Zero,0.8121337890625,0.386962890625,2,134.52324488156165,-24.503654406300658,9.61770517089351
1308,2,Invalid,Front,Right,Zero,0.26904296875,0.4599609375,1,43.588585023695856,-20.947085061002376,8.988576998286335
1309,2,Valid,Rear,Left,One_near,0.76702880859375,0.3746337890625,1,127.24903601459015,-25.155429301920762,13.405674730510626
1310,2,Valid,Rear,Right,Three,1.62713623046875,0.4183349609375,1,127.80278198296688,-29.015056969531226,16.236262041429924
1311,2,Valid,Front,Left,Three,0.957275390625,0.43377685546875,2,37.7954729679584,-22.390130031264626,11.115971555536774
1312,2,Valid,Front,Left,Zero,0.0,0.395263671875,2,42.691378451878116,-21.209213150557126,9.135412874413738
1313,2,Valid,Rear,Left,Three,1.40069580078125,0.35125732421875,4,120.32797387318276,-23.87774390631477,18.011849982324176
1314,2,Valid,Rear,Right,Zero,1.12005615234375,0.5194091796875,1,139.98997739889572,-23.776446629573428,9.64084721824018
1315,2,Valid,Rear,Right,Zero,0.80657958984375,0.41583251953125,1,135.22232419909952,-23.021628304332857,8.059236955455537
1316,2,Invalid,Rear,Right,One_far,1.49566650390625,0.12548828125,2,134.62749310342795,-23.742594249775454,8.849673971245759
1317,2,Valid,Front,Left,Three,0.37188720703125,0.2686767578125,1,43.91311045713315,-19.63726087175553,7.776264724794877
1318,2,Valid,Rear,Left,One_far,1.724609375,0.33074951171875,1,125.25353214366015,-24.88679327637335,14.602576919060787
1319,2,Valid,Front,Left,One_near,0.28887939453125,0.24853515625,1,43.074543672722704,-18.463077197696087,6.45316941730405
1320,2,Valid,Front,Left,One_far,0.0,0.43768310546875,1,40.487730072926276,-15.026908564340365,3.294503616076411
1321,2,Valid,Front,Right,Zero,0.4366455078125,0.371337890625,1,38.16546919124279,-25.46649704522326,13.905641653058314
1322,2,Valid,Front,Right,Three,0.62249755859375,0.16448974609375,3,19.599036799243834,-28.767495159005428,27.92147107867172
1323,2,Valid,Front,Right,One_far,1.89208984375,0.45758056640625,1,36.99371895361784,-23.85441775578503,12.776117825571259
1324,2,Valid,Front,Right,One_near,,0.0,0,-28.137894085212057,-15.969992073975884,70.24458004259874
1325,2,Invalid,Front,Right,One_near,0.0823974609375,0.3717041015625,1,36.01088822136852,-19.598376115672288,9.596619418786336
1326,2,Valid,Front,Left,Zero,0.0,0.3304443359375,1,38.25031574653697,-21.482554842167513,10.104081718144883
1327,2,Valid,Front,Right,Zero,0.294677734375,0.2928466796875,1,38.753077137520506,-23.237391986066346,11.601034795490742
1328,2,Invalid,Rear,Left,One_near,1.09881591796875,0.33087158203125,1,140.3934015024897,-28.399829937062833,14.101681428265357
1329,2,Valid,Front,Right,Three,0.64581298828125,0.08306884765625,1,14.72602608048919,-28.195557134041287,31.669174489041282
1330,2,Invalid,Rear,Right,Zero,1.36572265625,0.5159912109375,1,-174.95250237682134,-18.354427959516084,310.97059494643975
1331,2,Valid,Front,Left,One_far,0.35308837890625,0.23175048828125,1,42.20186393971388,-20.294784001005624,8.197269903650517
1332,2,Invalid,Front,Right,Zero,0.0,0.06170654296875,1,-17.77369907014037,-26.218908426741166,61.418553187863374
1333,2,Valid,Front,Right,Three,0.31134033203125,0.35284423828125,1,34.97546817006574,-26.63230408021997,16.141000876951143
1334,2,Valid,Front,Right,Three,0.53759765625,0.24761962890625,1,39.24691976721594,-24.286542617771644,12.493649256438685
1335,2,Valid,Front,Right,Zero,0.0,0.0,1,20.254489624707098,-24.275253403624323,24.921958529065023
1336,2,Valid,Front,Left,One_far,0.333251953125,0.35003662109375,1,49.973400817281885,-20.946813573416108,11.909711625216243
1337,2,Valid,Front,Left,One_near,,0.0,0,6.129797950831647,-31.497764501306055,40.779218515026635
1338,2,Valid,Rear,Right,One_far,1.38677978515625,0.43377685546875,1,151.5666824219015,-24.32452792797777,18.14575494995936
1339,2,Valid,Rear,Right,One_far,1.34246826171875,0.455322265625,1,138.93952426988673,-20.07009256463307,5.860600783810537
1340,2,Valid,Rear,Right,One_near,1.03790283203125,0.2467041015625,1,131.92457790476814,-29.80455516718734,15.355257046125843
1342,2,Valid,Rear,Left,Three,2.2967529296875,0.31072998046875,1,126.30862184212185,-26.6053026381908,15.1197175874087
1343,2,Valid,Rear,Left,One_near,0.3526611328125,0.14385986328125,1,123.72956424655385,-21.02944345529804,13.671787811405133
1344,2,Valid,Front,Left,Zero,0.4759521484375,0.3721923828125,1,40.241658311497815,-21.51355716046852,9.576367991411612
1345,2,Invalid,Front,Left,One_near,0.3914794921875,0.43621826171875,1,28.380916911634603,-21.53974491156906,16.57070330925318
1346,2,Invalid,Front,Left,One_near,0.35113525390625,0.35174560546875,1,47.788710973239525,-17.6564087155162,8.023892605560475
1347,2,Valid,Front,Left,One_near,0.35235595703125,0.228271484375,1,42.71604960004535,-21.432463315926846,9.359893085545657
1348,2,Valid,Front,Left,Zero,,0.0,0,-19.53997768249437,-27.62665149093439,63.468462717186085
1349,2,Invalid,Rear,Left,Zero,2.2117919921875,0.43682861328125,1,120.006130407839,-24.97255552279931,18.848228781144595
1350,2,Valid,Rear,Right,One_far,2.36199951171875,0.5166015625,1,126.39472556958295,-25.455803904708773,14.19806790297
1351,2,Valid,Front,Right,Zero,0.3096923828125,0.08258056640625,2,27.703713967875032,-22.856655920173168,17.891043594416953
1352,2,Valid,Front,Left,Three,,0.0,0,19.250367001224177,-22.114950303632956,24.85648871347737
1353,2,Valid,Rear,Right,One_near,0.99578857421875,0.4326171875,1,124.03173013745862,-24.581451166671506,15.331134659963265
1354,2,Valid,Front,Right,Three,0.24993896484375,0.3525390625,1,38.257972213034236,-21.670078516129784,10.275659334724597
1355,2,Invalid,Front,Right,One_near,0.4141845703125,0.1041259765625,1,41.19838674952536,-21.02190863080192,8.957847811819217
1356,2,Valid,Front,Left,One_far,0.4337158203125,0.20660400390625,1,43.937308857365494,-17.93060902575095,6.144035092672832
1357,2,Valid,Front,Right,One_far,0.2901611328125,0.4368896484375,1,39.9230131775349,-19.341855213811986,7.533813191107776
1358,2,Valid,Rear,Right,Three,1.47314453125,0.51690673828125,1,139.28649782308185,-22.80608896787209,8.46971622402168
1359,2,Invalid,Rear,Right,Zero,1.3106689453125,0.45672607421875,1,144.09364974582297,-24.83343764198132,12.735920149985057
1360,2,Valid,Front,Right,Three,,0.0,0,1.5532489977571358,-23.363772294332318,41.98585753484145
1361,2,Invalid,Front,Left,Three,,0.0,0,-8.315714010194794,-20.25990603632733,50.97308253262112
1362,2,Valid,Rear,Left,Zero,0.476318359375,0.084228515625,1,126.06740605964934,-29.642225996305452,17.693253078808706
1363,2,Valid,Front,Right,One_near,0.6011962890625,0.1025390625,2,25.916599917425568,-29.093667576052432,23.397873747448312
1364,2,Invalid,Front,Right,One_far,0.3541259765625,0.0205078125,1,34.153754069280275,-26.853375789237692,16.710047049119904
1365,2,Valid,Front,Left,One_far,0.22705078125,0.3516845703125,1,35.05650493505287,-20.049003888383805,10.55456235636921
1366,2,Valid,Front,Left,One_far,,0.0,0,0.9779637624848888,-26.62196503558679,43.51660517051862
1367,2,Valid,Front,Left,Zero,,0.0,0,7.923402800272791,-27.66135949680495,37.46158547233763
1368,2,Valid,Rear,Left,Zero,1.1014404296875,0.2928466796875,2,125.72786561179376,-26.223855737923458,15.214850722734235
1370,2,Invalid,Front,Right,One_far,0.413818359375,0.41357421875,1,44.74353031058484,-27.7998620181536,15.937773556998474
1371,2,Valid,Rear,Right,Zero,0.5799560546875,0.4112548828125,2,124.65858190962543,-29.965053885598607,18.777129762014898
1372,2,Valid,Front,Right,Three,0.3726806640625,0.33056640625,1,42.872162854024985,-24.442419437339023,12.373196256874984
1373,2,Valid,Front,Right,Zero,0.37109375,0.1473388671875,1,40.91926277014661,-23.59334351575248,11.54404340476424
1374,2,Valid,Front,Right,One_far,,0.0,0,13.744136752445039,-24.439301520119628,30.832647792055646
1375,2,Valid,Rear,Left,One_near,0.932861328125,0.4354248046875,1,121.41983918909487,-25.51028146736067,17.973511226107124
1376,2,Valid,Rear,Right,Three,1.4083251953125,0.412109375,2,135.90513580028062,-23.56476145408887,8.565286800909524
1377,2,Valid,Rear,Left,One_near,0.99853515625,0.4144287109375,1,112.96794857113807,-25.087721418965256,25.14433368471695
1378,2,Valid,Front,Right,Three,0.0,0.6212158203125,1,35.39724361638872,-23.965474038270415,13.578875727179652
1379,2,Valid,Rear,Right,One_near,0.873046875,0.394287109375,1,135.64898155754105,-27.798414382618738,12.803227118823148
1380,2,Valid,Front,Left,One_near,0.4791259765625,0.0206298828125,1,24.446865181665167,-21.835499270279684,20.072181943980453
1381,2,Invalid,Rear,Left,One_far,2.082275390625,0.33056640625,1,126.3819470064588,-23.79555148102702,13.033367532681774
1382,2,Valid,Rear,Left,One_near,0.99951171875,0.3702392578125,1,122.41007050773412,-23.079085420609527,15.810053916361683
1383,2,Valid,Front,Right,One_near,0.6422119140625,0.0205078125,1,24.567349792335957,-22.605087271107845,20.353234431813565
1384,2,Invalid,Front,Left,Zero,0.49755859375,0.1656494140625,1,37.25058106527637,-23.63436855494087,12.473918316981239
1386,2,Valid,Rear,Left,Zero,0.99365234375,0.4774169921875,1,137.02574322345077,-24.842728421657082,9.896032131261059
1387,2,Valid,Front,Right,One_far,0.227294921875,0.30859375,1,42.30469526241019,-24.068135128982107,11.972013100080988
1389,2,Valid,Front,Left,One_near,,0.0,0,1.5479123957960874,-32.032645616500936,45.096360749080425
1390,2,Valid,Rear,Left,One_near,1.09619140625,0.520751953125,1,118.04767684552887,-25.798731077539184,20.949904523113485
1391,2,Valid,Rear,Left,Zero,1.1788330078125,0.3717041015625,3,119.41263004426688,-25.17465001220106,19.459299702690767
1392,2,Valid,Rear,Right,One_near,0.9119873046875,0.311767578125,2,130.40997949067278,-27.69758515785711,13.873607971098652
1393,2,Valid,Rear,Right,One_far,1.3043212890625,0.516357421875,1,139.26441438801842,-27.142500068447596,12.573651387284107
1394,2,Valid,Rear,Right,One_far,1.0372314453125,0.3975830078125,1,124.92682744395077,-29.83047919013253,18.508329569817903
1395,2,Valid,Front,Left,One_near,0.7896728515625,0.790771484375,4,14.202618754316546,-30.616439668074563,33.39989434263706
1396,2,Valid,Rear,Left,Zero,0.83056640625,0.377197265625,2,122.80966323188755,-26.177596088868498,17.289408271601065
1397,2,Valid,Rear,Right,One_far,1.143798828125,0.5233154296875,1,125.64795438765925,-26.01355976852897,15.115004040189444
1398,2,Valid,Front,Left,Three,,0.0,0,21.354815093124405,-25.712660432693827,24.7290958972404
1399,2,Invalid,Rear,Right,Three,1.0213623046875,0.499267578125,1,132.8997013251256,-24.57223796809968,10.061788687472877
1400,2,Valid,Rear,Right,One_near,0.8956298828125,0.45654296875,2,123.0490287762515,-27.61135949899621,18.076892544109555
1401,2,Valid,Rear,Right,Zero,1.1202392578125,0.0416259765625,1,113.62190618547082,-33.15626972414938,28.817168720537634
1402,2,Valid,Rear,Left,One_near,0.0,0.560791015625,2,125.79192810243408,-22.017487267816204,12.387488018958384
1404,2,Valid,Rear,Right,Zero,0.9296875,0.5625,2,121.80799883014683,-26.542189015582046,18.29303212910688
1405,2,Valid,Front,Right,One_near,,0.0,0,3.2973553954053902,-28.728207744310357,42.12353252254017
1406,2,Valid,Rear,Left,One_far,1.4149169921875,0.2706298828125,1,143.11568608416715,-30.115650669105563,16.70676161315656
1407,2,Valid,Front,Right,Zero,,0.0,0,1.7746641153562197,-27.0535537667856,42.914874079840416
1408,2,Valid,Rear,Left,One_far,1.30322265625,0.25146484375,2,133.67837009906424,-29.969585263819013,15.148546080983031
1409,2,Valid,Front,Left,Three,0.43359375,0.3515625,1,39.39208249147089,-23.31694415412512,11.516122172331032
1410,2,Valid,Rear,Right,One_near,0.8480224609375,0.4580078125,2,124.24257309506487,-24.998185875693597,15.43375548043351
1411,2,Valid,Front,Right,One_far,,0.0,0,0.5754992025112526,-23.77176220207957,43.03741743207925
1412,2,Invalid,Rear,Left,Three,1.0316162109375,0.55859375,1,123.29401879568908,-22.74495887227275,14.880401415872445
1413,2,Invalid,Rear,Left,Zero,1.44873046875,0.124267578125,2,136.10925888235707,-26.153165382230362,11.153700531516689
1414,2,Valid,Front,Right,One_far,,0.0,0,15.780795215890514,-25.73137349885262,29.55099055829248
1415,2,Invalid,Front,Left,Three,0.3707275390625,0.1650390625,1,37.44701380283999,-22.76985849034656,11.600670821790876
1416,2,Valid,Rear,Right,Three,1.4114990234375,0.540771484375,1,128.9142553681564,-19.67838901779915,8.49088339276686
1417,2,Valid,Front,Left,Zero,0.24853515625,0.4552001953125,1,38.0670420843498,-23.159785772018218,11.73827156310554
1418,2,Valid,Rear,Right,Three,1.11669921875,0.3924560546875,3,120.31579212837879,-20.71672787123553,16.69357223945749
1419,2,Valid,Rear,Left,Three,1.0126953125,0.497314453125,1,131.9943120028598,-24.802173655206822,10.589057781373361
1420,2,Valid,Rear,Left,Zero,1.3046875,0.3326416015625,2,135.68028353816217,-26.139912902291265,11.144499902938916
1421,2,Valid,Front,Right,One_near,,0.0,0,0.12598793146332415,-24.12865379882153,43.5674350740075
1422,2,Valid,Front,Left,Three,0.35205078125,0.2484130859375,1,42.65165829628428,-22.62617867708031,10.546330929614165
1423,2,Valid,Front,Right,One_near,,0.0,0,0.20034792368310575,-25.61318281776535,43.92968271644461
1424,2,Valid,Rear,Left,One_far,1.2677001953125,0.60546875,1,179.31284657154885,-10.335235609982867,43.563318341752876
1425,2,Valid,Front,Left,One_near,,0.0,0,6.6864720708902885,-23.963212388630463,37.25293361572705
1426,2,Valid,Front,Right,One_far,,0.0,0,3.2652145856442267,-21.262720522000624,39.8037567129094
1427,2,Valid,Rear,Left,Three,1.033447265625,0.4139404296875,2,132.77057694258065,-22.24398014239589,7.931230773796571
1428,2,Valid,Front,Left,Three,,0.0,0,7.607581186765951,-25.059713635783783,36.75313115023556
1429,2,Valid,Rear,Right,Three,0.954345703125,0.45654296875,1,132.67299802558205,-22.813904909883185,8.492705816079908
1430,2,Valid,Front,Left,One_far,,0.0,0,3.3430452136500692,-27.976804421534887,41.790346636437135
1431,2,Invalid,Rear,Left,One_near,1.4134521484375,0.292236328125,2,137.19995526186585,-23.749217833657337,8.831121408477358
1432,2,Invalid,Front,Left,One_far,0.4974365234375,0.37451171875,1,39.92119785758316,-22.10359892149375,10.217309319455282
1433,2,Invalid,Rear,Left,Three,1.017333984375,0.561767578125,1,123.31666906779897,-22.967536634557884,14.978268376509664
1434,2,Valid,Rear,Right,Zero,0.9407958984375,0.5635986328125,1,126.82532688393175,-24.320287595908077,13.078317462775685
1435,2,Invalid,Rear,Right,One_near,1.5751953125,0.436279296875,1,135.07919700057803,-25.485668853019014,10.526021539922743
1436,2,Valid,Rear,Left,One_far,1.34912109375,0.4326171875,1,134.5286873688598,-26.752087204047328,11.84383022970549
1437,2,Valid,Rear,Left,One_far,1.055419921875,0.5003662109375,1,125.9888665372456,-22.74521958993227,12.657457078945656
1438,2,Valid,Rear,Left,Zero,1.3292236328125,0.43359375,1,137.57691093654523,-28.17759780296645,13.271613766175617
1439,2,Valid,Front,Right,One_near,,0.0,0,1.847182490150739,-25.869331068800424,42.44812401109724
1440,2,Valid,Front,Left,One_far,,0.0,0,6.664047826627688,-24.876344402030735,37.574785325776084
1441,20,Invalid,Rear,Right,One_far,1.590728759765625,0.308837890625,1,-12.56568854108661,-9.008908935121953,148.68643846644125
1442,20,Valid,Rear,Left,Zero,1.140167236328125,0.70379638671875,1,-13.542306607531806,-22.233552957639958,149.71715250395337
1443,20,Valid,Rear,Left,One_near,1.056884765625,0.768829345703125,2,119.85086285162232,-20.32247667663071,17.00362868950007
1445,20,Valid,Front,Left,One_near,0.5169677734375,0.685089111328125,1,46.945569742168566,-22.68686855968257,11.685052245268249
1446,20,Valid,Front,Right,Zero,0.349578857421875,0.929534912109375,1,37.83268531635839,-15.544151880454061,5.406356799928228
1449,20,Invalid,Rear,Left,Three,1.448699951171875,0.431793212890625,2,112.13847422217424,-23.09634886057857,25.197683967341824
1450,20,Valid,Front,Right,Zero,0.371795654296875,0.5361328125,1,53.4342165422571,-19.456588989001485,13.596349123508258
1451,20,Valid,Rear,Right,One_far,1.095489501953125,0.247589111328125,2,-179.83744498465174,-22.959265218475455,315.93771784522806
1452,20,Valid,Front,Left,Zero,0.310272216796875,0.4539794921875,1,53.17002949645699,-19.496934290465944,13.397171188321442
1453,20,Valid,Rear,Right,One_near,1.67474365234375,0.57952880859375,1,-130.96255972066638,-21.192011735636036,267.0343597778095
1454,20,Invalid,Rear,Left,Three,1.242584228515625,0.436614990234375,3,128.96237848275862,-27.275265484435007,14.149567460996828
1455,20,Valid,Front,Left,Three,0.43475341796875,0.9404296875,2,51.42226825821494,-25.742250168405544,16.57981087911216
1456,20,Invalid,Front,Left,One_far,0.40057373046875,0.33184814453125,1,61.81811035274353,-21.69945160269039,22.020603284785718
1457,20,Valid,Front,Right,Zero,0.3529052734375,1.32574462890625,1,64.67017983629268,-34.93711274147773,32.17873167445876
1458,20,Invalid,Rear,Left,One_near,1.13671875,0.6798095703125,1,129.41272940752052,-21.64324951680243,9.355474226411014
1459,20,Valid,Front,Right,Three,0.5780029296875,0.64617919921875,1,47.63695600998294,-24.14510664805285,13.29886714052929
1460,20,Valid,Front,Left,One_near,0.32952880859375,0.45343017578125,1,53.77104876836442,-24.020477502531584,16.752772098837113
1461,20,Valid,Rear,Right,Three,1.34515380859375,0.76483154296875,2,117.60782335674303,-20.218342738029655,19.118139622053036
1462,20,Invalid,Front,Left,One_near,0.64215087890625,0.4344482421875,1,51.258125872396086,-24.06314499143105,15.127119116181097
1463,20,Valid,Front,Right,One_far,0.4339599609375,0.49462890625,1,50.05524361090689,-17.92453035493487,9.940427731572422
1464,20,Invalid,Front,Right,Zero,0.47412109375,0.32989501953125,1,44.889508790696965,-24.017950412577232,12.263229716847224
1465,20,Valid,Front,Right,One_near,0.70361328125,0.49908447265625,1,49.37425206648215,-22.626205148189324,12.85226004879234
1467,20,Valid,Front,Left,One_near,0.76531982421875,0.8671875,1,-20.195593450406328,-16.507692089794784,62.351580526933446
1468,20,Valid,Rear,Left,One_near,1.2862548828125,0.82757568359375,2,48.46032076393674,-3.066990451025999,88.34926234920555
1471,20,Valid,Front,Right,One_far,0.4169921875,0.56365966796875,1,51.70246191203306,-20.436220691796382,12.79180763523226
1472,20,Valid,Front,Right,One_near,0.41998291015625,0.87353515625,2,43.53554061153618,-16.696090973936215,4.845816464784325
1473,20,Valid,Front,Right,One_far,0.4527587890625,0.8695068359375,1,-3.651250161198412,5.393158282576074,48.88810926983757
1474,20,Valid,Front,Left,One_near,1.0994873046875,0.7906494140625,1,2.7179562797845582,3.8623655793795715,42.4013687718531
1476,20,Valid,Rear,Right,One_far,1.76177978515625,0.82891845703125,1,47.59460946194808,3.0289259547163363,90.22502561521456
1477,20,Valid,Front,Right,One_near,0.50103759765625,0.54083251953125,1,14.97189538455582,-4.970372620205707,27.952638975204245
1478,20,Valid,Front,Left,One_far,0.43450927734375,0.88885498046875,2,19.429179172791574,1.6695087569184166,26.4393896340441
1479,20,Valid,Front,Right,Three,0.45562744140625,0.5396728515625,1,-4.2478873393730705,-3.6941354114935177,47.00559161244172
1480,20,Valid,Rear,Left,Three,1.53125,0.68353271484375,1,27.596383822149797,5.544513838574931,110.33322731298159
1481,20,Invalid,Front,Right,Zero,0.39398193359375,0.81512451171875,1,43.40800019608189,-10.487727833703042,2.1405340666250874
1482,20,Valid,Rear,Left,Three,1.48919677734375,0.3922119140625,2,-0.0,0.0,136.82470537150812
1483,20,Valid,Rear,Right,Zero,1.23779296875,0.6207275390625,1,134.34715472024854,-19.605617104315563,4.893220455932958
1485,20,Valid,Front,Left,Zero,0.45294189453125,0.66351318359375,1,23.013018213715018,-4.629786961727681,20.403665361642535
1487,20,Valid,Rear,Right,Zero,1.15924072265625,0.53790283203125,1,0.0,0.0,136.82470537150812
1488,20,Valid,Front,Right,Three,0.33050537109375,0.39459228515625,1,45.23254771489466,-11.266834330884368,3.338192589001355
1489,20,Valid,Rear,Left,One_far,1.43023681640625,0.5189208984375,1,-0.0,0.0,136.82470537150812
1490,20,Invalid,Front,Right,One_far,0.4332275390625,0.41436767578125,1,50.886115471661405,-17.9103469352603,10.617117296318664
1491,20,Valid,Front,Left,Three,0.6259765625,0.47393798828125,1,26.61789577901014,-11.91754097296838,15.38318632669901
1492,20,Valid,Front,Left,One_far,0.4775390625,0.72149658203125,2,24.097726745192322,-6.173618697954471,18.85771415169498
1493,20,Valid,Rear,Left,One_near,1.12353515625,0.4735107421875,1,-0.0,0.0,136.82470537150812
1494,20,Valid,Rear,Left,Three,2.05645751953125,0.5634765625,1,-95.2891868615692,-2.6200833689499294,231.62027177014886
1495,20,Valid,Front,Right,One_near,0.3089599609375,0.35357666015625,1,47.17522352678533,-17.344713208760155,7.368171767428854
1496,20,Valid,Rear,Left,Zero,1.21728515625,0.57958984375,2,129.54349677425265,-14.976186439114677,6.4565471414501445
1498,20,Invalid,Rear,Right,One_near,1.03460693359375,0.33062744140625,1,169.26744710013776,-16.826410235382138,33.31754509126345
1499,20,Valid,Front,Right,One_near,0.3304443359375,0.5616455078125,1,8.35429517010688,-1.4592606431354682,35.288224488645206
1500,20,Invalid,Front,Right,One_near,0.4351806640625,0.55877685546875,1,7.306842586506226,1.9339866478968322,37.424162683362795
1501,20,Valid,Rear,Right,One_near,0.97369384765625,0.64501953125,1,129.09691275966676,-17.294212032316654,7.27433999046498
1502,20,Valid,Front,Right,Three,0.3525390625,0.43994140625,1,39.346593769934195,-9.243856116437879,3.898476946880838
1504,20,Valid,Front,Right,One_near,0.39495849609375,0.4144287109375,1,40.70633846477548,-12.535405283357505,1.3649681053032334
1505,20,Valid,Rear,Right,Three,1.8221435546875,0.4569091796875,2,132.4787234700204,-14.395012573487032,3.572869741093827
1506,20,Valid,Rear,Left,Three,1.59930419921875,0.516845703125,1,-0.0,0.0,136.82470537150812
1507,20,Valid,Rear,Right,Zero,1.87823486328125,0.495361328125,1,-120.29201719315013,-12.06597358061433,256.3088109838669
1508,20,Invalid,Rear,Right,Zero,1.71429443359375,0.4754638671875,1,-100.6794431498162,-15.068564651825858,236.6794530812055
1509,20,Valid,Rear,Right,One_near,0.97308349609375,0.53875732421875,2,137.48528766257508,-17.293379991510452,2.732338051204172
1510,20,Valid,Rear,Right,Three,2.0557861328125,0.51751708984375,1,-115.05287941446933,-12.710414597471667,251.0633196299522
1511,20,Valid,Rear,Right,Zero,1.241455078125,0.51934814453125,1,136.69618669307127,-20.936378152897127,5.97706127505849
1512,20,Valid,Front,Right,Three,0.3934326171875,0.72711181640625,1,40.083432904600315,-9.307762698697726,3.386712060089046
1513,20,Valid,Rear,Left,Zero,1.1392822265625,0.5389404296875,1,128.11282087402193,-24.210038870595575,12.125692168414368
1514,20,Valid,Front,Right,One_far,0.41217041015625,0.328857421875,1,49.238152654161816,-14.751721796789248,7.708597948558281
1515,20,Valid,Front,Left,One_far,0.64044189453125,0.661865234375,2,-2.877212874324328,-5.087052769283866,45.421863284416574
1516,20,Valid,Rear,Left,Zero,1.07745361328125,0.55914306640625,2,132.3974414064733,-22.005148603163367,7.87721621971841
1517,20,Invalid,Front,Right,One_far,0.43310546875,0.4544677734375,1,53.04492808308624,-16.623370594049046,11.935297142997937
1518,20,Valid,Front,Left,Three,1.30084228515625,0.25091552734375,3,-0.041317265304789685,-3.058846720284662,43.0024977184968
1519,20,Invalid,Rear,Right,Three,1.59381103515625,0.604736328125,1,143.61043167149614,-20.71252400613993,9.51586048380474
1520,20,Valid,Front,Right,One_far,0.3343505859375,0.64129638671875,1,49.54982454380581,-14.334262309717273,7.873485804323001
1521,20,Valid,Rear,Left,Zero,1.1009521484375,0.4156494140625,2,123.35158674164023,-25.229442574911026,16.267263240866715
1522,20,Invalid,Rear,Right,Zero,1.6806640625,0.4560546875,1,3.890616733693055,2.2724245319351986,133.23372619654296
1523,20,Valid,Front,Left,Three,1.0965576171875,0.7061767578125,1,0.03880376211526147,9.03614205871209,46.98381094420002
1524,20,Valid,Rear,Right,Three,1.4610595703125,0.5,2,138.3958975917867,-24.135752874735225,9.444697234880653
1525,20,Valid,Rear,Left,One_far,1.580322265625,0.4989013671875,2,129.54341124809827,-28.100111309534174,14.604809298082914
1526,20,Valid,Rear,Left,One_near,1.2216796875,0.661376953125,1,122.50578405086237,-21.859878435319725,15.137760608139002
1527,20,Valid,Front,Right,Zero,0.4327392578125,0.49462890625,1,45.70680485015585,-9.369795560693557,4.6037396187824875
1528,20,Valid,Rear,Left,One_far,1.572998046875,0.4949951171875,1,127.8643605432294,-15.838058791030209,8.178690109533783
1529,20,Valid,Rear,Right,One_near,1.15478515625,0.3726806640625,1,143.40510221777308,-20.010699139265235,8.941065077489432
1530,20,Valid,Rear,Left,Zero,1.2587890625,0.4139404296875,1,139.99109982884747,-27.33281924207146,12.962534794608434
1531,20,Valid,Rear,Right,One_near,1.1385498046875,0.6634521484375,1,139.81759866176247,-18.69425138055271,5.312396145338395
1532,20,Invalid,Front,Left,Zero,0.910400390625,0.6624755859375,2,6.019564867558035,0.9349965225360726,38.26882342929283
1533,20,Valid,Front,Right,One_near,0.3739013671875,0.31103515625,1,45.62791495193249,-21.502884523527445,10.07849216208691
1534,20,Valid,Front,Left,Three,1.0587158203125,0.6214599609375,1,-4.259797886406692,-1.3131920475963186,47.50078027036226
1535,20,Invalid,Front,Left,Three,0.806884765625,0.5994873046875,1,50.37096705515339,-16.276301317704572,9.35492288235047
1536,20,Valid,Rear,Right,One_far,1.6334228515625,0.600341796875,2,129.56624441359978,-19.198700041867617,7.6825967606737775
1537,20,Valid,Front,Left,Three,0.4969482421875,0.4337158203125,2,-2.990564826916812,-4.693027818327532,45.59620774083162
1538,20,Valid,Front,Left,One_far,0.517333984375,0.618408203125,1,33.3604715305704,-15.069647974031037,9.135658775575585
1539,20,Valid,Front,Right,One_far,0.3294677734375,0.4549560546875,1,46.95008770314954,-17.581400254020277,7.385737404866617
1540,20,Valid,Rear,Right,Zero,2.046630859375,0.49853515625,1,0.0,0.0,136.82470537150812
1541,20,Valid,Front,Left,One_near,1.1766357421875,0.516845703125,2,6.252672584514851,-8.836350273903573,35.89600015161223
1542,20,Valid,Front,Right,One_far,0.4957275390625,0.4146728515625,1,0.35024145296550124,9.439949241142845,46.889996804620104
1544,20,Valid,Rear,Right,One_far,1.1588134765625,0.5584716796875,1,129.70854519605425,-21.35360352090359,8.941514483068884
1545,20,Valid,Front,Left,One_near,0.8861083984375,0.61962890625,1,10.533008603499075,5.192751346192435,35.90558169238737
1546,20,Valid,Front,Right,One_near,0.557861328125,0.451904296875,1,-5.000127293079002,1.1496863902765926,48.83201977193151
1547,20,Valid,Rear,Left,Zero,1.445068359375,0.5167236328125,1,61.22976290417562,-3.2337887529137315,75.69036981331806
1548,20,Valid,Front,Left,Zero,0.6810302734375,0.4561767578125,2,28.026544926106492,6.759692760845078,23.472227370566955
1549,20,Valid,Front,Right,One_far,0.35107421875,0.80419921875,2,-0.5772439191981432,-5.104519213647216,43.14809904488408
1550,20,Valid,Rear,Left,Zero,1.25830078125,0.6895751953125,1,104.83478759107845,-16.342074145187386,31.19409603601903
1551,20,Valid,Front,Left,One_near,0.9342041015625,0.4775390625,1,40.59672118165873,-5.215524008161537,7.026037369969324
1552,20,Valid,Rear,Left,One_near,1.4056396484375,0.6673583984375,1,126.72175434773902,-20.87122370345759,10.97985018840157
1553,20,Valid,Front,Right,Three,0.4354248046875,0.4556884765625,1,46.707037452286436,-19.59166557797959,8.847669450737378
1555,20,Valid,Front,Left,Zero,0.6602783203125,0.74365234375,1,17.166666023035553,0.713532321297683,27.944249622424955
1556,20,Valid,Front,Right,Zero,0.37353515625,0.3931884765625,1,46.4354083105123,-20.397669216490918,9.408727932471137
1559,20,Invalid,Front,Left,One_near,0.992431640625,0.4967041015625,1,46.5078757126363,-16.645242112353845,6.401575532670927
1560,20,Valid,Front,Left,Zero,0.45654296875,0.392822265625,1,44.963791812272696,-21.05101354639743,9.428929176438064
1561,20,Valid,Front,Right,Zero,0.3956298828125,0.582763671875,1,47.14413348977122,-20.658357579350405,9.985368987504186
1562,20,Valid,Front,Left,Zero,0.390625,0.7254638671875,1,47.36593322890374,-15.674191907211448,6.447331789711861
1563,20,Valid,Front,Left,Three,0.8082275390625,0.3514404296875,1,41.09833375483592,-21.20053984174022,9.14509854669535
1564,20,Valid,Rear,Right,One_far,1.53662109375,0.49853515625,2,130.9745725838845,-17.59241828443007,5.654693031110758
1565,20,Invalid,Front,Left,Zero,0.5374755859375,0.60009765625,1,39.559011926469836,-17.804095405419492,6.204444146677788
1566,20,Valid,Rear,Right,Three,2.2412109375,0.49560546875,1,148.12015012626244,-32.497900570530504,21.28554823017982
1567,20,Valid,Front,Right,Zero,0.411376953125,0.2913818359375,1,46.82353557207088,-19.414334049412318,8.761619599219403
1568,20,Invalid,Rear,Left,One_near,1.4453125,0.74462890625,1,126.00519260951191,-27.96855714420113,16.373138036899512
1569,20,Valid,Front,Left,One_far,0.743408203125,0.49609375,1,44.18684474083503,-16.86295821268723,5.240998078259764
1570,20,Invalid,Rear,Left,One_far,1.548828125,0.620849609375,1,123.50717645325798,-22.649020894395136,14.648486638998758
1571,20,Valid,Front,Left,Three,0.913330078125,0.4747314453125,1,43.41025335138922,-15.582351946382149,3.757071944157588
1572,20,Valid,Rear,Left,Three,1.4356689453125,0.557861328125,1,127.44722428551718,-20.739053396456388,10.299840110876708
1573,20,Valid,Rear,Left,One_near,1.17822265625,0.62060546875,1,77.86300889706041,-7.8446800321606265,58.57566336240195
1576,20,Valid,Rear,Left,One_far,1.5322265625,0.686279296875,1,35.18098247606684,-0.7903480313767787,101.81546298848981
1578,20,Valid,Front,Left,One_far,0.4322509765625,0.5977783203125,1,41.97695910900783,-13.617011509681664,1.5171864760682368
1579,20,Valid,Rear,Left,One_near,1.277587890625,0.704833984375,1,119.64903657295798,-20.752376175752325,17.333315801075933
1581,20,Valid,Rear,Right,One_near,1.2174072265625,0.53662109375,1,-8.65498224503845,-1.2259149688050943,145.30928843938014
1582,20,Valid,Front,Right,Three,0.4127197265625,0.4759521484375,1,42.73497025077058,-18.441640606574424,6.384088568658129
1583,20,Valid,Rear,Left,One_far,1.636474609375,0.705078125,1,88.64974266301084,-3.2946453576031653,48.77563118180406
1584,20,Invalid,Front,Right,Three,0.64501953125,0.4747314453125,1,53.21137336428389,-17.829426149805204,12.590520907390841
1585,20,Valid,Front,Right,Three,0.330810546875,0.413330078125,1,45.71605761736584,-17.248390331824766,6.349409990259678
1586,20,Valid,Front,Left,One_far,0.3526611328125,0.6806640625,1,50.80545188182762,-19.921869567674626,11.777844725453638
1587,20,Invalid,Front,Left,One_far,0.37060546875,0.7021484375,1,43.74531723471741,-24.470908208282918,12.493418353179537
1588,20,Valid,Front,Left,One_far,0.3717041015625,0.7447509765625,1,32.9222984415178,-17.6081559675497,10.618118842230174
1590,20,Valid,Rear,Left,One_far,1.4525146484375,0.7491455078125,1,63.66027967121749,-2.48785462190926,73.41381967456091
1591,20,Invalid,Front,Right,One_near,0.4161376953125,0.418212890625,1,44.71429582739611,-19.702553608550367,8.07255989197368
1592,20,Valid,Rear,Right,One_far,1.722900390625,0.5791015625,1,161.57641336133008,-24.394152886612172,27.247073767409738
1593,20,Invalid,Front,Right,Three,0.4346923828125,0.51611328125,1,47.12298853201171,-20.579921512577407,9.907274113427802
1594,20,Valid,Front,Right,Zero,0.0,0.52099609375,1,42.76692459290986,-15.739754897708446,3.719675933008489
1595,20,Valid,Rear,Right,One_far,1.880126953125,0.5166015625,2,-120.57624773173487,-15.22046670264473,256.57634245125473
1596,20,Valid,Rear,Right,Zero,1.384033203125,0.6611328125,1,129.6630980999739,-17.01655992249503,6.65002553465531
1597,20,Invalid,Front,Left,Three,0.890625,0.639404296875,1,17.0653469698514,0.19496484064061928,27.801134548188635
1598,20,Valid,Rear,Right,One_far,1.9466552734375,0.794677734375,1,129.09005278485856,-19.950636355023025,8.5003629825859
1599,20,Valid,Front,Left,Zero,0.4749755859375,0.8096923828125,1,45.45476012772023,-10.679237691041793,3.7354963630877407
1600,20,Valid,Front,Left,Zero,0.4964599609375,0.8082275390625,1,32.24051853659764,-11.956218151147803,9.760540541104966
1601,21,Valid,Front,Right,Three,0.81109619140625,0.332275390625,2,39.9465167357964,-2.5239909950652177,9.793709306435245
1602,21,Valid,Rear,Left,Zero,1.2691650390625,0.3961181640625,2,126.90152252934759,-4.581228449588684,13.832320589967171
1603,21,Valid,Rear,Right,Three,1.11785888671875,0.583740234375,1,132.7101194043156,-12.571800380865565,4.088944573386307
1604,21,Valid,Front,Right,Zero,0.3922119140625,0.74853515625,3,51.20233890348241,-11.388132737794551,9.22983186702476
1605,21,Valid,Rear,Right,Zero,1.12322998046875,0.48291015625,1,144.77115613506098,-13.931816271420674,8.835960413198977
1606,21,Valid,Rear,Right,One_far,1.63677978515625,0.521728515625,2,126.14087468247023,-5.322069614747786,13.815378697978012
1607,21,Invalid,Front,Right,One_near,,0.0,0,-21.46476074705638,11.811955348014832,67.82003734329969
1608,21,Valid,Rear,Right,One_near,1.3062744140625,0.4146728515625,1,127.50045398988608,-6.321866375487714,12.147110174149823
1609,21,Valid,Front,Right,One_far,0.53863525390625,0.62158203125,3,47.89075279661733,-10.046066638185959,6.238558388412149
1610,21,Valid,Rear,Left,Three,1.32879638671875,0.3956298828125,1,135.35792707824092,-15.852672650207726,1.0673838509498395
1611,21,Valid,Rear,Left,Three,1.51055908203125,0.39862060546875,2,133.65880778546392,-15.618940208554026,2.4216250674225464
1612,21,Valid,Rear,Right,Zero,1.1595458984375,0.4791259765625,1,131.29997578373698,-8.53779020607503,7.990643469343292
1613,21,Valid,Rear,Left,Zero,1.1400146484375,0.48333740234375,1,134.28468651246212,-16.361840728177608,2.190185044568768
1614,21,Valid,Rear,Right,One_near,1.16058349609375,0.49847412109375,1,131.6129682041927,-10.047070318278012,6.616461320789757
1615,21,Valid,Rear,Right,Three,1.3675537109375,0.54132080078125,1,118.77623191010379,-13.658359458190235,17.275942421701764
1616,21,Valid,Front,Left,Three,0.4970703125,0.49591064453125,1,41.81199818461084,-3.387515335957697,8.714512820792793
1617,21,Valid,Front,Right,Zero,0.68072509765625,0.26824951171875,1,41.396883117294074,-8.657210984548387,3.4952176154166996
1618,21,Valid,Front,Right,One_near,0.767822265625,0.0654296875,1,28.74599467200655,-5.537440208937237,14.789721033398584
1619,21,Valid,Front,Right,Zero,0.68621826171875,0.41357421875,1,31.77871984978777,-10.479694883027909,10.348910888649515
1620,21,Valid,Rear,Left,One_near,1.1605224609375,0.54034423828125,1,138.3900340849598,-12.159714636441475,3.7120727193462213
1621,21,Valid,Rear,Left,Three,1.19879150390625,0.80865478515625,1,124.40406024517576,-7.110494826900474,14.025338166114837
1622,21,Valid,Front,Left,One_near,0.55999755859375,0.4566650390625,1,52.23840052752842,-6.813869678306007,11.522500559341573
1623,21,Valid,Front,Right,One_far,0.60223388671875,0.29046630859375,1,43.154259214296374,-9.788914722736163,2.5832981811191966
1624,21,Valid,Front,Left,One_near,0.58099365234375,0.7261962890625,1,50.31483998976011,-7.0723068747736155,9.716700171187878
1625,21,Invalid,Front,Right,One_far,0.55859375,0.350830078125,1,38.88571808165761,-10.531003261574085,3.4871912239086527
1627,21,Valid,Front,Right,Three,0.4149169921875,0.62225341796875,2,36.882282391738265,-9.178497620171397,5.892894846614557
1628,21,Valid,Rear,Left,One_far,1.16326904296875,0.45880126953125,2,133.76489344529807,-9.09939370708792,6.309742937301421
1630,21,Valid,Front,Right,One_far,0.557373046875,0.55853271484375,1,35.36619007914088,-9.12739460354073,7.269375276400833
1631,21,Valid,Rear,Left,One_far,1.4072265625,0.53857421875,1,127.48156863997386,6.068608885688203,22.725535267922222
1632,21,Valid,Rear,Left,Three,1.20062255859375,0.49749755859375,1,135.22800130907163,-11.830974069376435,3.261703132990443
1633,21,Valid,Front,Left,Three,0.59893798828125,0.2489013671875,1,50.56451850983203,-8.05348445547046,9.472342126284005
1634,21,Valid,Rear,Right,Three,1.40814208984375,0.600830078125,1,127.37946576225012,-11.043826592000467,9.484983847027918
1635,21,Valid,Rear,Right,Three,1.7177734375,0.4398193359375,1,123.87441071087075,-13.651796685482058,12.200310151218419
1637,21,Valid,Rear,Left,Zero,1.2825927734375,0.47393798828125,1,132.73079118673405,-8.89569503806448,6.924613009623452
1639,21,Valid,Rear,Left,One_near,1.3865966796875,0.62591552734375,1,137.1451727302084,-9.54464100028325,5.57425891018739
1640,21,Invalid,Front,Right,One_near,0.64093017578125,0.7025146484375,1,38.94949322888286,-14.373173207570245,3.804327534827506
1641,21,Valid,Front,Right,One_near,0.6004638671875,0.51715087890625,1,44.64179054985251,-12.777720430358261,2.727336116252452
1642,21,Valid,Rear,Right,Three,1.240234375,0.45489501953125,1,137.05123642893633,-17.84895946613875,3.036719952386854
1644,21,Valid,Front,Left,Three,0.4139404296875,0.87335205078125,1,49.45887171281939,-8.313618877342854,8.36489385672715
1645,21,Valid,Rear,Left,One_near,1.05853271484375,0.50823974609375,1,131.44067903469377,-11.889468757336541,5.519312663390831
1646,21,Valid,Front,Right,One_far,0.49822998046875,0.9559326171875,1,41.769759321392,-10.382271184466523,1.733090607498613
1647,21,Valid,Front,Left,Zero,0.43701171875,0.4793701171875,1,50.93617391057844,-8.14783412741611,9.771121698378316
1648,21,Valid,Rear,Left,Zero,1.1602783203125,0.497314453125,1,135.4994312119669,-11.868951983038864,3.1708091705539743
1649,21,Invalid,Front,Left,Zero,0.438232421875,0.3311767578125,1,44.6077199708033,-9.185229315278132,3.9110218090213147
1650,21,Invalid,Front,Left,One_far,0.37432861328125,0.413330078125,1,46.05717207302694,-9.061021364672035,5.0691257999905215
1651,21,Valid,Front,Left,One_near,0.438232421875,0.53955078125,1,46.53417675201514,-8.515321432342798,5.780024156691343
1652,21,Valid,Front,Right,One_far,0.4967041015625,0.60540771484375,1,52.43528586807681,-17.9605606603032,11.968348357295467
1653,21,Valid,Front,Left,One_far,0.50421142578125,0.3546142578125,1,47.478765310033914,-10.783154718116085,5.634798205690328
1654,21,Valid,Front,Left,One_far,0.53814697265625,0.271240234375,1,45.2689822861412,-13.169379304901987,3.4394501428073676
1655,21,Invalid,Front,Right,Three,0.5396728515625,0.4154052734375,1,46.1231862856757,-14.903905531789116,4.9862361935213
1656,21,Invalid,Rear,Left,One_near,2.59619140625,0.3109130859375,1,134.3345126798119,-15.207572129267067,1.6783724862365395
1657,21,Valid,Front,Left,Three,0.3939208984375,0.5806884765625,1,56.03099462311358,-10.45454627705678,14.12714861775687
1658,21,Valid,Front,Left,One_near,0.5777587890625,0.37451171875,1,50.051544505216256,-9.6892287894158,8.40471217527761
1659,21,Valid,Front,Left,Zero,0.4403076171875,0.401611328125,1,50.062184089907504,-8.866133362343918,8.686581935934452
1660,21,Valid,Front,Left,One_far,0.4349365234375,0.3524169921875,1,50.929437108307276,-9.328808459811023,9.34956414083726
1662,21,Valid,Rear,Right,One_near,1.11962890625,0.520263671875,1,137.79767030250693,-15.086088689653403,1.7997304739881461
1663,21,Valid,Rear,Left,One_far,2.385009765625,0.561767578125,1,131.31676137091588,-10.38410527349449,6.575652681150902
1664,21,Valid,Rear,Right,Zero,1.198974609375,0.5240478515625,1,134.82210578598844,-10.02238567160139,5.115083497039032
1665,21,Valid,Front,Left,Three,0.7706298828125,0.353271484375,1,52.75592954720513,-9.445515677519289,11.078641949387848
1666,21,Valid,Rear,Right,One_far,1.2230224609375,0.8929443359375,1,131.32134803724753,-10.529211424400728,6.471300848846118
1667,21,Valid,Front,Right,One_far,0.500732421875,0.45556640625,1,47.250738520439796,-11.484337192469088,5.286709345387464
1668,21,Valid,Rear,Left,Three,1.2900390625,0.4979248046875,1,133.88121286973606,-10.311022229019462,5.1454612465863265
1669,21,Valid,Front,Right,Three,0.5177001953125,0.456298828125,1,48.86385425331933,-16.642974454716782,8.231106371990288
1670,21,Valid,Rear,Right,One_near,1.0770263671875,0.4771728515625,1,136.56492891362115,-10.588042552290132,4.447978551864627
1671,21,Valid,Front,Left,Zero,0.4561767578125,0.5172119140625,1,45.36664072653684,-3.4057187515007312,9.323346835207973
1672,21,Valid,Front,Left,Zero,0.55859375,0.498046875,1,48.955612897164535,-3.4159617542233796,11.12623346102861
1673,21,Valid,Rear,Left,Zero,1.3719482421875,0.4962158203125,1,134.1727073694564,-11.201851006528916,4.214846869608005
1674,21,Invalid,Front,Right,Three,0.6014404296875,0.3831787109375,2,49.19188873609369,-15.688684718325002,8.03753205902724
1676,21,Valid,Front,Left,One_near,0.623291015625,0.4144287109375,1,49.94084033741567,-9.142114127003554,8.473844115984184
1677,21,Valid,Front,Right,One_near,0.51708984375,0.58154296875,1,55.58966675716593,-13.220396945773293,13.635773974619807
1678,21,Invalid,Front,Right,Zero,0.395751953125,0.5999755859375,2,36.015791545281154,-17.417033204479324,8.005097933633554
1679,21,Valid,Front,Left,One_far,0.538330078125,0.3323974609375,1,45.52731038251421,-8.241575026542236,5.227749210740228
1680,21,Valid,Front,Right,Three,0.55810546875,0.62255859375,1,43.2946346803845,-8.661968222709728,3.6737094954979734
1687,21,Valid,Front,Left,Three,0.70654296875,0.146484375,1,-0.0,0.0,43.70823720993561
1711,21,Valid,Rear,Left,One_far,1.1387939453125,0.0,1,118.09249481608681,-2.8870107036224013,21.61951090117526
1712,21,Invalid,Rear,Right,Three,,0.0,0,0.0,0.0,136.82470537150812
1714,21,Valid,Front,Left,One_far,,0.0,0,78.20646296043334,-0.3030314994742077,38.07986903742749
1715,21,Valid,Rear,Right,One_far,,0.0,0,0.0,0.0,136.82470537150812
1716,21,Valid,Front,Left,Zero,0.76611328125,0.0,1,58.47065902838481,14.32872851307063,31.1409746097791
1717,21,Valid,Front,Right,One_far,0.5792236328125,0.2691650390625,1,54.07888490790763,13.755858000309722,28.53812981872952
1719,21,Valid,Rear,Left,One_far,1.939453125,0.2686767578125,1,123.0993347929094,-3.8191889618801667,17.071546451788723
1720,21,Valid,Front,Left,One_far,,0.0,0,53.05125617363383,7.3402588227629035,22.36188556699302
1721,21,Valid,Front,Left,Three,0.41552734375,0.6229248046875,1,50.584154705477104,-8.036064570262653,9.497540901972425
1722,21,Valid,Rear,Right,One_far,1.2271728515625,0.415771484375,1,124.47641505249143,-14.824615295268776,11.524919515428282
1723,21,Invalid,Front,Left,Zero,0.53857421875,0.37255859375,1,51.21308650603594,-8.878340452974445,9.760125675658202
1724,21,Valid,Rear,Right,Three,1.4310302734375,0.3916015625,1,130.1220348433488,-15.088217282007225,5.8786271077225285
1725,21,Valid,Front,Right,Zero,0.414794921875,0.4146728515625,1,42.71516459632554,-10.006809487413209,2.211991618840548
1726,21,Valid,Front,Right,Zero,0.3939208984375,0.3946533203125,1,42.56593501844177,-11.536729912060137,0.7984708116559225
1727,21,Valid,Rear,Right,One_near,1.0782470703125,0.475830078125,1,122.61129454485766,-15.0022998030405,13.38870565266308
1729,21,Valid,Front,Left,One_far,0.3721923828125,0.4158935546875,1,41.98478260890057,-3.5287643882492796,8.57124912023537
1730,21,Valid,Rear,Right,Zero,0.9931640625,0.4345703125,1,134.08482854238167,-12.534732842286386,3.1217661461066024
1731,21,Valid,Rear,Left,One_far,1.13818359375,0.4757080078125,1,129.877129691097,-10.592854272477666,7.544035676165929
1732,21,Invalid,Front,Left,One_near,0.536865234375,0.31005859375,1,40.02671594457555,-9.530318471368727,3.239924863632045
1733,21,Valid,Rear,Right,One_near,1.0389404296875,0.394287109375,1,130.341879453626,-8.937884518301106,8.292380371808385
1734,21,Valid,Rear,Left,One_far,1.0980224609375,0.4560546875,1,130.98099366602418,-8.171800302866002,8.474357538151802
1735,21,Valid,Rear,Left,Three,1.0982666015625,0.3326416015625,1,127.81073103608793,-7.086128027952457,11.388305218655372
1736,21,Valid,Front,Right,Zero,0.435791015625,0.3525390625,1,40.97131828124079,-7.6271096296391585,4.589655144319249
1737,21,Valid,Front,Right,Three,0.539306640625,0.685302734375,1,34.68926548260207,-14.240605336183895,7.6176788058550065
1738,21,Valid,Front,Right,Three,0.56103515625,0.1856689453125,1,30.92190243676121,-13.500701342095992,11.166297948307967
1740,21,Valid,Rear,Right,One_far,1.188232421875,0.4769287109375,1,121.68378572982873,-16.182442300246763,14.364962959328103
1741,21,Valid,Rear,Left,Zero,1.0582275390625,0.329345703125,1,127.44622495067502,-5.830908223331924,12.539510022461673
1742,21,Valid,Rear,Right,Zero,1.015869140625,0.4134521484375,1,130.04788358807414,-16.315092842258192,6.095667228850003
1743,21,Valid,Front,Right,One_near,0.6011962890625,0.145263671875,1,21.923625190145074,-12.142020336409441,20.07641878459526
1744,21,Valid,Front,Right,One_near,0.499267578125,0.5391845703125,1,30.265098353053336,-17.758816131086572,13.028051146236614
1745,21,Valid,Front,Right,Zero,0.5169677734375,0.39306640625,1,42.33869135822512,-3.8733988425146486,8.23357021227582
1746,21,Valid,Rear,Left,One_far,1.1181640625,0.517578125,1,123.86705581956868,-3.367607653415612,16.808357629177735
1747,21,Valid,Rear,Left,Three,1.1414794921875,0.517822265625,1,126.19582734154338,-10.035200811632171,10.989587458027996
1748,21,Valid,Front,Left,One_near,0.434326171875,0.6234130859375,1,46.09009100403003,-5.963842250372418,7.374366165953654
1749,21,Valid,Rear,Right,Zero,1.03759765625,0.4141845703125,1,131.82795246416018,-10.752451241330894,5.953793000985053
1750,21,Valid,Rear,Right,Three,1.1776123046875,0.3935546875,1,127.46467436367173,-7.874638518023165,11.118568251668092
1751,21,Valid,Rear,Right,Three,2.464599609375,0.413330078125,1,127.4891562607445,-11.367203076804607,9.253738414241163
1752,21,Invalid,Rear,Left,One_far,2.293701171875,0.49560546875,1,129.50967069706863,-13.97942143861151,6.570080293303532
1753,21,Valid,Front,Right,Three,0.6029052734375,0.3309326171875,1,41.82086465346662,-10.923409317393382,1.1901491951744283
1754,21,Invalid,Rear,Right,One_far,2.2642822265625,0.3541259765625,1,127.26320685111178,-9.260971763499025,10.453133483593124
1755,21,Valid,Front,Left,Zero,0.39208984375,0.5426025390625,1,47.529366489265506,-8.253246371603938,6.7358301084714585
1756,21,Valid,Front,Left,Zero,0.372314453125,0.393310546875,1,50.63550282498415,-7.759353826027453,9.665046210336078
1757,21,Valid,Front,Left,One_far,0.3934326171875,0.456298828125,1,44.83266244588667,-7.020052601267351,5.816342674415534
1758,21,Valid,Front,Left,Zero,0.454833984375,0.3341064453125,1,44.41731514896847,-12.492690058570881,2.449003473156553
1759,21,Valid,Rear,Right,One_far,1.1435546875,0.4154052734375,1,135.33200796843528,-7.7513393470160645,7.279374603381218
1760,21,Valid,Front,Right,Three,0.56103515625,0.2293701171875,2,39.44579706345491,-12.409782861951008,2.5729201430697595
1761,22,Valid,Rear,Left,Zero,0.976470947265625,0.497833251953125,1,124.14156999688628,-29.1128895506887,18.43355672703144
1763,22,Valid,Front,Right,Zero,0.310760498046875,0.68426513671875,1,45.83503604231399,-16.716744876244334,6.00181928236561
1764,22,Valid,Rear,Left,One_far,1.44891357421875,0.72344970703125,2,120.86879480884589,-24.213805055535033,17.715743680077672
1765,22,Valid,Rear,Right,Three,1.77984619140625,0.55975341796875,1,128.32760292536125,-23.417474573615813,11.389449287318243
1766,22,Invalid,Rear,Right,Three,2.501861572265625,0.413421630859375,1,130.72731653606414,-25.278597525226175,11.552088901858761
1767,22,Valid,Rear,Left,Three,1.0162353515625,0.5592041015625,2,125.2516333321899,-23.149824623841816,13.488774126104628
1768,22,Valid,Front,Right,One_far,0.496978759765625,0.475433349609375,1,42.344921677441384,-16.8802368402992,4.792664729868204
1769,22,Valid,Front,Right,One_near,0.41265869140625,0.41400146484375,1,41.16195602477953,-17.90576086051418,5.86593358928327
1770,22,Invalid,Rear,Left,One_far,1.241241455078125,0.62225341796875,1,120.58149920921913,-25.34396240489718,18.566844774199964
1771,22,Valid,Rear,Left,Zero,0.972869873046875,0.477569580078125,2,124.61088134352897,-27.452255258143612,16.875149918893804
1772,22,Valid,Rear,Right,One_near,1.07672119140625,0.9111328125,1,125.22667687390596,-27.38595738982239,16.415737316420746
1775,22,Valid,Rear,Right,Zero,1.0494384765625,0.65570068359375,1,128.70280415044326,-27.38755689462516,14.377087086206423
1776,22,Valid,Front,Right,One_far,0.37261962890625,0.5938720703125,1,42.723757223583995,-10.67721163262102,1.5962929734353135
1777,22,Valid,Front,Left,Three,0.751678466796875,0.582183837890625,1,51.19617947121795,-13.126884759350274,9.253335029914153
1778,22,Valid,Front,Right,One_near,1.28228759765625,0.082763671875,1,29.933548809615047,-15.993419499933394,12.679036230423986
1779,22,Valid,Front,Right,Zero,0.35003662109375,0.4586181640625,1,37.65704182141845,-15.027773267099015,5.2376657056792
1780,22,Valid,Front,Left,Zero,0.37579345703125,0.622314453125,1,45.673986789882065,-16.213004813819513,5.514978470559101
1781,22,Valid,Front,Left,One_near,0.502105712890625,0.3172607421875,1,42.134175560486845,-15.690090668755943,3.5925971233803065
1782,22,Valid,Front,Right,One_far,0.3145751953125,0.0,1,18.93452381971238,-13.610919838608174,23.11491012706118
1783,22,Valid,Rear,Right,One_far,2.45111083984375,0.375823974609375,1,129.1827074585472,-26.004288233408843,12.944876867691253
1784,22,Valid,Front,Left,One_far,0.456512451171875,0.744598388671875,1,42.781999816662996,-14.064639780027907,2.1145527135848523
1785,22,Invalid,Rear,Left,Three,1.36871337890625,0.41290283203125,2,118.41120906016049,-25.430687772308563,20.449078564296432
1786,22,Valid,Rear,Left,Three,1.11492919921875,0.35247802734375,1,123.08093049522816,-23.10723773639634,15.252201827394448
1787,22,Valid,Front,Right,Zero,0.330535888671875,1.034515380859375,2,44.30402785681045,-6.952374059139374,5.639733787332501
1788,22,Valid,Rear,Right,Zero,1.116058349609375,0.520965576171875,1,128.77146514624815,-23.457003160626115,11.125314314245033
1789,22,Valid,Front,Right,Zero,0.41583251953125,0.5164794921875,1,40.0181270946654,-11.926552613171374,1.989448217194174
1790,22,Valid,Front,Left,One_near,0.49432373046875,0.60040283203125,1,48.11112785804188,-15.557260512825367,7.02129147314631
1791,22,Invalid,Front,Right,One_near,1.115234375,0.3123779296875,1,38.952722579022804,-16.00495180620477,4.95323614308659
1792,22,Valid,Rear,Left,One_far,1.1865234375,0.66107177734375,2,122.0433245349834,-21.263201008215134,15.297597095789373
1793,22,Valid,Front,Left,Zero,0.3720703125,0.45916748046875,1,40.7251569853099,-11.433700518087932,1.4384643588564958
1794,22,Valid,Front,Right,One_near,0.7646484375,0.16571044921875,1,26.121240136491107,-18.607038003675626,17.160319297270078
1795,22,Valid,Rear,Left,Three,1.28851318359375,0.47711181640625,1,125.91558745264912,-24.05039202292733,13.55009122455766
1796,22,Invalid,Rear,Left,One_far,2.31829833984375,0.1455078125,2,115.37734409990611,-28.56826419430406,24.68586092523635
1797,22,Valid,Front,Left,One_far,0.4349365234375,0.70526123046875,1,40.40896311486683,-12.588196766693706,1.6642519198920733
1798,22,Invalid,Front,Left,Three,0.49456787109375,0.3499755859375,1,40.34340099955914,-14.185637296463808,2.6634945430134693
1799,22,Valid,Front,Right,Three,0.45513916015625,0.248291015625,1,20.65627065330238,-8.725765176169071,21.608800130304196
1800,22,Valid,Front,Left,Zero,0.5208740234375,0.20684814453125,1,44.57960773220923,-14.198434242399545,3.325327400685324
1801,22,Invalid,Front,Left,Zero,0.47412109375,0.66400146484375,1,34.55713210248651,-15.451208063332782,8.162528898790098
1802,22,Valid,Front,Right,Three,0.29241943359375,0.45556640625,1,26.857761800138334,-14.114153121727238,15.275607696557065
1804,22,Valid,Rear,Left,One_near,1.03424072265625,0.37554931640625,3,120.60428387161116,-26.01295723569816,18.929165385226277
1805,22,Valid,Rear,Left,One_far,,0.0,0,117.99586448775963,-29.25211623011695,22.962397796830313
1806,22,Invalid,Rear,Right,One_near,2.42498779296875,0.0,1,111.95615321158996,-20.97972331690913,24.77627210319023
1807,22,Valid,Front,Left,One_near,0.4951171875,0.66473388671875,1,32.770478858002384,-8.388153303885211,9.947957901300107
1808,22,Valid,Front,Left,One_near,0.4771728515625,0.53973388671875,1,41.577930990643644,-15.169187153185366,3.0980723087005484
1809,22,Valid,Front,Left,Three,0.41558837890625,0.24786376953125,1,28.850543812469603,-13.501008791987307,13.223880809467664
1810,22,Valid,Front,Right,One_far,0.35162353515625,0.4967041015625,1,34.73900026055412,-12.937379220060125,7.309125883060273
1811,22,Valid,Rear,Left,Zero,0.95166015625,0.47833251953125,1,120.59193305656096,-23.62248758005453,17.656608366322605
1812,22,Valid,Front,Left,Zero,0.518310546875,0.29083251953125,1,36.99624203665281,-12.027480463390262,5.004283449101431
1814,22,Valid,Rear,Left,One_far,1.07745361328125,0.4344482421875,1,116.92351571371292,-23.170943190208718,20.752748380457376
1815,22,Invalid,Front,Right,Three,0.6619873046875,0.2069091796875,2,38.17002761685401,-13.719231893468898,4.1581967702945315
1816,22,Invalid,Rear,Right,One_far,,0.0,0,117.74786109220359,-26.336497960698626,21.48619930844959
1817,22,Valid,Front,Right,One_near,0.4114990234375,0.33026123046875,1,34.60078469748144,-10.025205379696711,7.684605377601659
1819,22,Invalid,Front,Right,One_far,0.3516845703125,0.249267578125,1,35.28046865698056,-11.079170817853237,6.796631054349138
1820,22,Valid,Front,Left,Three,0.64276123046875,0.458251953125,1,38.316948897564586,-13.94478347543953,4.1192343335145996
1821,22,Valid,Rear,Right,One_near,1.2635498046875,0.0616455078125,1,116.1435529969222,-27.47683526826377,23.451010764942055
1823,22,Valid,Front,Left,One_far,0.55670166015625,1.07501220703125,2,27.700667378025376,-16.077280583350124,14.842158679671956
1824,22,Invalid,Rear,Right,One_far,2.33740234375,0.3525390625,1,121.88757351831673,-30.519647437332413,20.976654589805634
1825,22,Valid,Front,Left,Zero,0.39288330078125,0.39471435546875,1,36.91780771272672,-13.276903740368212,5.2166829363986364
1826,22,Valid,Front,Right,One_far,0.62005615234375,0.0,1,23.107557528157365,-10.683275841620773,18.94548732265335
1827,22,Valid,Front,Left,One_far,0.4339599609375,0.3092041015625,1,45.209587137422574,-14.153751156442839,3.8104256199667157
1828,22,Valid,Front,Right,Zero,0.39410400390625,0.185791015625,1,27.966931146893096,-12.61316566019282,14.042448519786008
1829,22,Valid,Front,Right,Zero,0.3115234375,0.516357421875,1,27.51136347653739,-11.433236588334465,14.503970551409381
1830,22,Invalid,Front,Right,One_near,0.4342041015625,0.26934814453125,1,27.887375540707442,-11.775547863984931,14.116353577237547
1831,22,Valid,Rear,Left,Zero,1.12286376953125,0.28973388671875,2,122.80344016873057,-29.702380162828224,19.756243920153413
1832,22,Invalid,Rear,Right,Zero,2.29180908203125,0.18701171875,1,112.34826125351847,-29.036491660396848,27.50323333472277
1833,22,Valid,Rear,Right,Three,1.59722900390625,0.0,1,114.18084402490656,-24.12240414532447,23.64939375240069
1834,22,Invalid,Rear,Left,Zero,2.1107177734375,0.37249755859375,2,122.01917322434267,-28.37509805060546,19.348301351649635
1835,22,Valid,Rear,Right,Zero,1.0579833984375,0.2266845703125,1,116.90828189397608,-26.384446493584413,22.22834501723347
1836,22,Invalid,Front,Left,One_far,0.4334716796875,0.31036376953125,1,40.18834072783092,-13.947773012560726,2.5877353853097005
1837,22,Valid,Rear,Left,Three,1.1590576171875,0.1658935546875,2,115.63051506457285,-26.45232049952377,23.368174112634602
1838,22,Valid,Rear,Right,Three,1.20172119140625,0.103759765625,1,121.89313346081197,-26.614516948067926,18.272949611144337
1839,22,Valid,Rear,Right,One_near,1.12176513671875,0.16546630859375,1,119.7311981498747,-26.4559458208162,19.897552821593827
1840,22,Valid,Front,Right,One_far,0.35052490234375,0.47503662109375,1,38.48829257270616,-4.3275408893342036,8.528962989829566
1841,22,Invalid,Front,Right,Three,0.435546875,0.37060546875,1,32.779860775662904,-13.68176104780233,9.354834863775212
1842,22,Valid,Rear,Right,Zero,0.9544677734375,0.1478271484375,1,113.19887088207412,-24.525514156085368,24.710866212864943
1843,22,Valid,Rear,Right,One_far,1.3056640625,0.0211181640625,1,116.01271951282452,-26.429464785590856,23.024422827903575
1844,22,Invalid,Front,Left,One_near,0.5836181640625,0.290283203125,1,31.323787521600767,-14.165811388987716,10.874239724173771
1845,22,Valid,Front,Left,One_near,0.455078125,0.2906494140625,1,27.968353111175563,-13.4763246026088,14.098985205482087
1846,22,Valid,Rear,Right,One_far,1.2259521484375,0.061767578125,1,113.57280027660573,-26.39393538438964,25.155537183225928
1847,22,Valid,Front,Left,One_near,0.643798828125,0.3306884765625,1,30.917699231125766,-12.097540144418389,11.082301041872121
1849,22,Valid,Rear,Left,One_far,,0.0,0,117.71912430216845,-27.132428917486223,21.940516122402954
1850,22,Valid,Rear,Right,Zero,0.95166015625,0.0411376953125,1,111.77859821054298,-28.13943414508501,27.555780415356367
1851,22,Valid,Front,Right,One_near,0.537841796875,0.1448974609375,1,27.319202693007988,-10.803113930957105,14.737968755736372
1852,22,Valid,Rear,Left,One_far,,0.0,0,111.97895102827772,-24.87405498734511,25.97128713781808
1853,22,Valid,Rear,Left,Zero,,0.0,0,113.8586085291992,-29.922146261775676,26.700405714540672
1854,22,Valid,Front,Right,Three,0.412841796875,0.1854248046875,1,24.32567802121323,-7.101171133690125,18.367633147590848
1855,22,Valid,Front,Right,One_near,0.41259765625,0.185791015625,1,26.380354747738064,-9.965699330449016,15.764788522354324
1856,22,Valid,Rear,Right,Three,,0.0,0,108.52634929612799,-27.793988725844564,30.306560849350834
1857,22,Valid,Rear,Left,Zero,1.09765625,0.0,1,115.06556375721911,-28.998099996101857,25.18327667925532
1858,22,Invalid,Front,Left,Zero,0.6004638671875,0.28955078125,1,32.50266801116984,-12.90098399166361,9.531048749269832
1859,22,Valid,Front,Right,Three,0.3309326171875,0.3096923828125,1,34.1761843678618,-16.40708427561447,8.931017075503522
1860,22,Valid,Rear,Left,Three,,0.0,0,111.05830084328397,-26.629946374370277,27.519883893193615
1861,22,Valid,Rear,Right,One_near,,0.0,0,116.82927951124346,-27.242768030856986,22.746469904479767
1862,22,Invalid,Rear,Right,Three,,0.0,0,117.88638340095585,-27.165032308428223,21.819512308075776
1863,22,Valid,Front,Right,One_far,0.3509521484375,0.26904296875,1,28.411044385991232,-9.656824425173324,13.806839666228115
1864,22,Valid,Rear,Right,One_far,,0.0,0,114.40100002593165,-25.58752272884778,24.05436420722179
1865,22,Valid,Front,Left,One_near,0.4959716796875,0.0616455078125,1,26.136846958129293,-13.303072979314145,15.908708590686036
1866,22,Valid,Front,Left,Zero,0.5360107421875,0.1441650390625,1,23.221136970650626,-13.489755336062972,18.83021817635633
1867,22,Valid,Rear,Left,Zero,,0.0,0,106.58094284996909,-28.468722286803803,32.35563944099746
1868,22,Valid,Front,Right,Zero,0.32958984375,0.2894287109375,1,27.502762187220377,-8.851333649144818,14.856774120227648
1869,22,Valid,Front,Right,One_far,0.452880859375,0.0205078125,1,22.6624849232228,-8.156717528767086,19.735474810414832
1870,22,Invalid,Front,Left,One_far,0.3504638671875,0.308837890625,1,26.48282104756946,-11.971268457097725,15.517712925940193
1871,22,Valid,Front,Left,Three,,0.0,0,-20.27305665576384,-14.71047016095654,62.32774775100747
1872,22,Valid,Front,Left,Three,0.4144287109375,0.2900390625,1,25.043731215396967,-10.770469630373757,17.008312735232195
1873,22,Valid,Front,Left,One_far,0.3109130859375,0.22802734375,1,28.372763791571547,-12.500783135176924,13.633128540498168
1874,22,Valid,Rear,Right,One_far,1.1182861328125,0.0408935546875,1,111.32736822264519,-26.338561064545186,27.15330045934303
1875,22,Valid,Rear,Right,Zero,,0.0,0,117.70078574185578,-26.3097300511914,21.51211835910844
1876,22,Invalid,Front,Right,One_far,0.350341796875,0.2255859375,1,31.799885243458768,-11.023213079828736,10.256793413053718
1877,22,Valid,Front,Right,Three,0.331298828125,0.3936767578125,1,6.398924619174784,1.4738339460250056,38.10099127667756
1878,22,Valid,Rear,Left,One_near,1.1611328125,0.0,2,113.16592407312392,-27.30895016432606,25.940417837463688
1879,22,Valid,Rear,Right,One_near,,0.0,0,117.01800054454428,-26.909863974013934,22.408952746758075
1880,22,Valid,Rear,Right,Three,,0.0,0,112.1821350510721,-26.914940320164785,26.631869884753808
1881,22,Valid,Rear,Left,One_far,1.2626953125,0.061767578125,1,101.13104622629713,-29.25585686295187,37.670590547131056
1882,22,Valid,Front,Left,Three,0.82763671875,0.2060546875,1,28.152486330105756,-12.503452309988052,13.853389787497594
1883,22,Valid,Rear,Left,One_near,,0.0,0,104.00359387598354,-26.00785652966995,33.83700504227281
1884,22,Invalid,Rear,Right,Zero,,0.0,0,109.5839345618394,-28.207501252732644,29.533821333754243
1885,22,Valid,Rear,Left,Three,1.0401611328125,0.0614013671875,1,111.76607464974587,-28.60437482949575,27.79140428951202
1886,22,Valid,Front,Left,Zero,0.4161376953125,0.28955078125,1,33.540719206899546,-12.000281385808455,8.459868517804194
1887,22,Invalid,Front,Right,Zero,0.3736572265625,0.3712158203125,1,26.48212360272836,-9.618658212419302,15.715010179691085
1888,22,Valid,Rear,Left,One_near,,0.0,0,107.44185559824653,-27.72730816807928,31.265827749743973
1889,22,Valid,Front,Right,Three,0.372802734375,0.207763671875,1,23.67636867055631,-9.375542648796054,18.525067690993723
1890,22,Valid,Rear,Left,One_far,,0.0,0,109.57146055722818,-22.78401831231326,27.551018822623856
1891,22,Valid,Rear,Right,One_near,,0.0,0,115.42757067107087,-26.025022428572697,23.340436329347284
1892,22,Valid,Rear,Right,Three,,0.0,0,113.03679165605467,-28.20876063182253,26.491136156764302
1893,22,Valid,Rear,Right,One_far,,0.0,0,114.82763594000271,-27.859381691180705,24.771610714052056
1894,22,Valid,Front,Left,Zero,0.536865234375,0.1241455078125,1,33.9382912379872,-8.165532602192641,8.970573106993943
1895,22,Invalid,Front,Right,Zero,0.2900390625,0.3526611328125,1,25.190721690465,-7.46648536446932,17.436206444209155
1896,22,Valid,Front,Left,Three,,0.0,0,10.948523774506599,-3.5013923597870895,32.22002838503886
1897,22,Invalid,Front,Left,Three,0.538330078125,0.1497802734375,1,27.801738885479885,-11.476059771826094,14.211963977031031
1898,22,Valid,Rear,Right,Zero,0.9935302734375,0.0618896484375,1,116.46782502202963,-30.74982452232812,25.091090686819097
1899,22,Valid,Rear,Left,Zero,0.950927734375,0.124267578125,1,115.91801989943531,-30.04703198766891,25.093805936872304
1900,22,Valid,Rear,Right,One_near,0.8922119140625,0.0,1,111.53563781673625,-27.824235009749668,27.621839558928624
1901,22,Valid,Rear,Left,One_near,1.025146484375,0.0201416015625,1,109.55070613641817,-29.175887291325285,30.008680850355038
1902,22,Valid,Rear,Right,Zero,0.892578125,0.0623779296875,1,116.47623334985781,-30.470639343872552,24.910201643450858
1904,22,Valid,Front,Right,One_near,0.3516845703125,0.630126953125,1,31.007739580095823,-10.579941191020659,11.096862976614052
1905,22,Valid,Rear,Left,One_near,,0.0,0,107.30784682532664,-28.62599568292036,31.763302916256727
1906,22,Valid,Front,Left,Three,0.58544921875,0.31396484375,1,31.807118675087064,-12.605877132314426,10.205427055089736
1907,22,Valid,Front,Right,Three,0.3935546875,0.24853515625,1,25.800072487675756,-10.285332457808233,16.301247488865517
1908,22,Valid,Rear,Right,One_near,,0.0,0,114.50281750761945,-28.995002866062034,25.651295490321676
1909,22,Valid,Front,Right,Zero,0.3546142578125,0.2491455078125,1,32.71426913362493,-6.320341919622013,10.937515497078357
1910,22,Valid,Front,Right,One_near,0.499267578125,0.083740234375,1,25.534703969564028,-5.726780065352073,17.65570462216913
1911,22,Invalid,Front,Left,One_near,,0.0,0,16.237219062057036,-13.215847483420601,25.786934623229133
1912,22,Valid,Front,Left,One_near,0.3721923828125,0.370849609375,1,32.44054498583021,-12.847997995402073,9.588674630472218
1913,22,Valid,Front,Right,Three,0.3514404296875,0.3125,1,28.914850577536008,-10.709402663394219,13.158833396649753
1914,22,Valid,Front,Left,One_far,0.3543701171875,0.59814453125,1,34.37927849797036,-13.392170842980839,7.729495565620481
1915,22,Valid,Rear,Left,Three,1.0982666015625,0.062744140625,1,110.60451189894476,-31.540973743316407,30.307336212011787
1916,22,Valid,Rear,Right,One_far,,0.0,0,114.51187222600873,-25.479304110549513,23.907225892452576
1917,22,Invalid,Rear,Left,One_near,,0.0,0,112.06276446510388,-27.377890188105873,26.948161543264895
1918,22,Invalid,Rear,Left,Zero,,0.0,0,104.82822508362432,-28.12228827426305,33.82120637987429
1919,22,Invalid,Rear,Right,One_near,,0.0,0,110.4583811627486,-27.658344311604814,28.50627954571718
1920,22,Valid,Front,Left,One_far,0.3927001953125,0.22705078125,1,29.724865288398014,-11.211884489358253,12.307220699581949
2081,25,Valid,Front,Left,Three,0.498443603515625,0.310760498046875,1,43.31271200221992,-19.634932750561294,7.648426266641617
2083,25,Valid,Front,Left,Zero,0.476226806640625,0.374725341796875,1,40.82346077549597,-19.166707043109305,7.16397885116415
2086,25,Valid,Front,Right,One_near,0.724761962890625,0.247650146484375,1,46.249515085326756,-20.862239064456826,9.738337223731417
2087,25,Valid,Front,Left,One_far,0.476654052734375,0.227294921875,1,41.28877338239677,-17.612531038378926,5.55822289501585
2089,25,Valid,Front,Left,Three,0.496063232421875,0.2694091796875,1,39.91000350027912,-19.09587952632379,7.301398202788419
2090,25,Valid,Front,Right,Zero,0.4346923828125,0.371551513671875,1,50.64736467337242,-15.082623745939866,9.147292506754866
2091,25,Valid,Front,Right,One_near,0.53936767578125,0.37188720703125,1,40.270957252649524,-18.461669836949476,6.5924526495469085
2092,25,Valid,Front,Right,Zero,0.412689208984375,0.248748779296875,1,36.25279355810206,-16.908880414870087,7.49371154571046
2093,25,Invalid,Front,Right,One_far,0.49627685546875,0.16485595703125,1,34.3347291515941,-19.46091040549781,10.62729406656216
2094,25,Valid,Front,Right,Three,0.413726806640625,0.164794921875,1,29.729920886805015,-18.945007587971524,14.050230258734253
2095,25,Valid,Front,Right,One_far,0.496185302734375,0.1456298828125,1,30.669534760644808,-17.505252774679665,12.553732516603121
2096,25,Valid,Front,Left,Zero,0.58111572265625,0.041046142578125,1,35.255019002963266,-12.621773777135777,6.765132410004492
2098,25,Invalid,Front,Left,Zero,0.557403564453125,0.24835205078125,1,41.377012806881325,-13.563108841435426,1.5902202755204704
2099,25,Valid,Front,Left,Three,0.454925537109375,0.31103515625,1,42.16385340559626,-22.259215963240692,10.160537236105677
2100,25,Valid,Rear,Left,Zero,1.11907958984375,0.374298095703125,2,131.75053320327245,-25.004498068291362,10.86958829279819
2101,25,Invalid,Front,Right,One_far,0.537811279296875,0.2066650390625,1,40.841079190101816,-17.12193591957089,5.153924507003513
2102,25,Valid,Rear,Left,Zero,0.993408203125,0.663330078125,1,123.07135145393029,-19.62325703272054,13.730420926482566
2103,25,Valid,Front,Right,Zero,0.47442626953125,0.18707275390625,1,40.95411787883898,-17.52112812269362,5.521095863506081
2106,25,Valid,Front,Left,One_near,0.435821533203125,0.312957763671875,1,44.29600103630613,-20.334873046309827,8.548962208803998
2107,25,Valid,Rear,Right,Zero,1.101409912109375,0.415985107421875,1,134.67157380916345,-23.083759497631196,8.192184309452704
2108,25,Valid,Front,Left,One_near,0.540740966796875,0.18792724609375,1,44.02473192790325,-18.37871927061017,6.597109598832075
2109,25,Valid,Front,Left,Zero,0.4959716796875,0.1661376953125,1,42.767437885829025,-17.18340852914325,5.141011883158029
2110,25,Invalid,Front,Right,One_near,0.562286376953125,0.187835693359375,1,42.87410000465016,-19.742897278632203,7.692719261084012
2111,25,Valid,Front,Right,Three,0.478729248046875,0.20928955078125,1,35.03046451758448,-18.15662682384416,9.23348002239446
2112,25,Valid,Rear,Right,Three,2.10699462890625,0.3741455078125,1,126.2077876861653,-23.98356585368356,13.288787659026127
2113,25,Valid,Rear,Left,One_far,1.3465576171875,0.43475341796875,2,128.83768518031442,-21.03002610594991,9.362690233833707
2114,25,Valid,Rear,Left,Three,1.49176025390625,0.37322998046875,2,119.9550048397283,-25.998950513838704,19.452989027370958
2115,25,Invalid,Rear,Right,Three,2.509552001953125,0.374359130859375,1,127.1598051942731,-20.630524623755157,10.48102341099923
2116,25,Valid,Front,Left,Three,0.581695556640625,0.331787109375,1,41.03126207685406,-14.454791753571122,2.5462712672509316
2117,25,Invalid,Front,Right,Three,0.435516357421875,0.164886474609375,1,35.217947609469746,-16.768472687077473,8.233521230790961
2118,25,Invalid,Rear,Right,Zero,2.177825927734375,0.479339599609375,1,129.40365842520683,-20.787024793088662,8.775042913123999
2119,25,Valid,Rear,Right,Zero,1.166839599609375,0.290802001953125,1,123.03966470501219,-19.13957744642984,13.605381008758904
2120,25,Valid,Rear,Left,Three,1.040863037109375,0.56280517578125,1,128.42530253660695,-22.603363203594192,10.732528763888931
2121,25,Valid,Front,Left,One_far,0.53643798828125,0.45562744140625,1,49.3111892170054,-19.107421264128508,10.12706475440028
2122,25,Valid,Front,Left,One_far,0.5782470703125,0.165283203125,1,50.31978653720721,-14.297939024515001,8.605218415599936
2123,25,Valid,Front,Left,One_near,0.41217041015625,0.330810546875,1,51.54149319198122,-14.131354601951204,9.755331560305486
2124,25,Invalid,Rear,Right,One_near,1.13323974609375,0.41650390625,2,124.2048196619405,-18.490329723017943,12.300759357971678
2125,25,Valid,Front,Left,Three,0.53485107421875,0.18621826171875,1,48.84288606998015,-15.363512159121735,7.581266475956628
2126,25,Valid,Front,Left,One_near,0.45367431640625,0.2061767578125,1,50.97717741412775,-13.321809916445938,9.0599411585645
2127,25,Valid,Rear,Right,Three,1.2403564453125,0.41424560546875,2,124.55532702082697,-25.48817256406723,15.5236047145586
2128,25,Invalid,Front,Right,One_near,0.45404052734375,0.3115234375,1,43.43651146967597,-19.191171085413995,7.235210609589891
2129,25,Valid,Front,Right,Three,0.4739990234375,0.20611572265625,1,42.93174738138532,-16.143303300084966,4.149271593809735
2130,25,Valid,Front,Left,Zero,0.47344970703125,0.18585205078125,1,52.194386725727085,-13.44148645625027,10.28227147210107
2131,25,Valid,Rear,Left,One_near,1.0135498046875,0.47418212890625,1,137.22357042750122,-21.53918513031103,6.652673654970337
2132,25,Valid,Rear,Left,One_far,1.40234375,0.45550537109375,1,130.60434105921746,-18.73204164945174,6.560584598836374
2134,25,Valid,Rear,Left,Three,1.0150146484375,0.62335205078125,1,135.610658499264,-19.781233565352682,4.797059642181916
2135,25,Invalid,Front,Left,One_far,0.61907958984375,0.682861328125,1,41.51913526003949,-17.016090110124427,4.9395518894936705
2136,25,Valid,Rear,Right,Three,1.0771484375,0.370849609375,2,127.75205635923885,-22.268064130526884,10.993331183341281
2137,25,Invalid,Front,Left,One_near,0.55963134765625,0.3331298828125,1,55.18212314389531,-15.077106561852084,13.514123503262915
2138,25,Invalid,Front,Left,Three,0.4599609375,0.35198974609375,1,46.21767412241728,-13.95228301310615,4.606487529946214
2140,25,Invalid,Rear,Left,Three,2.21551513671875,0.4364013671875,2,128.3431372805895,-22.399155529976444,10.647772032715544
2141,25,Valid,Front,Left,Zero,0.49627685546875,0.3909912109375,1,51.63423293302475,-15.524010851340616,10.224592633346179
2142,25,Valid,Front,Right,Zero,0.6427001953125,0.0,1,31.198677301674103,-16.083359188937617,11.512416013220856
2143,25,Invalid,Front,Right,Zero,0.55743408203125,0.12396240234375,1,41.539297364347995,-17.799546005062364,5.718135323890041
2144,25,Valid,Front,Right,Zero,0.3935546875,0.23272705078125,1,42.35925018896511,-17.75605176860852,5.667449365230449
2145,25,Valid,Rear,Right,Three,1.1968994140625,0.661865234375,2,123.39509653580714,-22.62516553871954,14.731827477760428
2146,25,Invalid,Front,Left,One_far,0.51458740234375,0.541015625,1,50.66655170903417,-15.304151902765925,9.2398976153073
2147,25,Valid,Rear,Right,One_near,0.990966796875,0.49908447265625,1,129.39202217150068,-21.93820218590735,9.581441465378164
2148,25,Valid,Front,Right,One_near,0.51580810546875,0.14404296875,1,45.17365265172679,-18.85831195547063,7.466381428862962
2149,25,Valid,Front,Left,One_near,0.59796142578125,0.1649169921875,1,46.58052413706657,-11.254108331530425,4.657975320354937
2150,25,Valid,Rear,Right,Zero,0.96783447265625,0.55682373046875,1,126.68411455638264,-20.870680750051392,11.01138565611185
2151,25,Valid,Rear,Left,Zero,0.9747314453125,0.52191162109375,1,137.63610772064405,-20.935177219382943,6.156555619746589
2152,25,Valid,Rear,Left,One_near,1.01165771484375,0.37152099609375,1,137.72929849576548,-19.049940854823696,4.40369097633188
2153,25,Valid,Front,Right,Three,0.5380859375,0.10260009765625,1,37.81139162651014,-17.658647197541196,6.9601004858552145
2154,25,Valid,Rear,Left,Zero,0.9476318359375,0.53851318359375,1,135.88233486836373,-19.330581329802474,4.332179559671638
2155,25,Valid,Front,Right,One_far,0.477783203125,0.10333251953125,1,38.73911155768217,-15.35560423807479,4.607857678814801
2156,25,Valid,Rear,Right,One_far,1.1544189453125,0.3734130859375,1,130.14325545117245,-19.863301751626402,7.612697329960889
2157,25,Valid,Front,Right,One_near,0.4951171875,0.06170654296875,1,39.50719146420851,-18.20837034257584,6.597445159921755
2158,25,Valid,Front,Left,One_near,0.61944580078125,0.06219482421875,1,43.710422457443585,-8.671249178048903,3.8316937745542337
2159,25,Valid,Front,Left,One_far,0.4998779296875,0.1649169921875,1,51.73300098602888,-14.232717396349626,9.963924512295916
2160,25,Valid,Front,Left,One_near,0.45452880859375,0.1441650390625,1,48.94733763868388,-12.210468619915954,6.948215856020868
2161,25,Valid,Rear,Right,Zero,0.992431640625,0.5599365234375,1,116.43850607813845,-23.871027627764118,21.47899382251368
2162,25,Valid,Front,Right,One_near,0.43408203125,0.2689208984375,1,44.09808546542705,-22.144441132390842,10.261226061358421
2163,25,Invalid,Rear,Left,One_near,0.9285888671875,0.581298828125,1,135.97476175053652,-18.796367154265113,3.796451045281497
2164,25,Invalid,Rear,Right,One_near,2.1749267578125,0.5416259765625,1,121.95635640659077,-20.83706899146276,15.208395700723997
2165,25,Valid,Front,Left,Zero,0.412353515625,0.2064208984375,1,47.18930642257138,-15.911622354157913,6.438739482076974
2166,25,Valid,Rear,Left,Zero,0.9110107421875,0.5419921875,1,133.76900226401955,-22.002830698243528,7.349625071131986
2167,25,Valid,Front,Left,One_far,0.453369140625,0.10302734375,1,43.88259702598217,-13.071975738383001,2.1187044150239784
2168,25,Valid,Front,Right,Three,0.4547119140625,0.18505859375,1,32.146911954518494,-18.03973340945175,11.504945762904224
2169,25,Valid,Rear,Left,One_far,0.974365234375,0.5362548828125,1,126.42596127963844,-22.81092163940717,12.356080052991787
2170,25,Valid,Front,Right,Three,0.5380859375,0.168701171875,1,35.83488065147659,-20.094797009737974,10.095814766944418
2171,25,Invalid,Rear,Left,Three,2.2816162109375,0.4990234375,1,129.39545905564512,-19.861998621115468,8.20115794735041
2172,25,Valid,Rear,Right,One_far,0.9683837890625,0.5155029296875,1,125.54386037758746,-25.651392239728896,14.925917474243997
2173,25,Valid,Rear,Left,One_far,0.928955078125,0.436279296875,1,134.7444042464848,-19.18017761800072,4.36467703436114
2174,25,Valid,Front,Left,One_far,0.474609375,0.0203857421875,1,33.88646459428608,-6.502070545437587,9.857295316567864
2175,25,Valid,Front,Right,Three,0.578369140625,0.0205078125,1,36.05176978578028,-19.367564269891652,9.391428703789545
2176,25,Valid,Front,Right,One_far,0.453125,0.188232421875,1,35.601351147777685,-18.45888963402422,9.020985783812467
2177,25,Invalid,Front,Left,One_near,,0.0,0,2.8875567937930637,-6.567315883025808,39.501820301056775
2178,25,Valid,Rear,Left,One_far,1.013916015625,0.3397216796875,1,129.28196258171252,-19.278352905117266,7.964692733196684
2179,25,Valid,Rear,Left,One_far,0.9512939453125,0.5390625,1,129.26437796168426,-16.792485313713733,6.9700507776431655
2180,25,Valid,Front,Left,Zero,0.4984130859375,0.2890625,1,46.70105994316106,-15.415358740404141,5.752527111345728
2181,25,Valid,Front,Left,One_far,0.4739990234375,0.16552734375,1,52.48141947201303,-15.03712036528595,10.885165602252977
2182,25,Valid,Rear,Right,One_near,0.866943359375,0.39404296875,3,110.40444509878827,-18.82781589669535,25.880197163853627
2183,25,Invalid,Rear,Left,One_far,1.9234619140625,0.456298828125,1,111.67918136508739,-18.379364181183913,24.55447660491629
2184,25,Invalid,Rear,Right,Three,1.9661865234375,0.3087158203125,2,119.58395085765267,-21.083402956092133,17.50698320585683
2185,25,Valid,Rear,Left,Zero,0.886474609375,0.5601806640625,1,131.70906997027544,-17.796748440999245,5.121902221072143
2187,25,Valid,Front,Right,One_far,0.28759765625,0.3524169921875,1,38.156426759274375,-17.546785005205447,6.666372488074229
2188,25,Valid,Rear,Left,Three,0.846923828125,0.4942626953125,1,131.18121286894586,-17.501239043490468,5.429263869724336
2189,25,Invalid,Front,Right,Zero,0.45458984375,0.3951416015625,1,39.52955120528301,-16.844211530366607,5.348893370799429
2190,25,Valid,Front,Right,Three,0.495849609375,0.2476806640625,1,34.89512342751953,-16.861098245761326,8.552621096247245
2191,25,Valid,Rear,Right,Three,0.869384765625,0.5189208984375,1,114.44089278378206,-23.065622588691046,23.01845719642356
2192,25,Valid,Front,Right,One_near,0.4129638671875,0.228515625,1,42.846738756804626,-19.108646502044454,7.059609926397847
2193,25,Valid,Rear,Right,One_far,1.052490234375,0.18603515625,3,106.74870594210773,-24.819812468457474,30.855581682686786
2194,25,Invalid,Rear,Right,One_far,1.8170166015625,0.3511962890625,2,118.8139497047321,-23.21157521571852,19.04705468766446
2195,25,Valid,Front,Left,One_near,0.514892578125,0.2476806640625,1,48.39643387120275,-13.615404295523435,6.573493473607524
2196,25,Valid,Rear,Right,One_far,0.9918212890625,0.289794921875,1,116.15082417801541,-22.378964735793524,21.176376021032066
2197,25,Valid,Rear,Right,One_near,0.78369140625,0.35009765625,1,128.7223539437134,-22.087677521959165,10.15870586127334
2198,25,Valid,Front,Left,One_far,0.4951171875,0.041015625,1,41.60184407309172,-11.985247086273052,0.4143626109351766
2199,25,Valid,Front,Left,Zero,0.4581298828125,0.08251953125,1,45.12323239933482,-9.663030544214463,3.9614897133132096
2200,25,Valid,Front,Right,One_far,0.4957275390625,0.0848388671875,1,35.2763057697963,-18.379434822345193,9.199965531965645
2201,25,Invalid,Rear,Right,Zero,1.9193115234375,0.5787353515625,1,123.66026881968182,-21.38343601284385,13.893063770550702
2202,25,Valid,Front,Left,Three,0.5364990234375,0.10302734375,1,43.721153218386306,-10.183840722877704,2.5756620074193304
2203,25,Valid,Rear,Left,One_far,1.7550048828125,0.4539794921875,1,120.38483054851818,-22.036247745771664,17.12723852050785
2204,25,Valid,Rear,Left,One_near,0.888427734375,0.5179443359375,2,132.73787237555933,-18.99504334602695,5.157697933649576
2205,25,Valid,Rear,Right,One_far,0.8253173828125,0.4134521484375,2,119.55617659752082,-20.7867038450356,17.43230534043251
2206,25,Invalid,Rear,Left,Zero,1.778076171875,0.536865234375,2,118.75995493267091,-19.825069235132634,17.902526275566853
2207,25,Invalid,Front,Left,Zero,0.4541015625,0.3533935546875,1,40.62692576738016,-14.590344665585011,2.843791378018488
2208,25,Valid,Front,Right,One_far,0.4329833984375,0.1458740234375,1,38.200687861076254,-16.862409086631512,6.092233829836452
2209,25,Valid,Rear,Left,Zero,0.9105224609375,0.4776611328125,2,117.30854072832709,-14.6924388801285,18.693989503235095
2210,25,Valid,Rear,Right,Zero,0.76416015625,0.3946533203125,2,117.38464746782836,-18.70428160834432,18.9803332987318
2211,25,Invalid,Front,Right,Three,0.6817626953125,0.1243896484375,1,43.894287669434654,-24.251068860894236,12.297837217851184
2212,25,Valid,Rear,Right,Three,0.990966796875,0.0831298828125,1,104.08579957171646,-20.77121742888459,32.43182294580608
2213,25,Valid,Rear,Right,Zero,0.9085693359375,0.495361328125,1,106.0111248666827,-19.44634847596773,30.316705733496786
2214,25,Valid,Rear,Right,Three,0.9075927734375,0.37646484375,1,32.84031166870389,7.629353780317002,105.61254162799463
2215,25,Valid,Rear,Right,One_far,0.9134521484375,0.3306884765625,1,43.848474892270964,7.915571099807684,94.95802745692835
2216,25,Valid,Front,Left,Three,0.5406494140625,0.2093505859375,1,44.08976918005557,-15.53277681483985,4.018842107673821
2217,25,Valid,Rear,Left,Three,1.01123046875,0.503662109375,1,115.97812025630124,-16.2231058120951,20.059203780277908
2218,25,Valid,Rear,Left,One_near,0.868408203125,0.4342041015625,1,17.196724651996394,10.344708479536623,121.47663347873227
2219,25,Valid,Rear,Left,Three,0.9927978515625,0.4556884765625,1,66.84621315256898,2.239871813747931,71.27032633217266
2220,25,Valid,Rear,Right,Zero,0.847900390625,0.4354248046875,1,92.45765669589674,-7.721315156738757,44.14651643629321
2221,25,Valid,Front,Right,Zero,0.4556884765625,0.2474365234375,1,39.86501451863935,-18.53929851043239,6.784005329602679
2222,25,Valid,Rear,Right,One_near,0.76904296875,0.2889404296875,1,35.233739130442764,9.316010274092068,103.65861124518992
2223,25,Invalid,Rear,Left,Zero,1.6986083984375,0.43408203125,1,124.54980355640397,-16.930012265104867,11.6117158913054
2224,25,Valid,Rear,Left,Zero,0.8472900390625,0.35107421875,1,117.70457569797173,-14.623301020310354,18.299301967904285
2225,25,Valid,Front,Right,Zero,0.433349609375,0.185302734375,1,37.73268992539119,-16.776538755349183,6.3308727678844345
2226,25,Invalid,Rear,Right,One_far,1.69384765625,0.3731689453125,1,105.21027793276247,-16.180629525077986,30.81234932706722
2227,25,Invalid,Front,Left,Three,0.495849609375,0.1646728515625,1,44.93275867131649,-12.870070699850036,3.032174517891343
2228,25,Valid,Front,Right,One_far,,0.0,0,18.236137724503934,-7.33461277558828,24.236956608603553
2229,25,Valid,Rear,Left,One_near,0.8468017578125,0.5810546875,1,107.97098853049656,-15.794479164911746,28.04026891991292
2230,25,Valid,Front,Right,Zero,0.394775390625,0.2066650390625,1,37.36540098453797,-17.13523234094762,6.843469351246228
2231,25,Valid,Front,Left,Three,0.4127197265625,0.24853515625,1,45.15008520070187,-12.314845200277922,3.1574032418687636
2232,25,Invalid,Rear,Left,One_far,1.6318359375,0.4996337890625,1,112.44207206983153,-15.454348220727503,23.56230889935641
2233,25,Valid,Rear,Right,One_far,0.9932861328125,0.352783203125,1,103.82149408134318,-20.470437426883297,32.64018885972442
2234,25,Valid,Rear,Right,Zero,0.8251953125,0.4346923828125,1,86.30274935862951,-10.192417282304842,49.929245667230745
2235,25,Valid,Rear,Right,Three,0.845458984375,0.413330078125,1,96.97122431100198,-15.16592246840292,39.02912837929697
2236,25,Valid,Front,Right,One_near,0.4560546875,0.2269287109375,1,40.90399093535087,-18.122168229686956,6.121090266974012
2237,25,Valid,Rear,Left,One_near,0.7647705078125,0.3914794921875,1,103.89120067260023,-15.066581128713581,32.10886835897411
2238,25,Valid,Rear,Right,One_far,0.8896484375,0.33056640625,1,102.54276233824982,-20.277898754198507,33.87097529175098
2239,25,Valid,Front,Right,One_near,0.410888671875,0.2685546875,1,41.49836357259259,-15.955036534963883,3.8875372398484385
2240,25,Valid,Front,Right,One_far,0.26806640625,0.37060546875,1,38.82713485679266,-12.735535331924185,3.2358891166268524
2241,4,Invalid,Front,Left,Three,1.0218505859375,0.291290283203125,2,41.8015560768818,-14.820222415636993,2.727451187676234
2243,4,Valid,Rear,Left,One_far,1.25,0.54718017578125,1,130.28361436274267,-17.162287335534746,6.1116733613026035
2244,4,Valid,Front,Left,Zero,0.4005126953125,0.707733154296875,3,33.47029687092282,-20.363239769277737,11.875898574624246
2245,4,Valid,Front,Right,One_near,0.44683837890625,0.416412353515625,1,0.0,0.0,43.70823720993561
2246,4,Invalid,Rear,Right,One_far,1.671661376953125,0.271026611328125,1,145.59189871779253,-13.639158929306417,9.687951766605595
2247,4,Invalid,Front,Right,One_far,0.521148681640625,0.37255859375,1,0.0,0.0,43.70823720993561
2248,4,Valid,Rear,Right,Zero,1.01806640625,0.413604736328125,2,0.0,0.0,136.82470537150812
2249,4,Valid,Front,Right,One_far,0.416839599609375,0.51904296875,1,55.64295603272554,-16.121735223342586,14.223382281214153
2250,4,Valid,Rear,Left,Three,,0.0,0,-0.0,0.0,136.82470537150812
2251,4,Valid,Front,Right,Zero,0.334228515625,0.397186279296875,2,57.67052625566047,-20.410338392893046,17.737731459624037
2252,4,Valid,Rear,Left,Three,1.614044189453125,0.64599609375,2,130.26119250091895,-50.00076922163555,35.46812311946742
2253,4,Invalid,Front,Right,Three,0.57049560546875,0.291748046875,1,53.69898555088238,-18.73425271033453,13.44914762891447
2254,4,Invalid,Rear,Right,One_far,1.50946044921875,0.6314697265625,1,147.62262157495513,-11.297057709057597,12.198242245695168
2256,4,Invalid,Front,Left,One_far,0.502777099609375,0.500152587890625,1,48.82046662159589,-16.64940780083853,8.198528909178412
2257,4,Valid,Front,Right,One_near,0.560882568359375,0.3138427734375,1,55.94893453772433,-21.33559934208315,16.7292877895386
2258,4,Valid,Front,Right,Three,0.52899169921875,0.3328857421875,1,0.0,0.0,43.70823720993561
2259,4,Valid,Rear,Left,Zero,0.91986083984375,0.625396728515625,3,122.77896632716023,-14.718215062805202,13.224036226855734
2260,4,Valid,Rear,Right,Three,1.9000244140625,0.562957763671875,1,146.1873032928115,-13.7797603564348,10.260123447963773
2263,4,Invalid,Rear,Right,Three,1.853729248046875,0.35748291015625,1,0.0,0.0,136.82470537150812
2264,4,Invalid,Rear,Left,One_far,2.22747802734375,0.52496337890625,1,131.0856603939704,-20.26837956044514,7.204620528265693
2265,4,Valid,Front,Right,One_far,0.4649658203125,0.35736083984375,4,53.65919637835884,-17.2066061992236,12.72848329782794
2267,4,Valid,Front,Right,One_far,0.52716064453125,0.1888427734375,1,0.0,0.0,43.70823720993561
2268,4,Valid,Rear,Left,Zero,0.84100341796875,0.66845703125,1,129.92402132373857,-13.918482771279871,6.171482511552799
2269,4,Valid,Front,Left,One_far,0.48638916015625,0.50213623046875,1,44.03419380009197,-12.571654144112028,2.088157572596153
2270,4,Valid,Front,Left,Three,0.44775390625,0.4195556640625,1,53.66610173131103,-15.003834138634726,12.02207063321451
2271,4,Valid,Rear,Left,One_near,0.96124267578125,0.69049072265625,1,129.2875095823789,-16.818382665799163,6.954426153604187
2272,4,Valid,Front,Left,Zero,0.37615966796875,0.167236328125,3,56.563350176466216,1.6185586892812924,20.007249208065407
2273,4,Valid,Rear,Right,One_near,1.59228515625,0.0428466796875,1,137.33922959811443,-13.546619028239808,1.9763228900006022
2274,4,Valid,Front,Left,Three,0.4163818359375,0.44293212890625,1,55.988319691491675,-12.171583706690864,13.988502851214541
2275,4,Valid,Front,Right,Three,0.48602294921875,0.23529052734375,2,60.07472946148382,-19.482871626271866,19.52441134979084
2276,4,Valid,Rear,Left,One_near,0.9888916015625,0.5614013671875,1,128.19323837016105,-18.69066239218846,8.63519056177916
2277,4,Valid,Rear,Left,One_near,0.7763671875,0.669921875,1,135.55512438686017,-10.269300425827678,4.75157161076635
2278,4,Valid,Front,Right,Zero,0.460693359375,0.3736572265625,1,64.07791889577234,-14.741934750445084,22.235429431290747
2279,4,Valid,Rear,Left,Zero,0.9481201171875,0.52386474609375,1,131.67844051084208,-17.98308369114142,5.251158417595567
2281,4,Invalid,Rear,Left,One_near,2.03955078125,0.645751953125,1,142.9918950808562,-10.458789630574062,8.337217068127885
2282,4,Invalid,Front,Left,Three,0.87554931640625,0.49737548828125,2,48.930269483996774,-15.88089210635314,7.894541167205375
2283,4,Valid,Rear,Right,One_near,2.013671875,0.623779296875,1,143.81489025847472,-11.323277563895859,8.636596414337921
2284,4,Valid,Rear,Right,One_far,1.290771484375,0.486083984375,1,147.07654940172577,-15.221741488476493,11.078768701285505
2285,4,Valid,Front,Right,One_far,0.4202880859375,0.12530517578125,2,57.252556867865266,-19.00061765921969,16.740938297664158
2286,4,Invalid,Rear,Left,Zero,1.35052490234375,0.64617919921875,1,141.69335262944816,-11.414113551846407,6.7285099228800895
2287,4,Valid,Front,Left,One_far,0.4971923828125,0.355712890625,3,45.09457875918708,-19.398475627614957,7.927431121347027
2288,4,Invalid,Front,Left,One_far,2.318603515625,0.45556640625,2,52.39279213640629,-17.093460166250786,11.530167944244429
2289,4,Valid,Rear,Right,One_far,2.2930908203125,0.56427001953125,1,146.47098983849492,-15.27262709201034,10.474538353987816
2290,4,Valid,Rear,Left,Zero,0.890380859375,0.52337646484375,1,136.0995862769722,-12.926572454119157,2.075817721905909
2291,4,Valid,Front,Left,Zero,0.3936767578125,0.58197021484375,3,48.78234163704652,-16.45082976900125,8.057907778104832
2292,4,Valid,Front,Right,Three,1.722412109375,0.23095703125,3,50.348024035596595,-19.585957834402084,11.212897484474938
2293,4,Valid,Rear,Left,One_far,0.886962890625,0.656494140625,1,135.27898452797564,-13.291743706460508,1.8541852322019492
2294,4,Invalid,Front,Right,Zero,1.83270263671875,0.3323974609375,2,54.194013581552255,-15.83954870748051,12.754536124951782
2295,4,Valid,Rear,Right,One_far,1.39129638671875,0.476806640625,2,144.9470729716463,-13.335927739153865,9.100508296204184
2296,4,Valid,Rear,Right,One_near,1.13739013671875,0.439697265625,3,141.83006142827875,-16.45599995922115,6.009122410032574
2297,4,Valid,Front,Left,One_far,0.393310546875,0.4998779296875,1,52.95611450795905,-14.67769833003525,11.255264270206068
2298,4,Valid,Front,Right,Zero,0.4564208984375,0.41448974609375,1,57.0309043083155,-12.989453006139371,15.057197978902575
2299,4,Valid,Rear,Right,Zero,0.9525146484375,0.54168701171875,2,143.71413170462904,-13.265115637347026,7.9068104636535175
2300,4,Valid,Rear,Right,Zero,1.0380859375,0.47906494140625,2,142.6883262952003,-10.911839554635621,7.838798661664287
2301,4,Valid,Rear,Left,Three,1.9005126953125,0.500244140625,1,136.28706997269447,-12.077354258886798,2.936710284871482
2302,4,Valid,Rear,Left,One_far,1.6341552734375,0.5408935546875,1,136.65732422156415,-11.215361623863522,3.841297016683281
2303,4,Valid,Front,Left,Three,0.39532470703125,0.41607666015625,1,54.704042001638165,-17.782270867804453,13.916928015711147
2304,4,Valid,Rear,Right,One_far,1.2840576171875,0.608642578125,2,145.07021973134235,-10.49726328929871,10.126377627796089
2305,4,Invalid,Rear,Left,One_far,1.64886474609375,0.53857421875,1,138.40485069460013,-10.103437566385571,5.455238815084339
2306,4,Valid,Rear,Right,Three,2.2852783203125,0.50823974609375,1,145.03672740839977,-18.678958718250627,9.756904196737606
2307,4,Valid,Front,Left,One_near,0.4356689453125,0.49920654296875,1,52.864226405597236,-11.646271570825334,10.873696927886005
2308,4,Valid,Rear,Right,Zero,0.9840087890625,0.502685546875,2,148.7556920428322,-14.180894382853113,12.781964383599826
2309,4,Valid,Front,Left,Three,0.35198974609375,0.45758056640625,1,56.61087727170465,-10.039816828075027,14.755408816793198
2310,4,Valid,Front,Right,Zero,0.37396240234375,0.455078125,1,56.98896895425198,-16.40106088290359,15.59385504068744
2311,4,Invalid,Rear,Right,Three,1.28680419921875,0.544189453125,3,144.77662527303187,-12.020292257833026,9.268646579299025
2312,4,Valid,Rear,Right,Three,1.9005126953125,0.427001953125,1,142.78177611549066,-13.109258499196045,7.040411259543149
2313,4,Valid,Rear,Right,One_near,0.89691162109375,0.29034423828125,3,143.9171994740003,-12.293595008070735,8.366999192748287
2314,4,Valid,Rear,Right,Three,1.44232177734375,0.603759765625,2,151.71385849508061,-13.247885028356999,15.811238271472375
2315,4,Valid,Front,Right,One_far,0.4383544921875,0.3526611328125,2,59.48572835638351,-17.334761854148798,18.25249100322709
2316,4,Valid,Front,Left,One_far,0.5609130859375,0.32977294921875,1,57.03873306288853,-3.6164489777147844,17.26656103816082
2317,4,Valid,Rear,Left,One_near,0.8494873046875,0.60113525390625,1,139.78928414388525,-12.37931583963263,4.607239932052663
2318,4,Valid,Rear,Left,Three,0.7486572265625,0.66845703125,1,138.23690936488737,-10.737819631334222,4.813516905731271
2319,4,Invalid,Front,Right,Three,0.4989013671875,0.3936767578125,2,56.496075351653346,-16.651448591123955,15.193810742485109
2320,4,Invalid,Front,Right,One_near,0.498046875,0.459228515625,1,54.073607368412674,-9.076032643730192,12.446540622131685
2321,4,Valid,Rear,Left,Three,1.5404052734375,0.664794921875,1,131.57515690300602,-10.704931923778474,6.166591133875552
2322,4,Valid,Rear,Left,One_far,1.39208984375,0.5224609375,1,139.0611878185254,-17.455556351016636,3.9243633691729545
2323,4,Valid,Front,Right,One_far,0.3951416015625,0.330810546875,1,49.95180484711912,-18.898883412927166,10.462122919811414
2324,4,Valid,Rear,Left,One_near,0.7879638671875,0.4998779296875,1,137.18599190734253,-12.104876637244438,3.1286284678521734
2325,4,Valid,Front,Left,One_far,0.3116455078125,0.455810546875,1,54.66554409163007,-15.742877169078694,13.179019736157167
2326,4,Valid,Front,Right,Three,0.374267578125,0.29052734375,2,49.868846387079074,-16.764573653586794,9.147512822247556
2327,4,Valid,Front,Right,One_near,0.4827880859375,0.3323974609375,1,49.02138563111751,-12.043261161351195,7.021614876698568
2328,4,Invalid,Front,Right,Zero,0.334228515625,0.476318359375,1,51.159249011967546,-18.073014113278518,10.934749199714314
2329,4,Valid,Front,Left,One_far,0.3538818359375,0.3524169921875,2,54.96642666531087,-10.375405722049448,13.080613360635065
2331,4,Valid,Front,Left,One_near,0.5579833984375,0.186279296875,1,64.87785990624302,-8.018184366955127,23.239141394463164
2332,4,Valid,Rear,Left,One_far,1.4173583984375,0.457763671875,2,136.30961625821695,-12.382143904114955,2.6361018125472233
2333,4,Valid,Rear,Right,One_near,0.8099365234375,0.419189453125,2,145.14506383871006,-15.32641086934336,9.150887206697929
2334,4,Valid,Front,Right,One_near,0.497802734375,0.269287109375,1,50.743291555158606,-5.083810084447169,11.210355398006481
2335,4,Invalid,Rear,Right,One_near,1.7022705078125,0.3365478515625,1,144.87550478534436,-12.73396629185592,9.160212549996636
2336,4,Invalid,Rear,Left,Three,2.0299072265625,0.4981689453125,2,135.50198900864694,-11.494580113151335,3.5406190886090196
2337,4,Invalid,Rear,Right,Zero,1.40185546875,0.4395751953125,1,146.80970824580555,-11.561965614854335,11.343274341779823
2338,4,Valid,Rear,Left,Zero,0.8328857421875,0.584716796875,1,131.11471233933656,-8.502414410975664,8.129246829450263
2339,4,Valid,Rear,Right,One_near,0.9403076171875,0.4588623046875,2,144.64278692216033,-13.536314811849515,8.765850792243539
2340,4,Invalid,Front,Right,One_far,0.4976806640625,0.414306640625,1,48.02321074893693,-17.670897342216186,8.20450881671906
2341,4,Valid,Rear,Left,Three,0.89111328125,0.540771484375,1,134.4125106570987,-11.008011224764676,4.2960559581353275
2342,4,Valid,Front,Right,Zero,0.4351806640625,0.9957275390625,1,51.07126825291795,-17.93606522612403,10.786452847900057
2343,4,Valid,Front,Left,Zero,0.3101806640625,0.372314453125,1,52.0760595036316,-9.663940194804995,10.366357243275544
2344,4,Valid,Front,Left,One_far,0.4781494140625,0.2906494140625,1,52.75411355129523,-0.26831055259339653,15.988740833912606
2345,4,Invalid,Front,Left,One_near,0.5040283203125,0.5848388671875,1,49.87430728958916,-13.617289015684404,8.019157140746998
2346,4,Valid,Front,Left,One_near,0.4560546875,0.4376220703125,1,53.878391178598925,1.5351510255167773,18.083515158300056
2347,4,Valid,Rear,Left,Zero,0.85498046875,0.4588623046875,1,134.7206062418597,-14.840951132967989,1.2892419984132126
2348,4,Invalid,Rear,Left,One_near,1.978759765625,0.4586181640625,1,137.22009601232438,-15.19238052245168,1.2351698444783314
2349,4,Valid,Rear,Left,One_near,0.7880859375,0.5858154296875,1,133.56181105191231,-8.882816392949593,6.585187972179925
2350,4,Valid,Rear,Left,One_near,0.82958984375,0.46044921875,1,139.44379704690607,-13.479516141692411,3.7645197919061206
2351,4,Invalid,Front,Left,Zero,0.3096923828125,0.850830078125,1,47.975199515420876,-9.931803529281984,6.356420784114274
2352,4,Valid,Rear,Left,One_far,1.4766845703125,0.58251953125,1,142.65812775086215,-14.141784093411271,6.713210833060629
2353,4,Valid,Front,Right,Zero,0.435302734375,0.6458740234375,1,49.99974295054789,-19.786922464899288,11.094352809254536
2354,4,Valid,Rear,Left,Zero,0.8544921875,0.676513671875,1,130.54713163810865,-6.69750283843538,9.933037425173843
2355,4,Valid,Front,Right,Zero,0.4552001953125,0.625732421875,1,52.69457918301173,-17.566060893911146,12.010488982454154
2356,4,Valid,Front,Left,Zero,0.75634765625,0.69189453125,2,47.240887884571976,-13.219552354813866,5.359132699777324
2357,4,Invalid,Front,Left,One_near,0.50244140625,0.2962646484375,1,57.090280882253005,-2.7134222494755473,17.77144954616621
2358,4,Valid,Front,Right,Three,0.853759765625,0.228515625,1,49.77891145709822,-21.839894953024775,12.465031775063046
2359,4,Valid,Rear,Right,Zero,1.45947265625,0.45849609375,1,149.07925542315004,-12.388516088346272,13.337419939584496
2360,4,Valid,Front,Left,One_near,0.446044921875,0.8956298828125,1,46.32165722778661,-10.923101107183998,4.479041437449733
2361,4,Valid,Rear,Right,Zero,0.80517578125,0.455810546875,2,146.38228287792177,-15.150635817478877,10.383375602697566
2362,4,Valid,Rear,Left,Three,1.7197265625,0.62158203125,1,132.5994112902861,-6.829069183614003,8.85031716826013
2363,4,Valid,Front,Left,Three,0.43359375,0.4783935546875,1,54.67756904272826,-3.831976392438499,15.135421077998991
2364,4,Valid,Rear,Left,One_near,0.82763671875,0.5595703125,1,140.38459643083533,-10.5076552470708,6.27740768474252
2365,4,Valid,Front,Right,One_near,0.5367431640625,0.9925537109375,1,46.550978177796566,-14.968597576542344,5.3796147102673775
2366,4,Valid,Front,Right,One_near,0.516357421875,0.4561767578125,1,48.82875736619104,-14.775792360893757,7.334288781124302
2367,4,Valid,Front,Left,One_near,0.8482666015625,0.4732666015625,2,51.53270155737645,-11.430872170616473,9.556156708324895
2368,4,Valid,Front,Left,One_far,0.4337158203125,0.8924560546875,1,51.301529399317566,-13.223468979468908,9.369131854883776
2369,4,Valid,Front,Right,One_far,0.4952392578125,0.2486572265625,1,56.051549583071576,-2.9662913495156467,16.75919686015567
2370,4,Valid,Front,Right,One_near,0.49658203125,0.372802734375,1,54.39014792330364,-8.65225129509302,12.860899528941713
2371,4,Valid,Front,Right,One_near,0.559814453125,0.1436767578125,1,55.22938686661173,-1.1285015795131181,17.18692684738098
2372,4,Valid,Rear,Left,Three,1.429931640625,0.476318359375,1,138.6710737763876,-9.645023545779518,5.984179805467186
2373,4,Valid,Rear,Left,Zero,1.738037109375,0.5157470703125,1,139.62025924308608,-17.817583289886098,4.5874887010864205
2374,4,Valid,Rear,Right,One_near,0.9342041015625,0.62646484375,1,146.5623498745831,-10.048262991108981,11.66545902561604
2375,4,Valid,Front,Left,Three,0.4552001953125,0.35400390625,2,54.48464643345355,-14.933642898381809,12.802184526239811
2376,4,Valid,Rear,Right,Zero,0.8934326171875,0.498046875,2,145.85150670194975,-9.915154656258967,11.086380674878777
2377,4,Invalid,Front,Left,Zero,0.414794921875,0.3702392578125,2,56.56093884948799,-7.603705924309095,15.23934383737114
2378,4,Valid,Rear,Right,One_far,1.5146484375,0.538330078125,1,149.73395237156691,-11.507102712002638,14.171160122197751
2379,4,Valid,Front,Left,Zero,0.434814453125,0.22705078125,2,54.50908981767072,-9.84923077163851,12.709968142599424
2380,4,Valid,Rear,Right,One_near,0.97265625,1.2398681640625,2,146.45298081521213,-12.750642540389975,10.692259672505905
2381,4,Valid,Rear,Right,Three,1.330810546875,0.517333984375,1,147.51275430568913,-12.377626492032038,11.807639667539647
2382,4,Valid,Front,Right,Three,0.5155029296875,0.4534912109375,1,54.59508255885045,-12.980637503288474,12.625831738006687
2383,4,Valid,Front,Left,Three,0.411865234375,0.2486572265625,4,57.8757718904676,-9.511942364821635,16.085340389347255
2384,4,Valid,Front,Left,Zero,0.392333984375,0.28857421875,2,54.9653224430595,-5.1782290619732745,14.697295634606174
2385,4,Invalid,Rear,Left,Zero,1.5147705078125,0.47607421875,1,141.09445593460475,-9.22479984097133,7.7010660396125905
2386,4,Invalid,Rear,Right,One_near,1.9642333984375,0.64990234375,1,149.99642035503794,-10.955246224619522,14.569139159825987
2387,4,Valid,Front,Left,One_near,0.3936767578125,0.3125,1,57.21803379204024,0.3184620954787784,19.641964089991657
2388,4,Valid,Front,Left,Zero,,0.0,0,53.73107149170117,5.216801069286124,20.916252953543875
2389,4,Valid,Front,Right,Three,0.4764404296875,0.2691650390625,1,55.3304300857392,-14.504754025077654,13.545597373017848
2390,4,Valid,Front,Left,One_near,0.371826171875,0.391845703125,1,53.38103083092025,-11.949398133795539,11.38202722261995
2391,4,Valid,Front,Right,Three,0.7421875,0.559326171875,1,57.17523459764768,-18.861742785512856,16.61351590094879
2392,4,Valid,Rear,Right,Three,1.2435302734375,0.5902099609375,2,142.73501376180502,-9.158397978133047,8.915420604412509
2393,4,Valid,Front,Left,One_near,,0.0,0,65.44750484474405,-17.918030723098124,24.158538137462067
2394,4,Invalid,Front,Right,One_near,0.537353515625,0.1861572265625,1,54.27720071150978,-1.1463618156806308,16.45332327475746
2395,4,Valid,Front,Left,Three,0.4739990234375,0.1864013671875,2,55.57089118693679,-13.180031522752577,13.613800193106183
2396,4,Valid,Rear,Left,One_far,1.5133056640625,0.5771484375,1,142.32305315209595,-8.058073287568622,9.389959938412883
2397,4,Valid,Rear,Right,One_far,1.3280029296875,0.9832763671875,1,147.20174061803,-11.347175472294905,11.782279911113418
2398,4,Valid,Rear,Right,Zero,0.91552734375,0.784912109375,1,141.4427731079312,-11.929836750621108,6.248974434437689
2399,4,Valid,Front,Right,Zero,0.455078125,0.3720703125,3,52.99717382610508,-22.383249586660092,15.055997284242439
2400,4,Valid,Rear,Right,One_far,1.3043212890625,0.4329833984375,1,148.82231146223563,-11.925625832998008,13.18572894281194
2401,5,Valid,Front,Left,One_far,0.537994384765625,0.476806640625,2,48.94612129491293,-25.889190456559163,15.439895546631952
2403,5,Valid,Front,Right,One_near,0.95147705078125,0.519195556640625,1,49.53906361701466,-25.319007120276034,15.217740616376094
2404,5,Valid,Front,Right,Zero,0.331878662109375,0.6219482421875,1,45.162403635108134,-24.351030099273377,12.652609819505516
2405,5,Valid,Rear,Left,Three,1.3330078125,0.334442138671875,2,115.56063920232405,-26.36450802898944,23.38631036650582
2406,5,Valid,Rear,Left,One_near,1.290130615234375,0.3533935546875,1,117.04156321161136,-24.546337155676863,21.226278019219112
2407,5,Invalid,Rear,Right,One_far,1.901702880859375,0.645416259765625,1,135.0778489142336,-22.07879302462217,7.138604437172549
2408,5,Invalid,Front,Right,One_near,0.565673828125,0.43731689453125,1,-24.9988550543638,-25.18826159095617,68.26528524857234
2409,5,Invalid,Front,Right,Three,0.499114990234375,0.393035888671875,1,49.353257634424494,-24.420694323538868,14.348167355181811
2410,5,Valid,Rear,Right,Zero,1.933807373046875,0.498291015625,1,143.43822301093522,-25.22027863067912,12.640461101127697
2411,5,Valid,Rear,Right,One_far,2.3470458984375,0.56005859375,3,139.31313271448468,-24.130840887831198,9.713346678806365
2412,5,Valid,Front,Right,One_far,0.70611572265625,0.552398681640625,1,47.855398311070374,-26.685330759017273,15.716792380483403
2413,5,Valid,Front,Left,Zero,0.6055908203125,0.459136962890625,1,38.497021052111876,-19.042716530201567,7.776385685399193
2414,5,Valid,Front,Left,One_far,0.584686279296875,0.403106689453125,1,28.199481697656946,-15.393692705801548,14.188118869446926
2415,5,Valid,Front,Left,One_near,0.331695556640625,0.22796630859375,1,22.42859847977962,-17.274251678999242,20.243829625426883
2416,5,Valid,Front,Left,Zero,0.582275390625,0.39422607421875,1,30.668054906641167,-16.720335594509322,12.237666468930632
2417,5,Valid,Front,Left,Three,0.62335205078125,0.248779296875,2,30.797946922263794,-22.098847830107115,15.015423773109335
2418,5,Valid,Rear,Right,Zero,1.163909912109375,1.049468994140625,1,125.52538367263571,-24.32720664529299,14.02549004525276
2419,5,Valid,Rear,Left,Zero,,0.0,0,113.03103100340435,-27.422469166246067,26.113048021112096
2420,5,Valid,Rear,Left,One_far,1.556060791015625,0.3133544921875,2,122.36151726409516,-21.059096519835556,14.923835364083116
2421,5,Valid,Rear,Left,One_far,1.057861328125,0.4564208984375,1,129.62949069450755,-24.16502382196519,11.161588169635863
2423,5,Valid,Front,Left,Three,0.22802734375,0.4979248046875,1,25.500328332742725,-17.942917661436457,17.50368109643279
2424,5,Valid,Front,Right,Zero,0.76287841796875,0.66650390625,2,41.92562247400008,-21.700959989623083,9.601248082344146
2425,5,Valid,Rear,Right,One_far,2.308837890625,0.49853515625,2,145.1179870690112,-26.729704677810226,14.856771520734195
2426,5,Valid,Front,Right,Zero,0.6207275390625,0.1041259765625,1,32.121331634879546,-21.956847349752497,13.955125522343195
2427,5,Valid,Rear,Left,One_near,1.453369140625,0.45635986328125,2,118.92036069942189,-23.832471190754884,19.228276729165493
2428,5,Invalid,Front,Left,One_far,0.5404052734375,0.64422607421875,1,46.945146503114536,-22.38585086214397,11.412852487241468
2429,5,Valid,Rear,Right,Zero,1.16534423828125,0.45806884765625,1,147.5882036660789,-26.035105969716984,16.001875764091153
2431,5,Valid,Front,Right,One_far,0.47821044921875,0.55914306640625,1,49.18894389038293,-22.849792298323102,12.932089882001312
2432,5,Valid,Rear,Left,One_far,1.20477294921875,0.0218505859375,1,107.61884434914916,-24.9143463879332,30.06300484611854
2433,5,Valid,Rear,Right,One_far,0.955322265625,0.4967041015625,1,149.08209951695363,-26.519657278752106,17.431116762599718
2435,5,Valid,Rear,Left,Zero,0.8731689453125,0.252197265625,2,121.2835226174211,-22.46075522075233,16.499623481035545
2436,5,Valid,Rear,Left,Three,0.97833251953125,0.12432861328125,1,112.62730801762375,-22.221597505436947,24.462914810659182
2437,5,Invalid,Front,Right,One_far,0.6422119140625,0.48681640625,1,48.09220071998992,-20.865372457411492,10.674580269490397
2439,5,Valid,Rear,Left,Three,,0.0,0,113.66139303872387,-23.376565816813294,23.857498105496713
2440,5,Valid,Front,Right,One_far,0.6207275390625,0.24859619140625,1,49.74014319810409,-21.324368526234714,12.041544395755333
2441,5,Valid,Front,Left,Three,0.8074951171875,0.332275390625,1,51.13667426373605,-27.514866569993018,17.91917765893025
2442,5,Valid,Front,Right,One_near,1.63592529296875,0.06243896484375,1,57.40404934882102,-27.719204767096688,21.93728091394668
2443,5,Valid,Front,Right,Three,1.86865234375,0.10308837890625,2,109.2339612689108,-25.84611555006178,68.62478590585947
2446,5,Valid,Front,Left,Three,0.54119873046875,0.45770263671875,2,50.765534427865774,-19.92588952483362,11.750708091898154
2447,5,Valid,Rear,Left,One_near,,0.0,0,107.10310936511802,-23.143395565383855,30.022411290544994
2448,5,Valid,Rear,Left,One_near,0.9365234375,0.31170654296875,2,114.99959017343433,-27.841479034636883,24.615458490158876
2449,5,Valid,Rear,Left,Zero,0.84991455078125,0.6025390625,1,128.39703164513466,-24.740080290674904,12.35614389175998
2452,5,Valid,Front,Left,One_far,0.54071044921875,0.33453369140625,1,44.122607618851134,-23.37738942526693,11.47540741554422
2454,5,Invalid,Front,Right,Zero,0.5428466796875,0.6246337890625,1,55.05599975819443,-24.643490117205022,18.10520019238653
2455,5,Valid,Rear,Left,One_far,1.224365234375,0.517822265625,3,120.326626615347,-21.456458025798295,16.95112042000895
2456,5,Valid,Rear,Right,One_far,2.0531005859375,0.39691162109375,1,138.25753953689463,-24.740531766326626,9.998722110923
2457,5,Valid,Rear,Right,One_near,2.27606201171875,0.443603515625,1,133.32651526279446,-19.966671380667304,5.6405093071114285
2458,5,Valid,Front,Right,One_near,1.786376953125,0.04193115234375,1,99.2741647625739,-22.618974253496162,58.232111146653246
2459,5,Valid,Front,Right,One_near,1.5477294921875,0.08294677734375,1,123.66589777497447,-23.21614853421552,82.41897607728042
2460,5,Valid,Front,Left,One_near,0.46356201171875,0.22808837890625,2,35.677622072102764,-17.231057725098037,8.142494460633694
2461,5,Valid,Rear,Right,Three,1.99298095703125,0.3558349609375,1,81.90634952084048,-19.07710718440969,54.24708125931422
2462,5,Valid,Rear,Left,Three,,0.0,0,118.2036078599947,-26.332598120754476,21.098325842762268
2463,5,Valid,Rear,Left,Zero,0.8524169921875,0.5411376953125,1,125.54051582709569,-27.47925273367093,16.28289157226287
2464,5,Valid,Front,Left,Zero,0.559326171875,0.4361572265625,1,52.770586846007234,-25.311197326986356,17.04527136246166
2465,5,Invalid,Rear,Right,One_near,1.93017578125,0.4996337890625,1,138.15871307542133,-22.176548680095628,7.494190623394719
2466,5,Valid,Rear,Right,Zero,0.89324951171875,0.4183349609375,1,147.4901805606416,-23.8550854916796,14.506439548734914
2467,5,Valid,Rear,Left,One_far,1.2276611328125,0.54205322265625,1,118.64743161549218,-23.662107090669075,19.394425198732748
2468,5,Valid,Rear,Right,One_near,1.0185546875,0.416748046875,1,144.2121778665189,-26.83858635384233,14.40805303185427
2469,5,Valid,Front,Right,Three,1.2255859375,0.3743896484375,1,58.09912382973409,-29.009088688832087,23.34735677484501
2470,5,Valid,Front,Left,Zero,0.517822265625,0.1241455078125,1,43.56309034520204,-19.187847854851498,7.2581566971777915
2471,5,Valid,Front,Right,Three,1.043212890625,0.4139404296875,2,52.92775306807177,-19.922985905341566,13.439304133470783
2472,5,Valid,Rear,Right,Three,1.5423583984375,0.4561767578125,1,145.4959207094237,-21.03728939477408,11.252616289375263
2473,5,Valid,Front,Right,Three,0.62158203125,0.166015625,1,51.289517466925105,-19.206561578398126,11.696082773128406
2474,5,Valid,Front,Right,Three,0.663818359375,0.561279296875,1,54.68602805579647,-21.606837166272594,15.852925936194778
2476,5,Invalid,Front,Left,Zero,0.7889404296875,0.14453125,1,22.572384936749465,-22.401818375788377,21.989990652421163
2477,5,Invalid,Rear,Right,Three,2.470458984375,0.41650390625,1,137.6885517551069,-21.578257518743932,6.7915152221419355
2478,5,Valid,Front,Left,Zero,0.540771484375,0.979248046875,1,40.254722284267736,-19.260075987857174,7.36971386533565
2480,5,Valid,Front,Left,One_far,0.565185546875,0.0845947265625,2,33.60898896056711,-23.638020318838528,14.26656858329344
2481,5,Valid,Rear,Left,Zero,1.541015625,0.0416259765625,1,116.48784281030017,-24.3092968876043,21.619141674384625
2482,5,Invalid,Front,Left,Three,1.8128662109375,0.2484130859375,1,33.0866118886422,-27.60317786354437,17.882869218679275
2483,5,Invalid,Front,Left,Three,1.1029052734375,0.22900390625,2,39.621749283512266,-25.148587430921044,13.263548183380836
2484,5,Valid,Rear,Left,One_near,0.9510498046875,0.0208740234375,2,115.72710744228512,-27.03342359799947,23.57527213301136
2485,5,Valid,Rear,Left,One_near,1.17041015625,0.1239013671875,1,118.51443596867962,-24.391272277758265,19.84794559868592
2486,5,Valid,Front,Left,One_far,0.539306640625,0.3541259765625,2,41.42718404204302,-21.22534739584952,9.143308111215974
2487,5,Valid,Rear,Right,One_near,0.9779052734375,0.667724609375,1,143.62575066874103,-23.379571120571644,11.330017009101207
2488,5,Valid,Front,Right,One_near,0.6043701171875,0.51953125,1,53.008866690012724,-19.734638840342576,13.397121184080524
2489,5,Invalid,Front,Right,Zero,0.5008544921875,0.2528076171875,2,-27.165768292409997,-16.56638712657888,69.30982699043345
2490,5,Valid,Front,Right,One_far,0.4984130859375,0.542236328125,2,52.65589407282038,-21.93302120461893,14.499530492455749
2491,5,Valid,Front,Right,One_near,0.393798828125,0.6014404296875,1,54.20319876773237,-23.50653673048705,16.70410549382202
2492,5,Valid,Rear,Right,One_far,2.0943603515625,0.455078125,1,146.75542168212527,-24.134718422177894,14.111065736251343
2493,5,Valid,Front,Left,One_near,0.6009521484375,0.3348388671875,1,45.57831276289968,-16.42796762535332,5.615658999194767
2494,5,Invalid,Front,Right,One_near,1.7645263671875,0.0418701171875,1,137.0039910992331,-20.17991167518565,95.34696270706247
2495,5,Valid,Rear,Right,One_near,1.079345703125,0.5335693359375,1,144.92009725578922,-23.74858629294511,12.494234557500725
2496,5,Valid,Front,Right,One_far,0.498291015625,0.4388427734375,1,54.67675743530969,-22.0274626403822,16.10138793861771
2497,5,Valid,Front,Left,Zero,0.4971923828125,0.18603515625,1,29.98088349451275,-18.67788475726801,13.701376918119394
2498,5,Valid,Front,Left,One_near,0.39453125,0.1241455078125,1,25.426826297993525,-24.59579000819873,20.7560799402459
2500,5,Valid,Front,Left,Three,,0.0,0,-1.9640188825671605,-10.87893457647225,43.980972670863665
2501,5,Invalid,Rear,Left,One_far,,0.0,0,90.63847015026646,-27.143847426154846,46.958933341995696
2502,5,Invalid,Front,Right,One_far,1.64306640625,0.1038818359375,1,127.33085648408787,-22.660741412024343,85.98188371674378
2503,5,Valid,Front,Left,Three,,0.0,0,-4.008813170361069,-11.055429247599601,46.020669458428785
2504,5,Valid,Rear,Left,Three,0.911865234375,0.4771728515625,1,124.42445146003338,-25.371244749008582,15.542073273696833
2505,5,Valid,Front,Left,One_near,,0.0,0,-2.21091410897058,-8.873585865448362,44.328486039096894
2506,5,Invalid,Rear,Left,Zero,,0.0,0,99.00896395336902,-24.28570081614483,38.13870720737798
2507,5,Valid,Front,Left,One_far,,0.0,0,-3.5378318149346115,-9.682289344545941,45.601967624421285
2508,5,Valid,Front,Right,Zero,0.6019287109375,0.1866455078125,1,137.9956145908176,-22.488659289219697,96.5561094001632
2509,5,Valid,Front,Right,One_near,0.642578125,0.2694091796875,2,56.74684773099222,-22.603457020934226,18.10503044437327
2510,5,Valid,Front,Left,Three,0.52099609375,0.539306640625,1,51.16146717060369,-19.75000526982057,11.935453964819759
2511,5,Valid,Front,Left,One_far,0.4971923828125,0.4344482421875,2,36.550582881677244,-16.224398608166833,6.834238129339481
2512,5,Invalid,Rear,Right,Three,2.0604248046875,0.5650634765625,1,112.98862612726693,-19.757437300255855,23.498011345145105
2513,5,Invalid,Rear,Right,One_near,2.07177734375,0.501953125,1,129.7808735389905,-23.14491471404902,10.247788524221248
2514,5,Valid,Rear,Right,One_far,1.796875,0.481201171875,1,142.56734664986422,-25.30091427826007,12.216336479793972
2515,5,Valid,Rear,Left,Three,1.1021728515625,0.2901611328125,1,114.74577154217609,-24.121271761783916,23.1287661990364
2516,5,Valid,Rear,Left,Zero,0.7900390625,0.4140625,2,120.58468515362694,-23.275908719352486,17.496359534024908
2517,5,Valid,Front,Right,One_far,0.58203125,0.18994140625,1,146.29093154805295,-22.535932273992845,104.81176978559246
2518,5,Valid,Rear,Right,Three,2.1417236328125,0.5233154296875,1,132.61734901167188,-18.850346725083057,5.125182690616506
2519,5,Valid,Rear,Left,One_near,0.9161376953125,0.459716796875,1,125.34492133756719,-23.77323521389243,13.802186689829739
2521,5,Valid,Rear,Right,Zero,0.9534912109375,0.5816650390625,1,137.00784743714536,-23.38565380556197,8.446001788023514
2522,5,Valid,Rear,Left,Three,1.2047119140625,0.2718505859375,2,108.21772169531182,-25.186586272158277,29.590902785810215
2523,5,Valid,Front,Right,One_near,0.49853515625,0.4964599609375,1,51.714015375388456,-21.862916367787864,13.772313920242434
2524,5,Valid,Rear,Left,Zero,0.835205078125,0.5401611328125,1,122.42704278820837,-22.47724515266462,15.496269310584822
2525,5,Valid,Front,Left,Zero,0.47900390625,0.330322265625,1,31.142243862475617,-19.888640745280895,13.36240221670483
2526,5,Invalid,Front,Left,One_far,0.521240234375,0.145751953125,1,24.835839243806152,-25.33077374451269,21.671681714692824
2527,5,Valid,Front,Right,Zero,0.5848388671875,0.21337890625,2,46.770421470212646,-21.534921669184982,10.572353943522801
2528,5,Valid,Rear,Right,One_near,2.3509521484375,0.4989013671875,1,128.3537275360656,-20.13977053964034,9.21318206663019
2529,5,Valid,Rear,Left,One_far,,0.0,0,111.59228212442292,-25.769289218635183,26.67797372681023
2530,5,Valid,Rear,Left,One_far,0.8917236328125,0.4422607421875,1,113.71189991916496,-19.45197255338365,22.72838456268725
2531,5,Valid,Rear,Right,Three,1.9964599609375,0.5263671875,1,130.73022897083135,-25.32494991778024,11.592026462380746
2532,5,Valid,Front,Left,One_far,0.4393310546875,0.798095703125,1,40.79825306004452,-21.750992084954554,9.725525380746678
2533,5,Valid,Rear,Left,One_far,0.8560791015625,0.381103515625,1,123.74886108018927,-20.191458323332686,13.305699694319024
2534,5,Valid,Front,Right,Three,0.64453125,0.62255859375,1,47.76317713124114,-19.070303202199536,9.044298611647783
2535,5,Invalid,Rear,Left,One_near,0.981689453125,0.45654296875,1,115.49387932716927,-20.748409804953248,21.296600675562722
2536,5,Invalid,Front,Left,One_near,0.4844970703125,0.4610595703125,1,54.147106415714546,-21.518267089675255,15.370619676745422
2537,5,Valid,Front,Left,Three,0.48095703125,0.20703125,1,21.742344265443766,-20.535803272099344,21.943914707849213
2538,5,Valid,Rear,Right,One_near,0.9737548828125,0.5220947265625,1,136.73407825001075,-21.56027112649528,6.601214140615839
2539,5,Invalid,Rear,Right,Zero,1.962890625,0.461669921875,1,143.32118974008375,-25.016243611069836,12.406649639874777
2540,5,Valid,Rear,Left,One_near,0.9052734375,0.5010986328125,1,121.21981065666893,-25.759339893921236,18.281613494920038
2541,5,Valid,Rear,Right,Three,1.21142578125,0.61083984375,1,140.72236966904842,-24.52379677077655,10.630309507356891
2542,5,Valid,Front,Right,One_far,0.480712890625,0.1446533203125,1,45.15548731183249,-17.35739186074704,6.131661222913824
2543,5,Invalid,Rear,Left,Three,2.1982421875,0.4205322265625,2,119.4643721422017,-18.84728524529862,16.97729638105808
2544,5,Valid,Front,Right,One_far,0.5008544921875,0.3360595703125,2,53.07143689679913,-19.849012693082457,13.513841521838197
2545,5,Valid,Rear,Right,Three,0.966552734375,0.5543212890625,1,136.95707962149706,-24.15930203308203,9.2091701653898
2546,5,Invalid,Rear,Right,Zero,2.14501953125,0.50439453125,1,128.99674098901357,-25.348599253143654,12.495564944296355
2547,5,Valid,Front,Left,One_near,0.56689453125,0.1309814453125,1,95.83789523667024,-21.605154366555652,54.67053066366496
2548,5,Valid,Rear,Left,Zero,1.004150390625,0.388671875,1,118.96702514013765,-21.702251600979793,18.304163709373313
2549,5,Valid,Front,Left,One_near,0.48828125,0.235107421875,3,37.55871367138926,-21.84526090633871,10.709581429043723
2550,5,Invalid,Front,Left,Zero,0.483642578125,0.522216796875,1,39.479331165240126,-19.35298479809327,7.678512867469963
2551,5,Valid,Rear,Right,Zero,2.045654296875,0.52685546875,1,129.65119719676233,-16.42303415532057,6.506329475334574
2552,5,Valid,Rear,Right,One_near,2.404541015625,0.46240234375,1,135.5697288146232,-24.806202679047466,9.815637741661174
2553,5,Valid,Front,Right,Zero,0.397705078125,0.2080078125,1,59.05418964538577,-33.62365412329331,27.461119264879652
2554,5,Valid,Rear,Right,Three,0.895263671875,0.80517578125,1,65.90801312898937,-7.793327840455989,70.46149833164971
2555,5,Valid,Rear,Right,One_far,0.916748046875,0.626953125,1,143.57225998315513,-25.048437449473163,12.582138785932512
2556,5,Valid,Front,Right,Zero,0.54150390625,0.270263671875,2,49.32501149899167,-27.75603592455651,17.284885140820702
2557,5,Valid,Rear,Right,Zero,0.9443359375,0.2734375,2,144.3165707774302,-27.46821004662837,14.987381734741083
2558,5,Valid,Front,Right,Three,,0.0,0,21.283920375897786,-10.490457752691587,20.77851248857852
2559,5,Valid,Front,Right,Three,0.40234375,0.233154296875,1,41.24689891808301,-22.194923840862206,10.122976271452616
2560,5,Invalid,Front,Left,One_near,0.496826171875,0.148681640625,2,31.773802358352324,-17.25842017724708,11.453576599956463
2564,6,Valid,Rear,Right,Zero,0.72467041015625,0.66607666015625,1,142.82775005205127,-25.425638336938885,12.46242775328852
2565,6,Invalid,Rear,Left,One_far,,0.0,0,-0.0,0.0,136.82470537150812
2601,6,Valid,Rear,Left,Three,2.50830078125,0.24969482421875,1,136.5892923553583,-22.568697911465684,7.591604148999653
2602,6,Invalid,Front,Left,One_near,0.9154052734375,0.37353515625,2,45.682616949380964,-16.595616481343733,5.811388400648968
2603,6,Valid,Front,Right,Three,0.3114013671875,0.06304931640625,1,59.908719656950645,-32.286428871328575,26.985443304279034
2604,6,Valid,Rear,Left,One_far,1.26593017578125,0.6031494140625,2,137.43786159919043,-22.61940774330357,7.7538906580594
2605,6,Valid,Front,Right,One_near,0.330810546875,0.10333251953125,2,54.20746011272077,-19.021944362470283,14.03336724242627
2606,6,Valid,Front,Left,One_near,1.93353271484375,0.16583251953125,3,46.12332265755719,-21.906169518217194,10.637798191277014
2607,6,Valid,Rear,Left,Three,1.5152587890625,0.62274169921875,1,141.50681779517086,-27.4113312989912,13.578151083359216
2608,6,Valid,Rear,Right,One_far,1.08502197265625,0.02081298828125,1,146.73342035728672,-32.312034449350755,20.369409646372283
2609,6,Invalid,Rear,Left,Three,1.35601806640625,0.43646240234375,2,139.0990815459857,-23.131775137969214,8.702302759796595
2610,6,Valid,Rear,Left,Zero,0.97955322265625,0.33349609375,1,142.84252880515214,-24.5886981058593,11.779784879811963
2611,6,Valid,Rear,Left,One_far,1.3477783203125,0.607421875,1,136.34879742944392,-24.075540407785613,9.082240546260385
2612,6,Valid,Front,Left,Zero,0.4571533203125,0.08453369140625,2,47.8786609218689,-30.919739480886754,19.71652221774307
2613,6,Valid,Rear,Right,One_far,0.98333740234375,0.14599609375,2,142.69776957866478,-27.00229234645621,13.744640369929241
2614,6,Valid,Front,Right,One_far,0.3126220703125,0.1448974609375,2,53.64983360887291,-22.527484662829554,15.634930748422597
2615,6,Valid,Front,Right,One_far,0.3514404296875,0.04217529296875,1,57.66426148937731,-32.611265877702024,25.80854734217663
2617,6,Valid,Rear,Left,Zero,0.958984375,0.6478271484375,1,142.01732706058758,-21.005436849764937,8.501382047090585
2618,6,Valid,Front,Left,One_far,0.47772216796875,0.164794921875,4,41.32128245743305,-31.6617375103576,19.573508421504812
2619,6,Invalid,Front,Left,Zero,1.97808837890625,0.25360107421875,3,40.18322501875049,-27.625222183846425,15.63116103142346
2620,6,Valid,Front,Left,Zero,0.41790771484375,0.47662353515625,3,43.51823271681696,-19.487343329759952,7.541741977432155
2621,6,Valid,Front,Right,One_far,0.3333740234375,0.06207275390625,1,54.91459229903322,-33.78965044156564,25.2433680503921
2623,6,Valid,Front,Right,One_near,0.2696533203125,0.18701171875,1,58.63217173683815,-32.35056766799342,26.20524045987096
2624,6,Valid,Rear,Right,One_far,0.99560546875,0.04144287109375,2,153.77962452647165,-28.798038855699485,22.505575410677793
2625,6,Valid,Front,Right,Three,0.3099365234375,0.0206298828125,1,57.803918226826106,-27.216195934258465,21.86922977251596
2626,6,Valid,Front,Left,Three,0.897216796875,0.104248046875,2,56.041961845040646,-31.163555634750036,23.676905327698282
2627,6,Invalid,Rear,Right,Zero,2.05364990234375,0.475341796875,2,135.92565729390938,-29.00040721920007,14.000604599137079
2628,6,Invalid,Front,Right,One_near,0.33074951171875,0.1041259765625,3,64.48742051356517,-30.153857194005163,28.837923658534148
2629,6,Invalid,Front,Left,Zero,1.6810302734375,0.16583251953125,4,38.58342416701449,-26.23055207059169,14.537726515595335
2630,6,Valid,Rear,Right,One_far,0.87347412109375,0.1241455078125,2,143.13275396890876,-27.52478897410822,14.413414516585807
2631,6,Valid,Front,Left,Zero,0.50006103515625,0.25054931640625,4,51.12910554071999,-22.586271881286212,13.903325715161042
2632,6,Valid,Rear,Right,Three,2.58612060546875,0.14581298828125,2,143.73223278586818,-24.488827135618173,12.24031307869609
2633,6,Valid,Front,Left,Three,0.99853515625,0.4761962890625,3,43.61784621464642,-29.818705133504626,17.79241237107349
2634,6,Valid,Rear,Right,One_far,0.8929443359375,0.373046875,2,142.01745704455638,-23.7091438577419,10.585791232492953
2635,6,Valid,Front,Left,One_far,0.4794921875,0.20751953125,3,57.000768573218906,-13.712527142285287,15.087189982626942
2636,6,Valid,Rear,Right,Zero,0.83447265625,0.2908935546875,2,148.95812420188088,-24.27526364376018,15.935604741980466
2637,6,Valid,Front,Right,Zero,0.270263671875,0.0413818359375,1,59.40483567197371,-34.147355624959204,28.089396483759288
2638,6,Valid,Front,Right,One_near,0.311767578125,0.082763671875,1,54.10347234918549,-32.936424742556575,24.096693527530316
2639,6,Valid,Rear,Left,One_near,1.1671142578125,0.502685546875,2,145.33028706059022,-26.409837054610104,14.739017546830288
2640,6,Valid,Front,Left,Zero,0.53759765625,0.4561767578125,2,46.999766093691825,-21.136899368203412,10.327788300631731
2641,6,Invalid,Rear,Left,Zero,2.1536865234375,0.4378662109375,1,135.6523355658824,-20.614789350633163,5.625542641446592
2642,6,Valid,Front,Right,Zero,0.3748779296875,0.602783203125,2,3.1316813639360856,-7.618015790677145,39.12587859776714
2643,6,Valid,Rear,Left,Zero,0.769775390625,0.522216796875,2,137.8227895883929,-26.117090355599032,11.265534157691174
2644,6,Valid,Rear,Left,One_far,2.295654296875,0.4573974609375,2,135.68543027936988,-24.564514328407764,9.569685911640713
2645,6,Invalid,Front,Right,Zero,0.249267578125,0.2908935546875,1,61.607378889613116,-31.87374731694353,27.846909880185585
2646,6,Valid,Rear,Right,One_near,0.89501953125,0.298583984375,3,147.16111250470243,-27.787348722553368,16.973117559682787
2647,6,Invalid,Rear,Left,One_near,1.97509765625,0.3135986328125,2,137.6482179223318,-27.193169598685962,12.304064660989692
2648,6,Valid,Front,Right,Zero,0.2899169921875,0.249267578125,1,56.74921302315963,-26.70033642853788,20.753532437371522
2649,6,Invalid,Rear,Right,One_near,2.3699951171875,0.5609130859375,1,137.10626803141503,-21.77391774207114,6.863657227286126
2650,6,Valid,Front,Left,Three,0.4149169921875,0.439208984375,1,55.37538289413083,-18.275508790274948,14.73220202085794
2651,6,Valid,Rear,Left,Zero,0.9981689453125,0.5614013671875,1,125.66320962597668,-24.023543277396783,13.721281591584436
2652,6,Valid,Front,Left,One_far,0.310791015625,0.479736328125,1,55.04608078229385,-13.178552011414078,13.090588154069405
2653,6,Valid,Front,Right,One_near,0.35302734375,0.2711181640625,3,43.19288479623611,-30.513297487965094,18.451896881280064
2654,6,Valid,Front,Right,Three,0.2901611328125,0.1448974609375,1,60.50887056735465,-33.49791887925957,28.29221133178636
2655,6,Valid,Front,Right,Zero,0.3385009765625,0.1448974609375,2,48.7473242602198,-28.867555549352254,18.074216546593775
2656,6,Invalid,Front,Left,Three,0.7320556640625,0.2510986328125,1,50.18454492984347,-10.067785562902788,8.433070094987515
2657,6,Invalid,Rear,Left,One_far,2.4451904296875,0.5400390625,1,129.47450932697257,-22.671447870170297,10.071402134187098
2658,6,Valid,Front,Right,One_far,0.31298828125,0.0625,1,57.687982266745955,-32.96343784570616,26.10355964889424
2659,6,Valid,Rear,Right,Three,2.0648193359375,0.756591796875,1,141.9445232457414,-16.658038787794364,6.171421978846574
2660,6,Valid,Rear,Left,Three,2.3306884765625,0.5667724609375,1,140.98730628798342,-22.159939458484605,8.725706679652012
2661,6,Valid,Front,Right,Zero,0.29052734375,0.271484375,2,57.08868070570615,-29.100526335211814,22.730732084844508
2662,6,Valid,Front,Left,Three,0.71337890625,0.1923828125,1,57.415759860475,-7.316988219295088,16.140720360944062
2663,6,Valid,Front,Left,Three,0.1890869140625,0.956298828125,2,33.682605707563084,-9.886657776371948,8.60685375818347
2664,6,Valid,Front,Left,One_far,0.4593505859375,0.358154296875,1,46.15078549818996,-7.258137947346819,6.377511143769719
2665,6,Valid,Front,Left,One_near,0.4786376953125,0.208984375,1,-48.52485010400779,-28.727690172281086,92.03927730495525
2666,6,Valid,Front,Right,One_far,0.3544921875,0.2958984375,1,30.359354191488986,-17.805468837797836,12.963680399419266
2667,6,Valid,Rear,Left,Zero,1.0968017578125,0.5042724609375,1,137.45787118641366,-27.317762113610254,12.40373540042141
2668,6,Valid,Rear,Left,One_far,1.47265625,0.4195556640625,2,125.24503379695443,-27.283471847658525,16.326450277414008
2669,6,Invalid,Front,Right,One_far,0.291259765625,0.4642333984375,1,45.970692180970836,-22.430055108275077,11.06690719831078
2670,6,Valid,Front,Left,Zero,0.292724609375,0.3936767578125,1,53.62952191496153,-7.13372920512112,12.645537773405977
2671,6,Valid,Rear,Right,Zero,0.921142578125,0.44287109375,2,149.0081080763561,-24.39864691405313,16.048222317166516
2673,6,Valid,Rear,Left,Three,1.2119140625,1.036865234375,2,129.9760702709575,-18.9906848011533,7.225876733144422
2674,6,Valid,Rear,Right,One_near,0.9599609375,0.6861572265625,2,144.59068048109384,-24.186042563542216,12.577089055399743
2675,6,Valid,Rear,Right,Three,1.8995361328125,0.67041015625,1,158.7964225716309,-20.649372381603982,23.486002009077506
2676,6,Valid,Rear,Right,One_far,1.3140869140625,0.1895751953125,2,127.48530175244764,-21.606969226626273,10.777389693634438
2677,6,Valid,Front,Right,Zero,0.29052734375,0.16845703125,1,63.11181018092762,-34.3147675204968,30.646442291157364
2678,6,Valid,Front,Right,Zero,0.2911376953125,0.3536376953125,3,52.71533879712804,-25.69253320845143,17.308247876665398
2679,6,Valid,Rear,Left,One_far,1.2720947265625,0.565185546875,1,131.73874749742953,-27.437329314506048,13.147069383255516
2680,6,Valid,Rear,Right,Three,1.785888671875,0.564453125,1,-130.33676694248197,-6.277211702977378,266.47956856211067
2681,6,Invalid,Rear,Right,Zero,1.234130859375,0.5238037109375,1,-112.41476917531243,-5.458812218822874,248.5979320282038
2682,6,Invalid,Front,Left,Three,0.6893310546875,0.0625,1,61.165842293336674,-26.60343140712213,24.034954407989822
2683,6,Valid,Front,Right,One_near,0.33349609375,0.3133544921875,1,38.002772174996764,-19.810120579916422,8.684687077945345
2684,6,Valid,Rear,Right,Three,1.7724609375,0.0830078125,1,0.0,0.0,136.82470537150812
2685,6,Valid,Rear,Left,One_near,1.89501953125,0.4344482421875,2,-161.87127315511827,-20.31040501932095,297.9186059522304
2687,6,Invalid,Front,Left,One_far,0.351318359375,0.1656494140625,1,62.083783042525,-23.812201271276148,23.249387086934085
2688,6,Valid,Rear,Right,Three,1.640869140625,0.6234130859375,1,145.18257410783426,-25.93343938577983,14.27794677285182
2689,6,Invalid,Rear,Right,Three,1.415771484375,0.31494140625,3,135.18264804310982,-19.470718821000013,4.544820238235606
2690,6,Valid,Rear,Left,Three,1.020751953125,0.45947265625,2,123.98241215792123,-18.38314059928795,12.484712966529502
2691,6,Valid,Front,Left,Zero,0.269775390625,0.145263671875,1,63.719192795933786,-24.217148845068426,24.870637945989348
2692,6,Valid,Front,Right,One_far,0.3316650390625,0.2955322265625,1,52.842195133621495,-20.143111291329497,13.499808686060616
2693,6,Valid,Front,Right,Three,0.3740234375,0.2686767578125,1,43.5105105618555,-18.86685179688345,6.9333920557301365
2694,6,Valid,Rear,Left,Zero,1.18896484375,0.415771484375,1,126.59023239692218,-22.57202403670867,12.078049277777717
2695,6,Valid,Rear,Left,One_near,1.9005126953125,0.5616455078125,1,144.14227253919816,-22.48933913245542,11.062856897904291
2696,6,Valid,Front,Right,One_near,0.2935791015625,0.6004638671875,2,0.7049282729982737,-12.796240937609161,41.300940671871146
2697,6,Valid,Rear,Right,One_near,1.9766845703125,0.56494140625,2,145.50837351087648,-21.32209531065731,11.418321064822653
2698,6,Valid,Rear,Right,Zero,0.9556884765625,0.4791259765625,2,139.65032125612248,-20.54049037062114,6.6348985538473135
2699,6,Valid,Front,Right,Zero,0.3739013671875,0.289794921875,1,48.90409956975276,-27.026121479013046,16.445537184151657
2700,6,Valid,Rear,Right,One_near,1.8765869140625,0.0838623046875,1,0.0,0.0,136.82470537150812
2702,6,Valid,Front,Right,Three,0.3521728515625,0.378173828125,1,49.22863776416067,-32.98064823095723,22.09648556830762
2703,6,Valid,Front,Right,Three,0.3333740234375,0.3526611328125,1,43.59763223589073,-24.34790760832603,12.351666670666264
2704,6,Valid,Rear,Left,Three,1.1646728515625,0.0870361328125,2,-0.0,0.0,136.82470537150812
2705,6,Invalid,Front,Right,One_near,0.4149169921875,0.3751220703125,1,30.770427228579504,-20.008836397416076,13.73510093846135
2706,6,Valid,Rear,Right,One_far,1.3572998046875,0.1859130859375,2,142.38751987401062,-28.613567105635333,15.0376068402029
2707,6,Invalid,Front,Right,One_far,0.293701171875,0.1053466796875,1,48.83757085948601,-33.90639237604164,22.8532519286945
2708,6,Valid,Front,Left,Zero,0.3551025390625,0.1075439453125,2,-0.0,0.0,43.70823720993561
2710,6,Valid,Front,Left,One_near,1.4144287109375,0.0621337890625,1,46.555926449898976,-21.599413138446465,10.535431447823028
2711,6,Valid,Rear,Right,Zero,0.9652099609375,0.4608154296875,3,133.35339141256352,-22.719277174538306,8.160378490758905
2712,6,Valid,Front,Right,One_near,0.311279296875,0.49609375,1,40.87498849428034,-24.876296592300825,12.825732162431871
2713,6,Valid,Front,Left,Three,,0.0,0,-0.0,0.0,43.70823720993561
2715,6,Valid,Rear,Right,Three,,0.0,0,0.0,0.0,136.82470537150812
2716,6,Invalid,Front,Right,Three,0.3955078125,0.2706298828125,1,0.0,0.0,43.70823720993561
2722,7,Valid,Rear,Left,Zero,1.51995849609375,0.7357177734375,1,133.22554237508686,-9.355640088663366,6.289388994261904
2723,7,Invalid,Front,Left,Zero,0.414794921875,1.2857666015625,1,48.04854617613247,-11.951032412216383,6.050380334079567
2724,7,Valid,Front,Left,One_near,1.42547607421875,0.97821044921875,3,-3.0235539435665064,1.3647337554360923,46.993823687948854
2725,7,Valid,Front,Right,Zero,0.3720703125,0.56610107421875,1,60.311545575655195,-17.724834997442045,19.155977399176116
2726,7,Invalid,Front,Left,One_near,1.00469970703125,0.79864501953125,2,44.8361155114951,-13.510972483678989,3.167711246979809
2727,7,Invalid,Front,Left,One_far,0.416259765625,0.89410400390625,1,51.259788707735254,-13.288097779988634,9.33569832667676
2728,7,Invalid,Rear,Right,One_far,1.8553466796875,0.93768310546875,2,135.36660913507765,-8.961457152678133,6.071670586149183
2729,7,Valid,Front,Right,One_far,0.3944091796875,0.74786376953125,2,60.544385662768754,-14.49963802992785,18.698997360398213
2730,7,Valid,Front,Left,Zero,0.54638671875,0.39324951171875,1,55.71185461944344,-12.618208898206166,13.721643398912994
2732,7,Valid,Front,Left,Zero,0.167724609375,0.5023193359375,2,52.40346051809031,-12.981849664445766,10.440768629854176
2733,7,Invalid,Front,Left,Three,1.0369873046875,0.5029296875,1,46.3428016952006,-13.698276195359366,4.627571000048471
2735,7,Valid,Front,Left,One_far,0.39422607421875,0.43609619140625,1,56.96676589616307,-14.387649208050574,15.140588505393186
2737,7,Valid,Front,Right,One_far,0.41510009765625,0.31207275390625,1,58.402622298359596,-15.20503774731224,16.69392936593651
2738,7,Valid,Front,Right,One_near,0.4560546875,0.51666259765625,1,58.90259981720093,-15.870994146421559,17.31814878769629
2739,7,Invalid,Rear,Right,One_near,1.9140625,0.60406494140625,1,143.5629311191207,-13.368817198612174,7.736839435073445
2740,7,Valid,Front,Right,Zero,0.53704833984375,0.64422607421875,1,59.857682073167275,-19.265668910968277,19.241715619142106
2741,7,Valid,Front,Right,Zero,0.4361572265625,0.457763671875,1,56.07478072934307,-14.36581177499274,14.25599367209395
2742,7,Valid,Rear,Right,Zero,1.158203125,0.66888427734375,1,138.1129866400242,-15.388858997036666,2.148470120922578
2743,7,Valid,Front,Left,One_near,0.936279296875,0.35626220703125,1,49.32117286466853,-12.103677744553435,7.32117378841425
2744,7,Valid,Rear,Right,One_far,1.51885986328125,0.630126953125,1,140.07576233575995,-9.900325932613015,6.528285702324822
2745,7,Valid,Rear,Right,Zero,1.0037841796875,0.52490234375,1,143.37443901495718,-12.014930082335383,7.955689360367762
2746,7,Valid,Rear,Right,One_far,1.483154296875,0.74493408203125,1,143.21325144190982,-16.18338592776935,7.309678420987931
2747,7,Valid,Rear,Left,Zero,1.18682861328125,0.37713623046875,1,135.96700906547673,-7.8737206746510635,7.126355690298963
2748,7,Valid,Rear,Right,One_far,1.35101318359375,0.72930908203125,1,143.1027538940521,-9.184972356300943,9.179523918834608
2749,7,Invalid,Front,Left,One_near,0.91119384765625,0.3717041015625,1,47.038318304530414,-14.445793319511797,5.557643172751593
2750,7,Valid,Rear,Right,Three,1.82757568359375,0.8778076171875,1,139.57972754101587,-10.600429811963334,5.6719191732048255
2751,7,Valid,Front,Left,One_near,0.56524658203125,0.37353515625,1,54.182016854518096,-13.7137739629766,12.288441766446393
2753,7,Invalid,Rear,Right,Three,1.9234619140625,0.37554931640625,2,141.8399999180033,-14.70571919015375,5.847409703220919
2754,7,Valid,Front,Left,Zero,0.56085205078125,0.3919677734375,4,55.2921820435365,-15.950343140758099,13.838614301298273
2755,7,Valid,Front,Right,Zero,0.37353515625,0.68463134765625,1,57.72547766503865,-16.198526967575976,16.25080216781858
2756,7,Valid,Front,Left,One_far,0.54168701171875,0.62005615234375,1,52.5292309078577,-12.000733297210676,10.529698827092282
2757,7,Valid,Front,Left,Zero,0.35546875,0.56451416015625,1,56.5907022991024,-9.973205827690336,14.74489223536077
2758,7,Valid,Front,Left,Three,0.3758544921875,0.4324951171875,1,55.344574470359014,-11.405071464740319,13.362656676876636
2759,7,Valid,Rear,Right,Zero,1.017822265625,0.45806884765625,1,140.209126086837,-15.171481087637037,4.212617734652509
2760,7,Valid,Front,Left,One_near,0.60125732421875,0.68408203125,1,49.761136666661294,-11.785587823283631,7.767502647277431
2761,7,Invalid,Front,Right,One_near,0.45465087890625,0.37506103515625,1,50.38156981888158,-17.697650391845283,10.078908796993465
2762,7,Valid,Front,Right,Three,0.4129638671875,0.47515869140625,1,54.403909675816266,-17.77714804648481,13.641370355925195
2764,7,Valid,Front,Left,Three,0.85174560546875,0.29144287109375,2,54.68632568445431,-17.227619525246833,13.68339655815535
2765,7,Valid,Rear,Right,One_near,2.25994873046875,0.58270263671875,1,139.7939307593961,-14.493381192565712,3.8276067226320336
2766,7,Valid,Front,Left,One_far,0.3719482421875,1.1209716796875,1,52.3288835453874,-15.129120386739219,10.763893608334008
2767,7,Valid,Rear,Right,Zero,1.0543212890625,0.5169677734375,1,139.34792891248787,-12.622006737431976,4.106516767272618
2769,7,Valid,Rear,Right,Three,2.119873046875,0.416015625,1,139.42662423558852,-13.784822747678225,3.635713053375212
2770,7,Valid,Rear,Left,Three,2.4122314453125,0.3516845703125,2,144.61478601828352,-16.26962101351295,8.707839896252512
2771,7,Valid,Rear,Right,One_far,1.595703125,0.62109375,1,138.87415404193658,-11.776646986843739,4.318653274367359
2772,7,Valid,Rear,Right,Three,1.741455078125,0.4326171875,1,144.45311739250235,-12.428943374494684,8.835469756780366
2773,7,Valid,Rear,Right,One_far,1.7034912109375,0.4566650390625,1,139.77566599668066,-13.000052865533752,4.2726387934332
2775,7,Invalid,Front,Right,Zero,0.394287109375,0.646728515625,1,51.574611800477946,-15.355836473886455,10.113044164569882
2776,7,Valid,Rear,Right,One_near,1.8984375,0.43359375,2,140.86043382121088,-12.119759517781748,5.649743548673637
2779,7,Valid,Front,Right,Three,0.4752197265625,0.5606689453125,1,51.51758857537533,-17.446045234426304,10.916258147307033
2780,7,Valid,Front,Right,One_near,0.41650390625,0.620849609375,1,56.65307910526173,-16.559662662178983,15.316700634454252
2781,7,Valid,Front,Left,Three,0.7537841796875,0.35400390625,2,55.631194913290734,-15.462565464152426,14.039812009597345
2783,7,Valid,Rear,Left,One_near,1.24365234375,0.6676025390625,1,130.37664190852783,-10.51350858111274,7.193800211061921
2784,7,Valid,Rear,Left,One_near,0.953125,0.6019287109375,1,131.25820642726202,-16.111641499230995,4.870354515769023
2786,7,Valid,Rear,Right,Zero,1.0855712890625,0.503173828125,1,133.63749353696505,-14.805093318445026,2.370532725443095
2787,7,Valid,Front,Right,Three,0.5909423828125,0.479248046875,1,55.41520592529606,-14.465019352157773,13.62208011113498
2788,7,Valid,Front,Right,One_near,0.392578125,0.459716796875,1,50.08679806149695,-16.823324891506967,9.365153544825633
2789,7,Valid,Front,Right,Zero,0.310546875,0.5008544921875,1,47.75546757205337,-16.463042869574664,7.222295345297382
2790,7,Valid,Rear,Right,Three,1.30810546875,0.50146484375,1,145.14194616082574,-13.719487982931305,9.231191181710722
2791,7,Valid,Front,Right,One_far,0.3748779296875,0.295166015625,1,45.58382660094102,-16.70367676595901,5.834179708497442
2792,7,Valid,Front,Left,Three,0.685546875,0.354248046875,3,54.6164813027061,-21.111878613396378,15.504501172373255
2793,7,Valid,Rear,Left,Three,,0.0,0,108.8054094637686,2.5469836726017996,32.3642146581659
2794,7,Valid,Front,Left,One_near,0.412353515625,0.394775390625,1,59.61584809516204,-16.01539264010823,18.04573089786163
2796,7,Valid,Rear,Right,One_far,1.741455078125,0.4146728515625,1,144.59118042570856,-19.93740802909642,9.908904033891119
2797,7,Valid,Front,Right,One_far,0.556640625,0.5394287109375,1,51.138504381659814,-15.928059140959876,9.907890750321286
2798,7,Valid,Front,Left,One_far,0.577880859375,0.3935546875,2,54.20906216519279,-18.21995405958586,13.65705080333904
2800,7,Valid,Rear,Left,Three,2.07861328125,0.3924560546875,2,151.64491057245706,-15.289054708554271,15.647580625921576
2802,7,Valid,Rear,Left,One_near,1.0775146484375,0.436767578125,1,124.28226273304915,-15.597846285868092,11.732978600458411
2803,7,Valid,Front,Left,One_near,0.582275390625,0.4351806640625,1,46.884329713558785,-14.488417162383925,5.437022465681315
2804,7,Valid,Rear,Right,Zero,1.013427734375,0.417724609375,1,149.32111123155195,-12.457149191532588,13.561640559958185
2805,7,Valid,Front,Right,Zero,0.496826171875,0.310546875,1,57.37963843704316,-12.56151449134901,15.386561476818029
2806,7,Invalid,Rear,Right,One_near,2.3214111328125,0.6220703125,1,137.56828981951588,-13.990059401208713,1.8653452685988359
2807,7,Valid,Front,Right,One_near,0.43359375,0.3099365234375,1,51.67714481132418,-15.7042021814716,10.326538871483669
2808,7,Valid,Front,Right,Three,0.7493896484375,0.2266845703125,2,57.51927156480621,-2.585274359362561,18.20378515361039
2809,7,Valid,Front,Right,One_far,0.6004638671875,0.0,1,25.65275962226104,-0.9232158566855183,19.802847566797688
2810,7,Invalid,Front,Right,Three,0.4566650390625,0.2288818359375,1,47.59427777852222,-15.245131026046852,6.417771656445096
2811,7,Valid,Rear,Right,Three,1.632568359375,0.5618896484375,1,139.47161835680137,-11.677341469498208,4.805433770805356
2812,7,Invalid,Front,Right,Zero,0.4154052734375,0.2266845703125,1,47.888961179924706,-15.815108445353394,6.96289412093824
2813,7,Valid,Front,Right,One_far,0.4541015625,0.35400390625,1,53.47911467867929,-15.969641987194523,12.113802165931597
2814,7,Valid,Front,Right,Three,0.5174560546875,0.12548828125,1,54.40366202356261,-12.112839807741237,12.403668669205581
2815,7,Valid,Front,Right,One_near,0.3934326171875,0.1650390625,1,44.635209787508195,-9.056965268016562,4.025467799428596
2817,7,Valid,Front,Left,One_far,0.4351806640625,0.5423583984375,1,40.831265409314504,-11.099004077119604,1.538809078829459
2818,7,Valid,Rear,Left,One_far,2.431640625,0.4378662109375,1,128.86463883281093,-8.42646183894684,9.701792769434523
2820,7,Valid,Front,Left,Zero,0.543212890625,0.2911376953125,1,48.4714256513298,-8.743138147071678,7.290258668959197
2821,7,Valid,Front,Right,One_near,0.4986572265625,0.230712890625,1,59.411723276071584,-17.457085148716757,18.217202549598404
2822,7,Valid,Rear,Right,Zero,0.9158935546875,0.588134765625,1,140.06521449318967,-15.264658973033837,4.0738204731733925
2823,7,Valid,Rear,Right,One_near,1.12548828125,0.47998046875,1,146.7398710295653,-15.34140456420212,10.745296031666797
2824,7,Valid,Front,Right,Three,0.49755859375,0.2491455078125,1,52.06819794190648,-15.66186786937048,10.679677547391764
2825,7,Invalid,Front,Right,One_far,0.43505859375,0.2313232421875,1,48.327918273249416,-12.013588290995902,6.328508248898541
2826,7,Valid,Rear,Right,One_far,1.1026611328125,0.5181884765625,1,142.58714266073565,-12.777087989453783,6.952106604441145
2828,7,Valid,Rear,Left,One_far,2.3856201171875,0.4403076171875,2,109.6824303149098,-6.3121265064765435,27.714501979451956
2829,7,Valid,Rear,Left,One_near,1.7076416015625,0.3717041015625,1,122.91738959926425,-9.094705527046974,14.353647540250131
2830,7,Valid,Rear,Right,Three,1.1177978515625,0.66357421875,1,143.16892255062356,-14.800872338998195,7.171687553303971
2831,7,Valid,Rear,Right,One_far,0.9952392578125,0.455322265625,1,143.0487390343524,-16.10105903916627,7.134217054599115
2832,7,Invalid,Front,Right,One_far,0.4959716796875,0.2913818359375,1,53.234626458892436,-15.982506643429035,11.886576021172647
2833,7,Valid,Front,Left,One_near,0.5799560546875,0.24951171875,1,56.64361639022015,-12.93694778384446,14.66751453303546
2834,7,Valid,Front,Left,One_near,0.47802734375,0.2696533203125,1,48.016538149741606,-11.261376828438562,6.074703295731893
2835,7,Valid,Rear,Left,One_far,1.2459716796875,0.3345947265625,1,133.6992579948095,-10.90682883634096,4.695472707774789
2836,7,Valid,Rear,Right,Three,1.116943359375,0.5198974609375,1,141.6547609883169,-13.16586663050032,5.944776450978027
2837,7,Invalid,Rear,Right,Zero,2.2288818359375,0.3511962890625,1,138.39001174213863,-10.604783443369854,5.003007566178195
2838,7,Valid,Rear,Right,One_near,1.01416015625,0.5416259765625,1,143.48231543992068,-12.79940937841646,7.7992078717185676
2840,7,Valid,Rear,Left,One_far,2.201416015625,0.3392333984375,1,126.59820040794328,-5.020817100391482,13.710504254513651
2841,7,Valid,Rear,Left,One_near,1.243408203125,0.3931884765625,1,128.62806726766064,-18.73743493040704,8.265217000730418
2842,7,Invalid,Front,Right,Three,0.4742431640625,0.478271484375,1,58.95292176371345,-15.66116881922319,17.32291775901498
2843,7,Valid,Front,Right,One_far,0.4344482421875,0.353515625,1,48.75336481772808,-9.7324787447477,7.1563323885492345
2844,7,Valid,Front,Right,Zero,0.414306640625,0.270263671875,1,48.48203379317769,-17.012638416542693,8.133312874074663
2845,7,Invalid,Front,Right,One_near,0.37109375,0.412841796875,1,50.05143341065717,-15.127488859945485,8.601817759249526
2846,7,Invalid,Front,Left,Three,0.5570068359375,0.1444091796875,1,61.118267853841346,-12.686930618399105,19.127275113879595
2847,7,Invalid,Front,Left,Zero,0.4139404296875,0.500244140625,1,56.67319651855296,-12.13860080014042,14.673247292056598
2848,7,Invalid,Rear,Left,One_near,2.3857421875,0.4190673828125,1,121.96450162772759,-10.390744616954873,14.772963471971089
2850,7,Invalid,Rear,Right,One_far,1.3743896484375,0.43896484375,1,131.38978236587272,-15.564351339975707,4.644631209143577
2851,7,Valid,Rear,Left,One_far,1.184326171875,0.392822265625,1,138.4386088804901,-13.873105428771686,2.6863924967638413
2852,7,Valid,Front,Left,Zero,0.4775390625,0.1893310546875,1,55.37110324239023,-11.824437436081888,13.373942449602943
2853,7,Valid,Front,Left,One_far,0.4156494140625,0.124267578125,1,54.625242024995394,-11.608381682796548,12.634810040500005
2854,7,Valid,Front,Left,Three,0.4151611328125,0.37451171875,1,46.84411707550844,-10.91847595091782,4.986127687874832
2855,7,Valid,Rear,Left,Zero,1.0321044921875,0.4149169921875,1,130.30157919444378,-12.910523397895817,6.069424367099148
2856,7,Valid,Front,Right,Three,0.4158935546875,0.2071533203125,1,36.96482551686196,-11.570269208892702,5.062963241688767
2857,7,Valid,Rear,Right,One_near,1.09765625,0.3759765625,1,142.5135564408351,-13.608655263071523,6.660499807441093
2858,7,Invalid,Rear,Right,Zero,2.1859130859375,0.4354248046875,1,134.08767327723479,-15.422740559646886,1.9584951047609258
2859,7,Valid,Rear,Right,Three,1.473876953125,0.4344482421875,1,138.47053744570294,-14.340032549699696,2.5571688067228404
2860,7,Invalid,Front,Left,One_far,0.561767578125,0.145263671875,1,51.16572314064197,-9.116683320275031,9.639017538236194
2861,7,Valid,Rear,Left,Three,2.5716552734375,0.3310546875,1,128.52072149364884,-10.264313348419071,8.852476209373753
2862,7,Valid,Front,Left,Three,0.4766845703125,0.2701416015625,1,46.88300137745461,-11.661732712687503,4.902629974549567
2863,7,Invalid,Rear,Left,Zero,2.1744384765625,0.5435791015625,1,119.71929750769984,-8.25152351412053,17.623938507701876
2864,7,Valid,Rear,Left,One_far,2.18505859375,0.3343505859375,1,128.50337984316263,-10.319934371103308,8.837552153547977
2865,7,Invalid,Rear,Right,Three,2.400390625,0.435791015625,1,135.2614214308153,-16.266626178608735,1.4662333304068293
2866,7,Valid,Front,Right,One_near,0.4969482421875,0.3326416015625,1,47.04338153507141,-13.040252857376235,5.130279986911381
2867,7,Invalid,Rear,Left,Zero,2.2999267578125,0.499755859375,1,128.57388991643273,-10.254211976025221,8.813036647022516
2868,7,Valid,Front,Right,One_near,0.560302734375,0.3314208984375,1,45.53977122613811,-13.834518323703637,3.941894740941082
2869,7,Valid,Front,Right,Three,0.4344482421875,0.3291015625,1,44.4191889781846,-14.37679185063021,3.32208615831468
2871,7,Valid,Rear,Left,One_near,1.0384521484375,0.65625,1,125.0572457764648,-11.504323059989995,11.487542263931623
2872,7,Valid,Front,Left,One_far,0.4334716796875,0.4404296875,1,55.302839294092735,-11.341419145399975,13.324450390069504
2873,7,Valid,Front,Left,Three,0.4561767578125,0.2933349609375,1,51.784017376966915,-10.867887797477406,9.86129284183345
2874,7,Invalid,Rear,Left,Three,2.282958984375,0.3148193359375,1,125.87292213670109,-4.59812606483106,14.5174614658509
2875,7,Valid,Rear,Left,One_far,1.1220703125,0.3533935546875,1,137.58549534371164,-12.196328859687409,3.220926473540339
2876,7,Valid,Rear,Left,Zero,0.950927734375,0.3551025390625,1,130.28769932521996,-9.057172661400946,8.243031952837063
2877,7,Invalid,Rear,Left,One_near,2.2047119140625,0.434814453125,1,136.30529703055566,-8.665938482010146,6.341414794077584
2878,7,Valid,Front,Right,One_far,0.517822265625,0.3551025390625,1,53.00456328696372,-14.89835230752582,11.354787042204928
2879,7,Valid,Front,Left,Zero,0.5172119140625,0.373779296875,1,53.674500316574964,-10.680337789538529,11.7605016233799
2880,7,Valid,Front,Right,Zero,0.5008544921875,0.2071533203125,1,47.02369625922481,-13.150112206437177,5.13227627384358
2882,8,Valid,Front,Right,Three,0.37591552734375,0.521087646484375,1,-43.49458878120435,-13.624584322546287,85.50818129409483
2883,8,Valid,Front,Right,One_far,0.377838134765625,1.88885498046875,1,39.59725414259052,-13.958318073178411,3.0375209820509768
2884,8,Invalid,Front,Left,Three,0.74957275390625,0.43603515625,1,47.18194655615151,-10.956345829093648,5.306648186326466
2885,8,Invalid,Front,Left,One_far,0.289337158203125,0.852508544921875,1,52.591189742725625,-12.160820242356387,10.591364372369444
2886,8,Valid,Front,Right,One_near,0.41485595703125,0.372772216796875,1,-44.670453817998066,-15.438544205275639,86.73473031276637
2887,8,Valid,Front,Left,Zero,0.352935791015625,0.81072998046875,1,53.75360834102415,-13.456557086258218,11.831633706402078
2888,8,Valid,Front,Right,One_near,0.356903076171875,0.37811279296875,1,-37.01893781943288,-15.350971826237968,79.08578476519274
2889,8,Valid,Rear,Left,One_far,1.49261474609375,0.868927001953125,1,77.0293004731921,-6.29484715605505,59.609756657090166
2890,8,Valid,Rear,Right,Zero,1.11920166015625,0.80633544921875,1,127.75465103194644,-15.114928195277168,8.246149895257277
2892,8,Valid,Front,Left,One_near,0.59814453125,0.783935546875,1,51.708074902201375,-13.21000922710488,9.77132738122156
2893,8,Valid,Rear,Right,Three,1.88482666015625,0.331573486328125,2,130.10461283165057,-21.769031570396407,8.976378906093613
2895,8,Valid,Rear,Left,Zero,1.199859619140625,0.70147705078125,1,133.85352343239356,-11.932728033845631,3.7437306219384987
2896,8,Valid,Front,Right,Three,0.805267333984375,0.2890625,1,45.20533524396247,-19.66936895896878,8.220068154412594
2897,8,Valid,Rear,Right,One_near,2.17584228515625,0.56304931640625,1,26.78570711765605,10.568352396918323,112.167296544418
2898,8,Valid,Rear,Left,Three,1.199127197265625,0.62347412109375,2,131.10671261126421,-10.238302013361634,6.827739683432325
2899,8,Valid,Front,Left,Three,0.351837158203125,0.606414794921875,1,56.20863893482349,-16.330011174545653,14.824925460755717
2900,8,Valid,Rear,Left,Three,1.10284423828125,0.733673095703125,1,133.98503472029432,-12.553370270840027,3.169555506696291
2901,8,Valid,Front,Right,Zero,0.330291748046875,0.83642578125,1,46.15021400187979,-15.558949205301523,5.402648042048926
2902,8,Valid,Front,Left,One_far,0.309814453125,0.6077880859375,1,53.37676621994393,-13.407358727640766,11.451637283200853
2903,8,Valid,Rear,Left,One_near,1.18585205078125,0.6019287109375,1,134.19782887867518,-16.26353228369893,2.200984911917068
2904,8,Valid,Front,Left,One_near,0.6011962890625,0.4356689453125,1,53.527270933612,-14.025281849709346,11.686945083199303
2905,8,Valid,Rear,Right,Three,2.16876220703125,0.57879638671875,1,123.5364521128016,-20.975152061720955,13.821811317521881
2906,8,Valid,Front,Right,One_near,0.7032470703125,0.10443115234375,1,34.35721004719064,-20.465691548039707,11.331241473894496
2907,8,Valid,Front,Right,Zero,0.28857421875,0.72357177734375,1,37.07130896116669,-18.59187685770323,8.150856426895183
2909,8,Valid,Rear,Right,Three,2.39215087890625,0.48388671875,1,118.65166016684768,-14.406789628028871,17.35847900917456
2910,8,Valid,Rear,Right,One_near,1.11468505859375,0.60357666015625,1,128.41450440356667,-15.799285324152477,7.627489788450393
2911,8,Valid,Rear,Right,One_far,1.05804443359375,0.41790771484375,1,135.98987048458537,-18.749781432887854,3.7497951146046664
2912,8,Valid,Front,Right,Three,0.457275390625,0.35443115234375,1,36.773539997295174,-11.671771883251836,5.243974015939344
2913,8,Valid,Front,Left,One_far,0.85284423828125,0.5830078125,2,44.322695573367135,-14.864290055839293,3.610569794277807
2914,8,Invalid,Front,Left,Zero,0.3577880859375,0.2708740234375,1,3.3256491225099163,2.1668397072976036,41.2219374972713
2915,8,Valid,Rear,Left,One_near,1.24566650390625,0.78857421875,3,105.79308208663501,-7.821426728557986,31.048185197177506
2916,8,Valid,Front,Right,One_near,0.30908203125,0.474365234375,1,39.71304528589121,-16.65168906926011,5.093921401789234
2917,8,Invalid,Front,Right,Three,,0.0,0,-3.287011352669826,-5.666718621724674,45.741671444634704
2918,8,Valid,Rear,Right,Zero,1.24029541015625,0.53863525390625,1,130.30488764679168,-17.581823289805598,6.25300857311491
2919,8,Valid,Rear,Left,Three,1.26287841796875,0.7669677734375,1,65.53875890739954,-6.521570944538659,70.96950229188633
2920,8,Valid,Rear,Left,Three,1.13531494140625,0.501953125,2,133.964231247434,-14.248779973201682,2.169950677454916
2921,8,Invalid,Rear,Left,Zero,2.28594970703125,0.4168701171875,2,130.17888049452654,-11.566682767886089,6.758187590865907
2922,8,Valid,Front,Left,One_far,0.35504150390625,0.7657470703125,1,51.51094715325971,-10.286971279380621,9.682209917879785
2923,8,Invalid,Front,Left,One_near,0.62322998046875,0.31060791015625,1,48.91815744696147,-10.586697732716171,7.081736101628954
2925,8,Valid,Front,Left,Three,0.53790283203125,0.25006103515625,1,48.22986508740179,-12.261356066442579,6.231954331299737
2926,8,Valid,Front,Left,One_far,0.267578125,0.64007568359375,1,54.16980845923651,-14.972236608440905,12.50415855103304
2927,8,Valid,Rear,Left,One_far,1.11651611328125,0.6826171875,1,128.550460347891,-11.778610613182355,8.116217752737144
2928,8,Valid,Front,Right,Zero,0.33099365234375,0.4344482421875,1,40.87883262950486,-17.252072229093855,5.272652513343081
2930,8,Valid,Front,Left,One_near,0.41552734375,0.54046630859375,1,54.51229937614959,-14.327856482631038,12.709090454694017
2931,8,Valid,Front,Right,One_far,0.30975341796875,0.620849609375,1,38.30433299868536,-16.582141381742908,5.809263804522752
2932,8,Valid,Front,Left,One_far,0.28973388671875,0.62359619140625,1,54.77247408605324,-13.161110608945977,12.816475724758321
2933,8,Valid,Front,Left,One_near,0.37164306640625,0.55938720703125,1,49.164094597432594,-12.776233199267798,7.195939323031765
2934,8,Valid,Front,Left,Zero,0.2889404296875,0.7220458984375,1,44.15618242535618,-11.292655487838108,2.3023743858748893
2935,8,Invalid,Front,Left,Three,,0.0,0,2.700111492618977,4.539354676349925,42.67726983697466
2936,8,Invalid,Rear,Right,Three,2.401123046875,0.5614013671875,1,128.02553685766995,-17.979182938036576,8.512789988403846
2937,8,Valid,Rear,Right,Three,1.40985107421875,0.47503662109375,1,136.488597452956,-17.193539884753434,2.24729719820036
2938,8,Valid,Rear,Right,Zero,1.0565185546875,0.57806396484375,1,132.8429573857289,-17.962291041021516,4.3292131248114805
2939,8,Valid,Rear,Left,One_far,1.1192626953125,0.704833984375,1,130.4756656745049,-16.34250211618404,5.685119319047043
2940,8,Invalid,Front,Right,One_near,0.59857177734375,0.475830078125,1,34.41329019019769,-17.73810580190108,9.452322612542444
2941,8,Valid,Front,Left,One_near,0.582275390625,0.62158203125,1,52.15760620845978,-11.754106425163778,10.163493801407746
2942,8,Invalid,Rear,Right,Zero,2.05517578125,0.4332275390625,1,82.25037710730157,-10.343584208889716,53.95094224503398
2943,8,Valid,Front,Left,Three,0.4366455078125,0.166015625,1,4.688876150327051,2.5165691460005544,40.07198593188824
2944,8,Invalid,Rear,Right,One_near,2.40411376953125,0.37371826171875,1,55.4445716096144,-5.5609647325457345,81.10654985843492
2945,8,Valid,Front,Right,Three,0.3968505859375,0.49700927734375,1,37.619574317722126,-16.298062605490134,6.067277708954337
2946,8,Valid,Front,Right,One_far,0.49798583984375,0.53814697265625,1,32.49584006802095,-18.090063774576464,11.23431885056363
2947,8,Valid,Front,Right,One_far,,0.0,0,-3.167547026352187,3.5069353535819103,47.78790365258369
2948,8,Valid,Front,Right,Zero,0.30975341796875,0.2269287109375,1,-4.490653041476158,4.410789249573252,49.335453599482996
2949,8,Valid,Rear,Right,Zero,1.49560546875,0.5594482421875,1,37.674611105062155,5.306017321131719,100.40028107922242
2950,8,Valid,Rear,Right,One_near,2.30010986328125,0.453857421875,1,124.40980679817632,-19.399339803560483,12.397046791990077
2951,8,Valid,Rear,Left,Zero,1.2379150390625,0.58154296875,1,64.99806454453412,-1.1433896952723301,72.34141612906971
2952,8,Valid,Front,Left,Zero,0.5789794921875,0.45416259765625,1,-9.565474565178807,7.8685239159016005,55.29683638791677
2953,8,Valid,Rear,Left,Zero,1.0323486328125,0.47930908203125,1,133.81885137563867,-15.969680146439096,2.3869832232237114
2954,8,Valid,Front,Right,One_near,0.4129638671875,0.1451416015625,1,-2.3061027895854913,5.160318592327759,47.54944103046818
2955,8,Valid,Front,Left,One_far,,0.0,0,5.671830670147363,3.1842827841468977,39.41250039117304
2956,8,Valid,Rear,Left,Zero,1.12725830078125,0.56170654296875,1,127.81089522019974,-16.04586640320786,8.255620729412563
2957,8,Valid,Front,Right,One_near,0.41241455078125,0.12322998046875,1,0.6723436098453517,3.497300578706996,44.17296648455053
2958,8,Valid,Front,Right,Zero,,0.0,0,-1.563493818632905,2.3351073891037997,45.89281337008036
2959,8,Valid,Rear,Left,One_near,1.2191162109375,0.37103271484375,1,137.02141998574822,-18.383449794571913,3.534265312575532
2960,8,Valid,Front,Right,One_far,,0.0,0,2.4947667235897133,1.9675100161781525,41.935167750694255
2961,8,Valid,Front,Right,Zero,,0.0,0,12.43614399103788,-5.268063912210832,30.342988198697267
2962,8,Invalid,Rear,Left,One_near,1.2659912109375,0.3924560546875,1,25.70101137168831,6.757382003074577,112.42442156424976
2963,8,Valid,Front,Right,One_near,0.415771484375,0.226806640625,1,23.03574433017096,-15.11207479127296,19.20196832772268
2964,8,Invalid,Rear,Right,One_far,2.2608642578125,0.4571533203125,1,87.77840347098994,-11.208753945424837,48.37040333151013
2965,8,Valid,Front,Right,One_far,0.349853515625,0.293212890625,1,2.302441492952723,2.28533339903584,42.2236186088054
2966,8,Valid,Rear,Left,Three,1.632080078125,0.5404052734375,1,129.9224538683274,-8.116207356350607,9.18276473309482
2967,8,Valid,Rear,Right,One_far,1.2608642578125,0.3984375,1,130.93731910281124,-16.529516593913346,5.288682149441033
2968,8,Valid,Front,Left,One_near,1.07275390625,0.3551025390625,1,53.85196804805088,-12.215195076220693,11.852527853483595
2969,8,Valid,Rear,Left,One_far,1.2215576171875,0.3787841796875,1,138.02764161732225,-15.612940377662433,2.1182602377578963
2970,8,Valid,Front,Left,Zero,0.5379638671875,0.3302001953125,1,54.28865352245592,-9.800246069202238,12.501994782321258
2971,8,Valid,Rear,Right,Zero,1.013916015625,0.4979248046875,1,134.96870476324173,-14.029678397255628,1.4160133749766275
2972,8,Valid,Rear,Right,Three,2.0867919921875,0.37451171875,1,135.14986791478395,-19.457277394997238,4.537625627822016
2973,8,Valid,Rear,Right,One_far,1.1405029296875,0.3944091796875,1,135.56496692518454,-18.380111822273317,3.4079920345058383
2974,8,Invalid,Front,Right,One_near,0.414794921875,0.2689208984375,1,28.5861498860628,-18.50914886976281,14.86635678685114
2975,8,Valid,Front,Left,One_far,0.5780029296875,0.515869140625,2,54.736257957085634,-11.941642310447262,12.737242398072969
2976,8,Valid,Front,Left,Zero,0.5804443359375,0.185546875,1,49.690690503903674,-8.285580836421216,8.584667377499912
2977,8,Valid,Rear,Right,One_near,1.21044921875,0.3311767578125,1,134.2713574555809,-14.303795562702359,1.8635733591379424
2978,8,Valid,Rear,Right,One_near,1.185302734375,0.250244140625,1,130.6557625151888,-16.733039935471503,5.618211611536204
2980,8,Valid,Rear,Right,One_near,1.0546875,0.4351806640625,2,127.32480572573613,-16.894146273942486,8.87957126235895
2981,8,Valid,Rear,Right,Three,1.5711669921875,0.4000244140625,1,131.21742128423713,-16.505467580006837,5.013929776823727
2982,8,Valid,Rear,Left,Zero,0.9951171875,0.60546875,1,127.02957747241793,-16.340689632955627,9.070056726132789
2983,8,Valid,Front,Left,Zero,0.4560546875,0.516845703125,1,45.31423478794151,-6.742390937614072,6.299851354989379
2984,8,Valid,Rear,Left,Three,1.55810546875,0.560791015625,1,125.18022319760391,-15.095452893464172,10.820197840545212
2985,8,Invalid,Front,Right,Zero,0.4605712890625,0.271728515625,1,-0.9261877586747201,2.825905498307035,45.44711487473531
2987,8,Valid,Rear,Right,One_far,1.381591796875,0.4130859375,1,133.1232685059813,-16.33098925069678,3.169718674291067
2988,8,Valid,Front,Right,Three,0.3720703125,0.268798828125,1,0.1575143321393666,3.411081496750003,44.624962252801325
2989,8,Invalid,Rear,Left,One_near,2.469482421875,0.3780517578125,1,135.87093322220764,-15.36197165378182,0.38429378250402185
2990,8,Invalid,Rear,Left,One_far,2.1944580078125,0.5616455078125,1,52.62699112564723,8.579538658946879,86.64325277903453
2991,8,Valid,Front,Left,One_near,0.3968505859375,0.3941650390625,1,8.95617610195275,2.5850323650483626,36.15998442156297
2992,8,Valid,Front,Right,Zero,,0.0,0,1.786861367365147,2.5560687877333867,42.800664375664574
2994,8,Invalid,Front,Right,One_far,,0.0,0,-1.8011446409230396,4.043857239586105,46.681520952376836
2995,8,Valid,Front,Left,One_near,,0.0,0,5.461974398986915,3.89239942982369,39.884635567387505
2996,8,Valid,Rear,Left,One_far,1.37060546875,0.586181640625,1,15.144626900067657,1.151457263415566,121.92986007888219
2997,8,Valid,Rear,Left,Zero,1.2855224609375,0.5252685546875,1,127.70430995712051,-14.086927669983858,8.345787821851868
2998,8,Valid,Front,Right,Zero,,0.0,0,0.950559248082833,2.9926060292561587,43.73606455546152
3001,8,Valid,Front,Right,One_near,,0.0,0,10.685555468255718,-2.0988608977917598,32.8727428072774
3002,8,Valid,Rear,Left,One_near,1.2435302734375,0.5361328125,1,125.7581359443935,-13.000149532470124,10.435285392647575
3003,8,Valid,Rear,Right,One_far,1.1785888671875,0.7677001953125,1,124.40327657585075,-18.24073976850253,12.041029375571078
3004,8,Valid,Rear,Left,One_far,1.1595458984375,0.4332275390625,1,123.97641456480004,-16.348239174206356,12.098940267164613
3005,8,Valid,Front,Left,Zero,0.62060546875,0.5032958984375,1,47.76764615339,-11.117866371055971,5.850669074201445
3006,8,Valid,Rear,Left,Three,1.1553955078125,0.4761962890625,2,125.43845485438732,-16.07012578141595,10.615620803837425
3007,8,Valid,Front,Left,Three,0.371337890625,0.4158935546875,1,2.992911464569362,2.569123954587128,41.67416650163464
3008,8,Valid,Rear,Right,One_far,1.19873046875,0.5386962890625,1,128.86985210323044,-17.71851067999977,7.6308131511052055
3009,8,Invalid,Rear,Left,Zero,2.1395263671875,0.559326171875,1,117.700502886703,-14.087567782124626,18.32223040876252
3010,8,Invalid,Front,Right,Zero,0.310302734375,0.2890625,1,2.740524129427881,1.5455601399704775,41.563298198838666
3011,8,Valid,Rear,Left,One_far,1.3675537109375,0.5584716796875,1,123.99161724890197,-15.906070475397495,12.042517178864875
3012,8,Valid,Front,Right,Three,0.4364013671875,0.16650390625,1,3.044734273322307,0.0654166757308751,40.81066148361505
3013,8,Valid,Front,Right,Three,0.685546875,0.3096923828125,1,27.21334987527336,-13.825078706681786,14.886937846828182
3014,8,Valid,Front,Left,Three,,0.0,0,7.130102828810035,1.5090310378479466,37.43147678783821
3015,8,Valid,Rear,Right,Zero,1.143798828125,0.7706298828125,1,122.40447592905585,-17.582203448779072,13.838571075602726
3016,8,Invalid,Front,Right,One_far,,0.0,0,-1.5240754411738935,2.5108626365395845,45.911027542332626
3017,8,Valid,Rear,Left,One_near,1.3076171875,0.5211181640625,1,115.91591803026434,-11.231439725296624,20.434588205078505
3018,8,Valid,Rear,Left,One_near,1.287353515625,0.4564208984375,1,101.19087843718027,-9.638332081716756,35.21963127065797
3019,8,Valid,Front,Right,Three,0.393310546875,0.24755859375,1,-2.2531741828320215,3.4099565623360997,46.892453314170105
3020,8,Invalid,Front,Left,One_far,0.7264404296875,0.1444091796875,1,40.82682089980172,-9.01664020322438,3.299008462783059
3021,8,Valid,Rear,Right,Three,1.38818359375,0.580322265625,1,120.53242982809046,-15.198479128865948,15.468843556890127
3022,8,Valid,Rear,Left,One_near,1.1365966796875,0.56591796875,1,84.70433505784985,4.022862624132715,54.70936431977581
3023,8,Valid,Rear,Right,One_far,1.114990234375,0.4600830078125,1,128.9732926628548,-17.968982889183938,7.628202632216671
3024,8,Valid,Front,Left,Three,,0.0,0,2.287437581312002,3.788304542889117,42.7729568197685
3025,8,Valid,Rear,Left,One_far,1.1170654296875,0.460205078125,1,95.80306444717006,-3.3278641777429336,41.85728589495
3026,8,Valid,Front,Left,One_far,0.557373046875,0.24951171875,1,3.3357387272068824,3.544311322545003,41.70934639295513
3027,8,Valid,Rear,Right,One_near,1.13916015625,0.5006103515625,1,120.11002889739227,-16.58880601191016,15.969204306576787
3028,8,Valid,Rear,Left,One_near,1.0982666015625,0.5595703125,1,123.05496204998751,-12.48793292190336,13.186526780472581
3029,8,Valid,Rear,Left,Three,1.1016845703125,0.5164794921875,1,127.89312802058201,-14.293438195097503,8.13760424663301
3030,8,Invalid,Front,Right,Three,0.3955078125,0.31103515625,1,1.1092668182446228,1.8770736586819945,43.213547044899386
3031,8,Valid,Rear,Left,Zero,1.1026611328125,0.622802734375,1,127.28041431457895,-13.063264848413265,8.932083607579555
3033,8,Invalid,Front,Left,One_near,0.5157470703125,0.2271728515625,1,1.2252152044521536,3.112873390785723,43.52027793945388
3034,8,Invalid,Front,Left,Zero,,0.0,0,3.975858255198293,3.836216461863654,41.228610824864646
3035,8,Valid,Front,Left,Zero,0.5169677734375,0.0836181640625,1,28.99759640599126,-5.371194163692255,14.640332209489667
3036,8,Valid,Front,Right,One_far,0.3729248046875,0.2677001953125,1,5.83004419910644,-1.2325216177660203,37.76728463931338
3037,8,Invalid,Rear,Right,One_far,2.1529541015625,0.6015625,1,104.90873187057304,-14.047540664706794,31.105853672280208
3038,8,Valid,Front,Right,One_far,0.3291015625,0.2281494140625,1,1.177749726114754,3.0668775574045886,43.548711717627505
3039,8,Valid,Front,Left,Three,,0.0,0,3.279445391434,3.656645354930607,41.80374650717322
3040,8,Valid,Rear,Left,Zero,1.05517578125,0.4376220703125,1,119.55037298962077,-14.517366398435167,16.456705744891877
3041,9,Valid,Rear,Right,One_near,,0.0,0,-143.388149345351,-19.003095573182463,279.416826209139
3042,9,Valid,Front,Right,Zero,0.356048583984375,0.04132080078125,1,60.34541586919571,-34.94448254483036,29.29888506675291
3043,9,Invalid,Rear,Right,One_far,,0.0,0,152.23074645642401,-41.0242206873542,30.670787288832923
3045,9,Valid,Front,Right,One_far,0.352264404296875,0.20989990234375,1,62.915578644177195,-33.93916565767746,30.239222652777293
3046,9,Valid,Rear,Left,Zero,,0.0,0,132.88012315809283,-38.114603360808275,23.324204596001938
3047,9,Valid,Front,Right,One_near,0.3961181640625,0.08319091796875,1,64.27210273866402,-34.003729684936935,31.238116692790438
3048,9,Valid,Front,Right,Zero,0.353424072265625,0.187408447265625,1,46.00640956128081,-27.883862272128475,16.284398232610346
3049,9,Valid,Rear,Left,Zero,1.525238037109375,0.12506103515625,1,133.44148211694687,-34.29858192553433,19.46744148814792
3050,9,Valid,Front,Left,One_far,0.3773193359375,0.189117431640625,2,39.650956942841766,-31.659395652670547,19.699948263436905
3051,9,Valid,Front,Left,Zero,,0.0,0,27.867843602052492,-28.322379967501895,21.514726497588935
3052,9,Valid,Rear,Right,One_near,,0.0,0,-129.5901910221711,-7.934886905012478,265.6841459143513
3053,9,Valid,Front,Left,Three,0.45849609375,0.0,1,49.304361363278375,-38.74146916108031,27.624655183117618
3054,9,Valid,Front,Left,One_far,0.46038818359375,0.2060546875,3,36.407666994068926,-30.298777711469157,19.038636995349552
3055,9,Valid,Front,Right,Zero,0.333282470703125,0.2303466796875,2,44.94066102068128,-31.384589314841122,19.507508100232553
3056,9,Valid,Rear,Left,Zero,0.954864501953125,0.04302978515625,2,128.18103023965114,-36.86332352587052,23.21941437052479
3057,9,Valid,Front,Right,Three,0.39495849609375,0.228790283203125,1,60.87126023673246,-23.635268849970696,22.11756972100651
3058,9,Valid,Front,Right,One_far,0.395416259765625,0.2491455078125,1,30.787855456046298,-22.37449902107375,15.20781099989595
3059,9,Valid,Front,Right,One_far,0.352447509765625,0.1461181640625,1,66.14340027180876,-27.238087442768364,28.49676241452135
3060,9,Valid,Rear,Right,One_far,1.519073486328125,0.3359375,2,132.26363059700256,-30.864434830993353,16.298489157663987
3061,9,Valid,Rear,Left,One_near,,0.0,0,135.27059821539837,-37.95211523821182,22.9637022466225
3062,9,Valid,Front,Right,Zero,0.373992919921875,0.06494140625,1,76.99548999141041,-33.84853614913245,41.20295067551628
3063,9,Valid,Rear,Left,One_far,1.19000244140625,0.08343505859375,1,130.33239628692857,-38.149530558796016,23.833222546291378
3064,9,Valid,Rear,Left,Zero,0.92242431640625,0.021728515625,1,135.2018386897044,-35.924778950335785,20.939996074442522
3065,9,Valid,Front,Left,Three,0.48052978515625,0.19268798828125,3,38.860460625149386,-34.915065962320284,23.03006605182154
3066,9,Valid,Front,Right,One_far,0.416259765625,0.104248046875,1,73.60484696214016,-34.341146607964255,38.64627994952761
3067,9,Invalid,Front,Left,Zero,0.456298828125,0.271240234375,3,-1.3035203072786306,-3.9980834310978604,44.0549193971836
3068,9,Invalid,Front,Right,Zero,0.4189453125,0.10546875,1,10.643571734654877,-23.01602673857636,33.202187176706424
3069,9,Valid,Front,Left,Three,0.656982421875,0.06414794921875,3,40.50704025951059,-32.087017876426806,20.042699727814288
3070,9,Valid,Rear,Left,One_far,1.2369384765625,0.41632080078125,1,128.38639646761547,-36.008278314332046,22.345351115629672
3071,9,Valid,Rear,Right,Three,1.2188720703125,0.18865966796875,3,135.55056386526832,-33.74418479211583,18.749572164723894
3072,9,Valid,Rear,Right,One_near,0.8426513671875,0.2510986328125,2,137.4127587314029,-32.20417521358209,17.26208365211997
3073,9,Valid,Rear,Right,Three,0.83538818359375,0.2554931640625,2,136.44085790611118,-31.468902628784157,16.47480225950389
3074,9,Valid,Front,Right,One_near,0.520751953125,0.126953125,1,64.13991924547425,-35.08978212821439,31.917175728733998
3075,9,Valid,Front,Left,Three,0.46246337890625,0.419189453125,1,33.380572766791396,-26.409226818492183,16.704744774214124
3076,9,Invalid,Rear,Right,Three,,0.0,0,172.19705577185502,-27.88613851842294,38.42238166052133
3077,9,Valid,Front,Right,One_near,0.4801025390625,0.08416748046875,1,62.963936610578735,-36.05319898078541,31.831468386259886
3079,9,Valid,Rear,Left,One_near,1.37969970703125,0.4185791015625,1,134.5927897884214,-34.83295488178475,19.882815191075952
3080,9,Valid,Rear,Left,Three,1.04388427734375,0.2933349609375,2,129.98906434166847,-31.81245945374409,17.85469519124845
3081,9,Invalid,Rear,Left,Zero,2.61480712890625,0.0218505859375,1,128.52209260838922,-32.902181705069395,19.401216682435887
3082,9,Valid,Rear,Right,One_near,,0.0,0,137.89064460090702,-38.155681238310805,23.232737906178812
3083,9,Valid,Rear,Left,One_near,,0.0,0,135.01675689412804,-35.83047070246408,20.853663387794942
3084,9,Invalid,Front,Right,One_far,0.40606689453125,0.38226318359375,2,48.48302864276308,-32.21626702178241,21.135133292092977
3085,9,Valid,Rear,Right,One_far,1.20062255859375,0.0,1,138.18390072799463,-36.273688466633075,21.38549142210888
3086,9,Valid,Rear,Left,Three,,0.0,0,130.46471314234304,-35.07018670350077,20.819505155260746
3087,9,Valid,Front,Left,Zero,0.465087890625,0.06304931640625,1,30.553083037453014,-27.05940738681495,18.836554284479412
3088,9,Valid,Front,Left,One_near,0.70880126953125,0.06201171875,1,29.44849895718938,-28.698606359145575,20.80994741688561
3089,9,Valid,Rear,Right,One_far,1.1019287109375,0.419189453125,1,132.7324787311173,-32.77144015698533,18.069332596859006
3090,9,Valid,Front,Right,Zero,0.38824462890625,0.27874755859375,1,47.27508339474046,-23.704098496536627,12.746827320505686
3091,9,Invalid,Rear,Right,One_near,2.24835205078125,0.49993896484375,2,137.64181709430997,-34.071965646225664,19.14250341470468
3092,9,Valid,Rear,Right,Zero,0.84228515625,0.0623779296875,2,133.25537900809454,-33.61776543796434,18.81898334906186
3093,9,Invalid,Front,Left,Three,0.50390625,0.315673828125,1,36.958624911342405,-28.017656867136147,16.69692375632182
3094,9,Valid,Rear,Left,One_far,,0.0,0,120.00625500773766,-36.15978083925417,26.524256898974272
3095,9,Invalid,Front,Left,One_near,,0.0,0,-12.348302228836934,-13.230395432857186,54.36005655802454
3096,9,Invalid,Rear,Left,One_far,2.32281494140625,0.41815185546875,1,125.02148377570084,-30.80377691498568,19.242847587242228
3097,9,Valid,Front,Left,Zero,0.72662353515625,0.37579345703125,1,31.392338907946606,-30.785719070086923,21.486706844234497
3098,9,Valid,Front,Left,Three,,0.0,0,25.24858659674269,-28.218619032984847,23.24692948622097
3099,9,Valid,Rear,Left,One_far,0.9451904296875,0.04296875,1,116.4569499593343,-37.27274813858718,29.631167957691147
3100,9,Valid,Front,Left,One_near,,0.0,0,-4.306176969141381,-11.964344657603919,46.306375671924066
3101,9,Valid,Rear,Left,Zero,0.92266845703125,0.208251953125,1,116.008862363422,-31.201664498375425,25.732071749521534
3102,9,Valid,Front,Left,Zero,,0.0,0,-10.584478353966123,-12.344716722031102,52.58504778007502
3103,9,Valid,Front,Left,Three,,0.0,0,-11.582490529435999,-12.419537955693663,53.583443299607275
3104,9,Valid,Rear,Left,Three,1.08319091796875,0.0,1,109.93843306781781,-37.02785053921124,34.12376694238842
3105,9,Valid,Rear,Right,Zero,0.8551025390625,0.126953125,2,134.50165228361516,-35.53712068277256,20.591706384317938
3106,9,Invalid,Rear,Left,One_far,,0.0,0,112.75487620711783,-36.44093319481995,31.623557617876404
3107,9,Valid,Rear,Right,Three,0.94921875,0.129150390625,1,138.984792920257,-36.12411810792843,21.333948406577864
3108,9,Invalid,Rear,Right,One_near,,0.0,0,136.97006102374294,-36.96096498886129,21.98237934418785
3109,9,Invalid,Rear,Left,Three,,0.0,0,111.65709262246686,-32.46244635359629,29.958540889759394
3110,9,Valid,Rear,Left,One_far,0.95654296875,0.0,1,113.53584146526899,-35.205662872515425,30.214354714130113
3111,9,Valid,Front,Left,Three,0.754150390625,0.06427001953125,1,31.690883365682136,-29.063624000172858,19.850501882804117
3112,9,Valid,Rear,Left,Three,1.0166015625,0.06298828125,1,112.8035029140343,-36.67473224465285,31.7469919037475
3113,9,Valid,Rear,Right,Three,0.92718505859375,0.0,2,138.1395831660781,-35.56886314703729,20.679843986019662
3114,9,Valid,Front,Right,Zero,0.42181396484375,0.0618896484375,1,63.78041628051988,-34.06094456939349,30.930076296910567
3115,9,Invalid,Front,Left,Zero,,0.0,0,33.35972766584775,-35.50348152805698,24.947489926692445
3116,9,Valid,Rear,Left,Zero,0.88018798828125,0.0,1,108.7557690744573,-36.4599774280971,34.68110076019407
3118,9,Invalid,Rear,Left,Three,2.20361328125,0.020751953125,1,108.61599050823355,-34.01871560227756,33.34059865997416
3119,9,Invalid,Rear,Left,Zero,1.937255859375,0.0206298828125,1,119.06814590069585,-33.633056769444,25.176943575689357
3120,9,Valid,Front,Left,One_far,0.421142578125,0.3173828125,1,36.25164874826993,-28.332409465687267,17.22018174047534
3121,9,Valid,Rear,Right,Zero,0.9561767578125,0.3363037109375,2,134.44202427764844,-37.214288885306345,22.268855359700954
3122,9,Invalid,Front,Right,One_near,,0.0,0,46.82844808039204,-36.875963233123656,25.242073310133158
3123,9,Valid,Front,Right,Three,0.39599609375,0.0,1,45.215026062978964,-37.05097011064494,25.157251480396884
3124,9,Valid,Rear,Right,One_near,1.105712890625,0.02099609375,1,133.95104004325063,-37.2849196406547,22.378915976758122
3125,9,Valid,Front,Left,Zero,0.3973388671875,0.9049072265625,1,43.84856677130912,-24.526252258766807,12.562999017213023
3126,9,Valid,Front,Right,One_far,,0.0,0,37.102181386334564,-32.3771571717564,20.860290749183715
3127,9,Valid,Front,Left,One_far,,0.0,0,3.1707513970901555,-13.83848813359285,38.86814747395635
3128,9,Valid,Front,Left,One_far,,0.0,0,1.6559710238886631,-13.540909183163176,40.36975220755554
3129,9,Invalid,Rear,Right,Zero,1.89111328125,0.062744140625,1,136.77792567147213,-39.71515758383099,24.727397411453023
3130,9,Valid,Front,Right,One_far,,0.0,0,53.00230496153528,-39.1873932411183,29.236579606130487
3131,9,Valid,Rear,Right,Three,0.943115234375,0.04150390625,1,134.5963469728928,-37.20670519564507,22.251022391494665
3132,9,Invalid,Rear,Right,One_far,,0.0,0,132.637436093969,-40.47823596242275,25.69917009903305
3133,9,Valid,Rear,Left,Three,0.874755859375,0.42431640625,3,128.3435131455267,-29.48668262278218,16.385535217561294
3134,9,Valid,Rear,Left,One_far,1.148193359375,0.3331298828125,2,126.47201151060086,-27.419635881178635,15.653431575063093
3135,9,Valid,Front,Left,One_near,0.438720703125,0.35498046875,1,41.58911206444614,-19.44802996118415,7.359509032948032
3136,9,Valid,Front,Right,One_near,0.4774169921875,0.0,1,51.61014532556036,-38.46225565296588,28.059283958980867
3137,9,Valid,Rear,Left,One_near,0.844970703125,0.5662841796875,1,127.35587085084974,-27.254445080538922,14.99641267033999
3138,9,Valid,Front,Left,Zero,0.4156494140625,0.2281494140625,3,44.403917197057766,-24.578055362190703,12.707505007364986
3139,9,Valid,Rear,Left,Zero,0.98095703125,0.645263671875,1,128.7635304641128,-30.927609779219278,17.49443467571631
3140,9,Valid,Rear,Right,Zero,0.8984375,0.0621337890625,1,133.73612824544347,-36.11262261127953,21.233651331021484
3141,9,Valid,Rear,Right,Zero,0.86083984375,0.06201171875,1,139.87144664766546,-40.001075582358794,25.29904898253168
3142,9,Invalid,Front,Left,Three,0.501953125,0.756103515625,2,40.15837104636853,-23.42791456290975,11.4766391224712
3143,9,Valid,Rear,Right,Three,1.183349609375,0.0,1,135.99360559839872,-39.38749061000646,24.3874914483127
3144,9,Valid,Rear,Right,One_far,0.9000244140625,0.0413818359375,1,140.28005502008597,-39.848182725374755,25.214104301532814
3146,9,Invalid,Front,Left,One_far,0.775390625,0.3162841796875,2,44.54678442609842,-30.341390805278383,18.41831831150478
3147,9,Valid,Rear,Right,Zero,0.8570556640625,0.0621337890625,1,136.03842367583906,-38.51504811357742,23.51507950577089
3148,9,Valid,Front,Right,One_near,0.48486328125,0.062255859375,1,51.50761386953943,-36.38569932575399,26.08045078661767
3149,9,Valid,Rear,Left,One_near,0.8428955078125,0.48291015625,1,128.70059119479475,-28.872889662775762,15.676046583914532
3150,9,Valid,Front,Left,One_far,0.4619140625,0.0830078125,1,50.42719705793813,-31.7549539558743,21.385389060310775
3151,9,Valid,Rear,Right,One_far,0.923095703125,0.020751953125,1,138.8463587867451,-39.17077235975318,24.33778943967363
3152,9,Invalid,Front,Left,One_near,0.4569091796875,0.149658203125,2,41.07616812293154,-25.176230286646952,13.108823892573692
3153,9,Invalid,Front,Right,One_near,,0.0,0,50.65766843529034,-31.327345885767585,21.086632081638033
3154,9,Valid,Front,Left,One_far,0.398681640625,0.30126953125,2,43.01178550119531,-27.79827920823784,15.730851216645002
3155,9,Valid,Rear,Left,Zero,0.86083984375,0.4046630859375,1,127.16819091022997,-27.423556527154552,15.242887147176189
3156,9,Valid,Rear,Right,Zero,0.8577880859375,0.04443359375,1,135.16553110494763,-38.7212672448743,23.735940218149274
3157,9,Valid,Rear,Left,Three,0.8436279296875,0.613525390625,2,124.40919256554092,-29.93271789262437,18.90325053114982
3158,9,Invalid,Front,Left,One_far,0.459228515625,0.0872802734375,2,51.737891578922934,-27.238068078882378,17.999656595716925
3159,9,Invalid,Rear,Right,Zero,1.8253173828125,0.0411376953125,1,140.9336202436314,-35.6458392605797,21.227135640073147
3160,9,Valid,Front,Right,Three,,0.0,0,54.52027128381397,-36.6199716462699,27.531549221832332
3161,9,Valid,Front,Left,One_far,0.5648193359375,0.1878662109375,1,44.30270774870091,-24.5124566220777,12.62424422969105
3162,9,Valid,Front,Left,Three,0.45556640625,0.255615234375,1,41.76452205159559,-23.533983824484288,11.436408350647204
3163,9,Valid,Front,Left,One_near,0.4166259765625,0.063232421875,2,33.984253575086434,-26.198403713961188,16.21780435294338
3164,9,Invalid,Front,Right,Zero,0.4420166015625,0.253173828125,1,42.15658783497885,-24.086836098888565,11.987858833489883
3165,9,Valid,Rear,Right,One_near,0.84423828125,0.1671142578125,2,126.75921599655638,-34.338920193218954,21.433290070308647
3166,9,Valid,Front,Right,Three,0.5211181640625,0.167724609375,1,40.35279654767101,-27.376129752145953,15.36468090842642
3167,9,Valid,Rear,Left,One_far,1.00048828125,0.2723388671875,2,125.79633951309732,-32.19832618475767,19.997427606802336
3168,9,Valid,Rear,Right,One_far,0.901611328125,0.1048583984375,1,125.56759915854396,-32.173286254109726,20.093699213494933
3169,9,Valid,Front,Right,One_far,0.4390869140625,0.1873779296875,1,44.489913566850234,-22.97046008004653,11.151976144265644
3170,9,Valid,Front,Right,One_near,0.4017333984375,0.186767578125,1,35.719307245126586,-21.018656158821663,10.90823217393208
3171,9,Valid,Front,Right,One_far,0.4012451171875,0.1246337890625,1,43.34715819122298,-25.868911553084104,13.834657948385717
3172,9,Valid,Rear,Left,One_near,0.9896240234375,0.275634765625,1,117.67941375474774,-27.147871439772743,21.98214413761707
3173,9,Valid,Rear,Left,Three,,0.0,0,114.10290910536024,-25.14125690684147,24.131466621377893
3174,9,Valid,Rear,Left,One_near,1.13037109375,0.0,1,113.90673783306964,-27.961217512615622,25.614554311680894
3175,9,Valid,Front,Right,Three,0.44580078125,0.3968505859375,1,46.34716786178226,-23.93988829041327,12.612724652032082
3176,9,Valid,Front,Right,Three,0.3973388671875,0.2293701171875,1,46.243501894399415,-25.723886074216935,14.26946320262306
3177,9,Valid,Front,Right,Zero,0.466552734375,0.041259765625,1,23.808330294799276,-15.497467722311601,18.506205272482713
3178,9,Invalid,Front,Right,One_far,,0.0,0,7.498980624819722,-7.423877765466769,34.81646818789724
3179,9,Invalid,Rear,Left,One_near,2.1141357421875,0.0,1,76.35951557819573,-16.32121978312908,59.65511716343209
3180,9,Valid,Front,Right,Three,,0.0,0,22.25102985280099,-18.627918334511296,20.79989277994015
3181,9,Invalid,Front,Right,Three,0.6314697265625,0.1676025390625,1,30.94477456672083,-22.49292684542424,15.173362771480896
3182,9,Valid,Front,Left,One_near,,0.0,0,-3.093070988158083,-7.833088399602731,45.294498404868875
3183,9,Valid,Front,Left,Zero,,0.0,0,10.688359622275495,-14.272574952888556,31.38692251670855
3184,9,Valid,Rear,Right,Zero,1.07080078125,0.3551025390625,1,129.61129917083727,-31.576858222669987,17.76535186308017
3185,9,Valid,Front,Right,Zero,,0.0,0,6.671946365728688,-7.191263777134255,35.66745105683366
3186,9,Valid,Front,Left,Zero,,0.0,0,-4.8180331762606325,-7.803549479673287,47.01476063500756
3187,9,Valid,Front,Left,One_near,,0.0,0,-8.664152036186517,-9.353858874834224,50.73852178202622
3188,9,Valid,Rear,Right,One_near,1.001220703125,0.3756103515625,1,132.81632828052602,-31.797747501673996,17.096785860136794
3189,9,Valid,Front,Left,One_near,1.16162109375,0.0,1,23.478398423448933,-17.9449132002637,19.421965278496298
3190,9,Invalid,Rear,Right,Three,,0.0,0,127.52206018735195,-34.85606741311795,21.59024957199817
3191,9,Valid,Rear,Right,One_far,1.092041015625,0.1888427734375,1,133.75829139934595,-31.452772874330307,16.604788246302494
3192,9,Valid,Front,Right,One_near,0.3760986328125,0.2279052734375,1,38.49362763524649,-21.69022711041692,10.211126440784229
3193,9,Valid,Rear,Right,One_far,1.0911865234375,0.0,1,129.16998385129025,-36.26451554234989,22.334474290712016
3194,9,Valid,Front,Right,Three,0.3739013671875,0.166259765625,1,30.21213794372755,-22.322154704393267,15.602760610169508
3195,9,Valid,Rear,Left,Three,1.212158203125,0.231201171875,1,122.44700545108479,-30.532185022703636,20.61388931818604
3196,9,Valid,Rear,Left,One_near,1.1046142578125,0.107177734375,1,120.18188545046624,-30.227090534694483,21.956252732512304
3197,9,Invalid,Rear,Left,One_near,,0.0,0,114.74064229782681,-34.46732752711149,28.82598013870098
3198,9,Valid,Rear,Right,Three,0.88037109375,0.227783203125,2,134.59054244562589,-32.417293061813375,17.47422868680259
3199,9,Valid,Rear,Right,One_near,0.937744140625,0.043212890625,1,134.36899256802812,-35.23123963789149,20.296877654677317
3200,9,Valid,Front,Right,One_near,0.3948974609375,0.4793701171875,1,47.532141039282806,-25.99375676271375,14.954633444520503
